vite.svg:1  GET https://quicr.github.io/vite.svg 404 (Not Found)
index.ts:61 [moqt:client:store] Using main thread mode undefined
logger.js:357 07:37:32.386 [DEBUG] [moqt:transport] MOQTransport created {maxDatagramSize: 1200, congestionControl: true, serverCertificateHashes: Array(0), connectionTimeout: 10000}
logger.js:357 07:37:32.386 [INFO] [moqt:transport] Transport state changed {from: 'disconnected', to: 'connecting'}
logger.js:357 07:37:32.386 [INFO] [moqt:transport] Connecting to relay {url: 'https://eng-3.us-west-2.m10x.org:33660'}
logger.js:357 07:37:32.386 [INFO] [moqt:transport] Using ALPN protocol {protocol: 'moqt-16'}
logger.js:357 07:37:32.387 [DEBUG] [moqt:transport] WebTransport options {hasHashes: false, hashCount: 0}
logger.js:360 07:37:32.505 [DEBUG] [moqt:transport] WebTransport connected
logger.js:360 07:37:32.506 [DEBUG] [moqt:transport] Control stream established
logger.js:360 07:37:32.506 [DEBUG] [moqt:transport] Starting stream listener
logger.js:360 07:37:32.506 [DEBUG] [moqt:transport] Starting datagram listener
logger.js:357 07:37:32.506 [INFO] [moqt:transport] Transport state changed {from: 'connecting', to: 'connected'}
logger.js:357 07:37:32.506 [INFO] [moqt:transport] Connected to relay {url: 'https://eng-3.us-west-2.m10x.org:33660'}
index.ts:61 [moqt:client:store] Connected to relay {url: 'https://eng-3.us-west-2.m10x.org:33660'}
logger.js:357 07:37:32.514 [DEBUG] [moqt:session] MOQTSession created {isDraft16: true, useWorker: false}
logger.js:357 07:37:32.514 [DEBUG] [moqt:media:session] MediaSession created {useTransportWorker: false, hasEncodeWorker: false, hasDecodeWorker: false}
index.ts:61 [moqt:client:store] MediaSession created {useWorkers: false}
logger.js:357 07:37:32.514 [INFO] [moqt:session] Setting up MOQT session {useWorker: false}
logger.js:357 07:37:32.515 [INFO] [moqt:session] Session state changed {from: 'none', to: 'setup'}
logger.js:360 07:37:32.515 [INFO] [moqt:session] Unidirectional stream handler registered
logger.js:357 07:37:32.515 [DEBUG] [moqt:core:codec] Encoding message {type: 'CLIENT_SETUP'}
logger.js:357 07:37:32.515 [INFO] [moqt:session] CLIENT_SETUP bytes {length: 7, hex: '20 00 04 01 02 43 e8', isDraft16: true, alpnProtocol: 'moqt-16'}
logger.js:360 07:37:32.516 [INFO] [moqt:session] Sent CLIENT_SETUP
logger.js:357 07:37:32.560 [DEBUG] [moqt:session] Control message received {newDataSize: 7, existingBufferSize: 0}
logger.js:357 07:37:32.560 [INFO] [moqt:session] Received control message {type: 'SERVER_SETUP', typeNum: 33, bytesRead: 7, remainingBuffer: 0}
logger.js:357 07:37:32.560 [DEBUG] [moqt:session] Received SERVER_SETUP {version: 4278190096}
logger.js:357 07:37:32.560 [INFO] [moqt:session] Session state changed {from: 'setup', to: 'ready'}
logger.js:360 07:37:32.561 [INFO] [moqt:session] MOQT session ready
index.ts:61 [moqt:client:store] MOQT session established undefined
logger.js:357 07:37:37.503 [INFO] [moqt:session] Subscribing to namespace {namespacePrefix: 'conference/room-1', requestId: 0}
logger.js:357 07:37:37.504 [DEBUG] [moqt:core:codec] Encoding message {type: 'SUBSCRIBE_NAMESPACE'}
logger.js:357 07:37:37.507 [INFO] [moqt:session] Sent SUBSCRIBE_NAMESPACE on bidi stream {namespacePrefix: 'conference/room-1', requestId: 0}
logger.js:357 07:37:37.507 [INFO] [moqt:media:session] Stored namespace config for auto-pipeline creation {subscriptionId: 0, namespacePrefix: 'conference/room-1'}
logger.js:357 07:37:37.551 [DEBUG] [moqt:session] Control message received {newDataSize: 5, existingBufferSize: 0}
logger.js:357 07:37:37.551 [INFO] [moqt:session] Received control message {type: 'PUBLISH_NAMESPACE_OK', typeNum: 7, bytesRead: 5, remainingBuffer: 0}
logger.js:357 07:37:37.551 [INFO] [moqt:session] Received PUBLISH_NAMESPACE_OK (draft-16) {requestId: 0, expires: 0, namespace: ''}
logger.js:357 07:37:37.552 [WARN] [moqt:session] PUBLISH_NAMESPACE_OK for unknown namespace {namespace: ''}
consoleOutput @ logger.js:357
log @ logger.js:326
warn @ logger.js:287
routeMessage @ session.js:1990
handleControlMessage @ session.js:1834
(anonymous) @ session.js:247
emit @ transport.js:497
startControlListener @ transport.js:283
await in startControlListener
connect @ transport.js:188
await in connect
connect @ index.ts:486
O @ ConnectionPanel.tsx:22
fh @ react-dom.production.min.js:54
mh @ react-dom.production.min.js:54
gh @ react-dom.production.min.js:55
bc @ react-dom.production.min.js:105
xc @ react-dom.production.min.js:106
(anonymous) @ react-dom.production.min.js:117
Go @ react-dom.production.min.js:273
Nl @ react-dom.production.min.js:52
Va @ react-dom.production.min.js:109
wa @ react-dom.production.min.js:74
_h @ react-dom.production.min.js:73
logger.js:357 07:37:45.543 [DEBUG] [moqt:session] Control message received {newDataSize: 42, existingBufferSize: 0}
logger.js:357 07:37:45.544 [INFO] [moqt:session] Received control message {type: 'PUBLISH', typeNum: 29, bytesRead: 42, remainingBuffer: 0}
logger.js:357 07:37:45.544 [INFO] [moqt:session] Received PUBLISH (subscribe namespace flow) {requestId: 1, namespace: 'conference/room-1/media', trackName: 'video', trackAlias: '0', groupOrder: 1}
logger.js:357 07:37:45.544 [DEBUG] [moqt:core:codec] Encoding message {type: 'PUBLISH_OK'}
logger.js:357 07:37:45.544 [INFO] [moqt:session] Sent PUBLISH_OK {requestId: 1}
logger.js:357 07:37:45.544 [DEBUG] [moqt:session:subscription-manager] Added subscription {subscriptionId: 2, trackName: 'conference/room-1/media/video'}
logger.js:360 07:37:45.544 [DEBUG] [moqt:media:loc] LOCUnpackager created
logger.js:357 07:37:45.544 [INFO] [moqt:media:subscribe-pipeline] SubscribePipeline created {channelId: 1, mediaType: 'video', hasDecodeWorker: false, videoConfig: {…}, enableStats: false}
logger.js:357 07:37:45.544 [INFO] [moqt:media:session] Created decode pipeline for discovered track {namespaceSubscriptionId: 0, trackName: 'video', mediaType: 'video', useGroupArbiter: true}
logger.js:357 07:37:45.544 [INFO] [moqt:media:session] Setting up pipeline for subscription {subscriptionId: 2, trackAlias: '0', trackName: 'video'}
logger.js:357 07:37:45.544 [INFO] [moqt:media:subscribe-pipeline] Starting subscribe pipeline {mediaType: 'video', hasVideoConfig: true, hasAudioConfig: false, useWorker: false}
logger.js:357 07:37:45.544 [INFO] [moqt:media:subscribe-pipeline] Starting main thread mode {useGroupArbiter: true, jitterDelay: 100}
logger.js:357 07:37:45.544 [INFO] [moqt:media:video-decoder] H264Decoder created {instanceId: 1}
logger.js:357 07:37:45.545 [INFO] [moqt:media:subscribe-pipeline] Registering frame handler on video decoder {decoderInstanceId: 1}
logger.js:357 07:37:45.545 [DEBUG] [moqt:media:video-decoder] Handler registered for event {instanceId: 1, event: 'frame', totalHandlers: 1}
logger.js:357 07:37:45.545 [DEBUG] [moqt:media:subscribe-pipeline] Frame handler registered {decoderInstanceId: 1, unsubscribe: 'function'}
logger.js:357 07:37:45.545 [DEBUG] [moqt:media:video-decoder] Handler registered for event {instanceId: 1, event: 'error', totalHandlers: 1}
logger.js:357 07:37:45.545 [INFO] [moqt:media:video-decoder] Starting H264 decoder {codec: 'avc1.42E028', resolution: '1920x1080'}
index.ts:61 [moqt:client:store] Incoming publish (subscribe namespace flow) {namespaceSubscriptionId: 0, namespace: 'conference/room-1/media', trackName: 'video', trackAlias: '0'}
index.ts:61 [moqt:client:store] Added discovered track {panelId: 'ns-1775633856653', trackName: 'video', trackType: 'video', trackAlias: '0'}
logger.js:357 07:37:45.545 [INFO] [moqt:session] Accepted PUBLISH, ready to receive objects {requestId: 1, trackAlias: '0', fullTrackName: 'conference/room-1/media/video', subscriptionId: 2}
logger.js:360 07:37:45.546 [INFO] [moqt:media:video-decoder] H264 decoder started
logger.js:357 07:37:45.546 [INFO] [moqt:media:subscribe-pipeline] Using GroupArbiter for video {skipToLatestGroup: undefined, skipGraceFrames: undefined, enableCatchUp: undefined, catchUpThreshold: undefined, useLatencyDeadline: undefined}
logger.js:360 07:37:45.546 [INFO] [moqt:media:subscribe-pipeline] Pipeline STARTED at 14812 (ch=1)
logger.js:357 07:37:45.546 [DEBUG] [moqt:session] Updated subscription callback {subscriptionId: 2}
logger.js:357 07:37:45.546 [INFO] [moqt:media:session] Pipeline attached to discovered track {subscriptionId: 2, trackName: 'video', mediaType: 'video', encrypted: false}
logger.js:360 07:37:46.248 [INFO] [moqt:session] Received unidirectional-stream event from transport
logger.js:360 07:37:46.248 [INFO] [moqt:session:object-router] Received incoming stream
logger.js:357 07:37:46.248 [INFO] [moqt:session:object-router] Stream read chunk {readNumber: 1, chunkSize: 1177, totalBytesReceived: 1177, done: false, firstBytes: '18 00 c0 00 00 00 6c 06 9b 26 80 00 58 24 41 00'}
logger.js:357 07:37:46.248 [INFO] [moqt:session:object-router] Incoming stream first bytes (draft-16) {viewLength: 1177, preview: '18 00 c0 00 00 00 6c 06 9b 26 80 00 58 24 41 00 01 04 81 19'}
logger.js:357 07:37:46.248 [INFO] [moqt:session:object-router] Decoded subgroup header (draft-16) {trackAlias: 0n, groupId: 1812372262, subgroupId: 0, endOfGroup: true, hasExtensions: false}
logger.js:357 07:37:46.250 [INFO] [moqt:session:object-router] Stream read chunk {readNumber: 2, chunkSize: 4882, totalBytesReceived: 6059, done: false, firstBytes: '5d 75 d7 5d 75 d7 5d 75 d7 5d 75 d7 5d 75 d7 5d'}
logger.js:357 07:37:46.251 [INFO] [moqt:session:object-router] Stream read chunk {readNumber: 3, chunkSize: 7320, totalBytesReceived: 13379, done: false, firstBytes: '75 d7 5d 75 d7 5d 75 d7 5d 75 d7 5d 75 d7 5d 75'}
logger.js:357 07:37:46.251 [DEBUG] [moqt:session:object-router] Looking up subscription by trackAlias {lookupAlias: '0', found: true, knownAliases: Array(1)}
logger.js:357 07:37:46.251 [INFO] [moqt:session:object-router] Delivering object {subscriptionId: 2, groupId: 1812372262, objectId: 0, dataSize: 6180}
logger.js:360 07:37:46.251 [INFO] [moqt:media:subscribe-pipeline] FIRST OBJECT received: g1812372262/o0 after 705ms (ch=1)
logger.js:357 07:37:46.252 [DEBUG] [moqt:session:object-router] Looking up subscription by trackAlias {lookupAlias: '0', found: true, knownAliases: Array(1)}
logger.js:357 07:37:46.252 [INFO] [moqt:session:object-router] Delivering object {subscriptionId: 2, groupId: 1812372262, objectId: 1, dataSize: 268}
logger.js:357 07:37:46.252 [DEBUG] [moqt:session:object-router] Looking up subscription by trackAlias {lookupAlias: '0', found: true, knownAliases: Array(1)}
logger.js:357 07:37:46.252 [INFO] [moqt:session:object-router] Delivering object {subscriptionId: 2, groupId: 1812372262, objectId: 2, dataSize: 6911}
logger.js:357 07:37:46.277 [INFO] [moqt:session:object-router] Stream read chunk {readNumber: 4, chunkSize: 4878, totalBytesReceived: 18257, done: false, firstBytes: '00 61 1b 01 03 01 04 81 1a 0d 14 61 11 00 00 00'}
logger.js:357 07:37:46.279 [INFO] [moqt:session:object-router] Stream read chunk {readNumber: 5, chunkSize: 2436, totalBytesReceived: 20693, done: false, firstBytes: 'cf e7 f3 f9 fc fb c4 79 fc fe 7f 3f 9f cf bc 47'}
logger.js:357 07:37:46.283 [INFO] [moqt:session:object-router] Stream read chunk {readNumber: 6, chunkSize: 1164, totalBytesReceived: 21857, done: false, firstBytes: 'e2 3c fe 7f 3f 9f cf e7 f3 f9 fc 4f 39 df 3f 9f'}
logger.js:357 07:37:46.283 [DEBUG] [moqt:session:object-router] Looking up subscription by trackAlias {lookupAlias: '0', found: true, knownAliases: Array(1)}
logger.js:357 07:37:46.283 [INFO] [moqt:session:object-router] Delivering object {subscriptionId: 2, groupId: 1812372262, objectId: 3, dataSize: 8475}
logger.js:357 07:37:46.314 [INFO] [moqt:session:object-router] Stream read chunk {readNumber: 7, chunkSize: 1171, totalBytesReceived: 23028, done: false, firstBytes: '00 5e 09 01 04 01 04 81 1a ba 84 5d ff 00 00 00'}
logger.js:357 07:37:46.317 [INFO] [moqt:session:object-router] Stream read chunk {readNumber: 8, chunkSize: 3659, totalBytesReceived: 26687, done: false, firstBytes: 'fc fe 7f 3f 9f cf e7 f3 f9 f7 9f cf e7 f3 ef 3f'}
logger.js:357 07:37:46.319 [INFO] [moqt:session:object-router] Stream read chunk {readNumber: 9, chunkSize: 2862, totalBytesReceived: 29549, done: false, firstBytes: 'fe 7e cf e7 f3 f9 fc fd fc fe 77 c4 78 9f 11 e2'}
logger.js:357 07:37:46.319 [DEBUG] [moqt:session:object-router] Looking up subscription by trackAlias {lookupAlias: '0', found: true, knownAliases: Array(1)}
logger.js:357 07:37:46.319 [INFO] [moqt:session:object-router] Delivering object {subscriptionId: 2, groupId: 1812372262, objectId: 4, dataSize: 7689}
logger.js:357 07:37:46.348 [INFO] [moqt:session:object-router] Stream read chunk {readNumber: 10, chunkSize: 1218, totalBytesReceived: 30767, done: false, firstBytes: '00 54 6d 01 05 01 04 81 1b 3d 60 54 63 00 00 00'}
logger.js:357 07:37:46.349 [INFO] [moqt:session:object-router] Stream read chunk {readNumber: 11, chunkSize: 2352, totalBytesReceived: 33119, done: false, firstBytes: '3f 9f ce f4 7f 3f 9f ce f9 fc eb 9d 73 ae 75 a3'}
logger.js:357 07:37:46.352 [INFO] [moqt:session:object-router] Stream read chunk {readNumber: 12, chunkSize: 1662, totalBytesReceived: 34781, done: false, firstBytes: '83 b9 fc fe 23 9c 47 28 87 87 bf d5 48 77 cf e7'}
logger.js:357 07:37:46.352 [DEBUG] [moqt:session:object-router] Looking up subscription by trackAlias {lookupAlias: '0', found: true, knownAliases: Array(1)}
logger.js:357 07:37:46.352 [INFO] [moqt:session:object-router] Delivering object {subscriptionId: 2, groupId: 1812372262, objectId: 5, dataSize: 5229}
logger.js:357 07:37:46.364 [DEBUG] [moqt:media:video-decoder] New group started {groupId: 1812372262, previousGroupId: 1812372262}
logger.js:357 07:37:46.364 [DEBUG] [moqt:media:video-decoder] Received keyframe {keyframeCount: 1, groupId: 1812372262}
logger.js:357 07:37:46.364 [DEBUG] [moqt:media:subscribe-pipeline] Video arbiter stats {activeGroup: 1812372262, groupCount: 1, framesOutput: 3, groupsCompleted: 0, groupsSkipped: 0}
logger.js:357 07:37:46.366 [INFO] [moqt:session:object-router] Stream read chunk {readNumber: 13, chunkSize: 2436, totalBytesReceived: 37217, done: false, firstBytes: '00 64 1d 01 06 01 04 81 1b 7f 00 64 13 00 00 00'}
logger.js:357 07:37:46.373 [INFO] [moqt:session:object-router] Stream read chunk {readNumber: 14, chunkSize: 6812, totalBytesReceived: 44029, done: false, firstBytes: 'f9 fc fe 7d e7 f3 f9 f7 9f cf e7 de 23 ce f9 fc'}
logger.js:357 07:37:46.373 [DEBUG] [moqt:session:object-router] Looking up subscription by trackAlias {lookupAlias: '0', found: true, knownAliases: Array(1)}
logger.js:357 07:37:46.373 [INFO] [moqt:session:object-router] Delivering object {subscriptionId: 2, groupId: 1812372262, objectId: 6, dataSize: 9245}
logger.js:357 07:37:46.405 [INFO] [moqt:session:object-router] Stream read chunk {readNumber: 15, chunkSize: 8526, totalBytesReceived: 52555, done: false, firstBytes: '00 63 80 01 07 01 04 81 1c 07 b8 63 76 00 00 00'}
logger.js:357 07:37:46.407 [INFO] [moqt:session:object-router] Stream read chunk {readNumber: 16, chunkSize: 565, totalBytesReceived: 53120, done: false, firstBytes: '9f cf bc fe 7f 3f 9f cf e7 7c fe 7d 62 3c fe 7f'}
logger.js:357 07:37:46.407 [DEBUG] [moqt:session:object-router] Looking up subscription by trackAlias {lookupAlias: '0', found: true, knownAliases: Array(1)}
logger.js:357 07:37:46.407 [INFO] [moqt:session:object-router] Delivering object {subscriptionId: 2, groupId: 1812372262, objectId: 7, dataSize: 9088}
logger.js:357 07:37:46.430 [INFO] [moqt:session:object-router] Stream read chunk {readNumber: 17, chunkSize: 1176, totalBytesReceived: 54296, done: false, firstBytes: '00 6b 6c 01 08 01 04 81 1c 81 98 6b 62 00 00 00'}
logger.js:357 07:37:46.433 [INFO] [moqt:session:object-router] Stream read chunk {readNumber: 18, chunkSize: 3696, totalBytesReceived: 57992, done: false, firstBytes: 'e7 f3 f9 fc fb cf e7 f3 f9 fc ea f1 0f 9f 79 fc'}
logger.js:357 07:37:46.437 [INFO] [moqt:session:object-router] Stream read chunk {readNumber: 19, chunkSize: 6247, totalBytesReceived: 64239, done: false, firstBytes: '24 aa f1 0a 94 4e 0f f2 23 c5 3a cf e7 f3 f9 df'}
logger.js:357 07:37:46.437 [DEBUG] [moqt:session:object-router] Looking up subscription by trackAlias {lookupAlias: '0', found: true, knownAliases: Array(1)}
logger.js:357 07:37:46.437 [INFO] [moqt:session:object-router] Delivering object {subscriptionId: 2, groupId: 1812372262, objectId: 8, dataSize: 11116}
logger.js:357 07:37:46.464 [INFO] [moqt:session:object-router] Stream read chunk {readNumber: 20, chunkSize: 1218, totalBytesReceived: 65457, done: false, firstBytes: '00 6f e9 01 09 01 04 81 1d 03 48 6f df 00 00 00'}
logger.js:357 07:37:46.465 [INFO] [moqt:session:object-router] Stream read chunk {readNumber: 21, chunkSize: 2515, totalBytesReceived: 67972, done: false, firstBytes: 'fe 7f 3f 9f cf e7 f3 f9 f7 9f cf e7 f3 f9 fc fb'}
logger.js:357 07:37:46.466 [INFO] [moqt:session:object-router] Stream read chunk {readNumber: 22, chunkSize: 1176, totalBytesReceived: 69148, done: false, firstBytes: '3f 9f cf bc 47 88 f3 f9 fc fe 7f 3e f3 f9 fc fb'}
logger.js:357 07:37:46.468 [INFO] [moqt:session:object-router] Stream read chunk {readNumber: 23, chunkSize: 4914, totalBytesReceived: 74062, done: false, firstBytes: '79 fc fe 7d e2 3c 43 e2 f7 ac eb 9c 9c fe 7f 3f'}
logger.js:357 07:37:46.472 [INFO] [moqt:session:object-router] Stream read chunk {readNumber: 24, chunkSize: 2445, totalBytesReceived: 76507, done: false, firstBytes: '7f 11 e7 f1 1e 7f 3f 9f cf e7 c2 e1 f4 31 94 97'}
logger.js:357 07:37:46.472 [DEBUG] [moqt:session:object-router] Looking up subscription by trackAlias {lookupAlias: '0', found: true, knownAliases: Array(1)}
logger.js:357 07:37:46.472 [INFO] [moqt:session:object-router] Delivering object {subscriptionId: 2, groupId: 1812372262, objectId: 9, dataSize: 12265}
logger.js:357 07:37:46.498 [INFO] [moqt:session:object-router] Stream read chunk {readNumber: 25, chunkSize: 1218, totalBytesReceived: 77725, done: false, firstBytes: '00 6e bb 01 0a 01 04 81 1d 8a d4 6e b1 00 00 00'}
logger.js:357 07:37:46.498 [INFO] [moqt:session:object-router] Stream read chunk {readNumber: 26, chunkSize: 2436, totalBytesReceived: 80161, done: false, firstBytes: '11 e7 f3 f9 f7 9f cf e7 de 7f 3f 9f cf bc fe 7d'}
logger.js:357 07:37:46.500 [INFO] [moqt:session:object-router] Stream read chunk {readNumber: 27, chunkSize: 1176, totalBytesReceived: 81337, done: false, firstBytes: '7f 3f 9f cf e7 f3 be 7f 3f 9d f3 f9 f7 88 f3 f9'}
logger.js:357 07:37:46.501 [INFO] [moqt:session:object-router] Stream read chunk {readNumber: 28, chunkSize: 2436, totalBytesReceived: 83773, done: false, firstBytes: 'bc fe 7d e2 1f 3f 9f 79 fc fb cf e7 de 7f 3e f3'}
logger.js:357 07:37:46.503 [INFO] [moqt:session:object-router] Stream read chunk {readNumber: 29, chunkSize: 2478, totalBytesReceived: 86251, done: false, firstBytes: '21 7c 0c b4 28 92 e2 c3 f1 7f 3f 8a f3 f9 fc 47'}
logger.js:357 07:37:46.505 [INFO] [moqt:session:object-router] Stream read chunk {readNumber: 30, chunkSize: 2222, totalBytesReceived: 88473, done: false, firstBytes: '7d 84 fd bd 3c 53 85 ec bc 9e f8 34 14 10 f5 af'}
logger.js:357 07:37:46.505 [DEBUG] [moqt:session:object-router] Looking up subscription by trackAlias {lookupAlias: '0', found: true, knownAliases: Array(1)}
logger.js:357 07:37:46.505 [INFO] [moqt:session:object-router] Delivering object {subscriptionId: 2, groupId: 1812372262, objectId: 10, dataSize: 11963}
logger.js:357 07:37:46.530 [INFO] [moqt:session:object-router] Stream read chunk {readNumber: 31, chunkSize: 1218, totalBytesReceived: 89691, done: false, firstBytes: '00 6f 04 01 0b 01 04 81 1e 09 00 6e fa 00 00 00'}
logger.js:357 07:37:46.532 [INFO] [moqt:session:object-router] Stream read chunk {readNumber: 32, chunkSize: 2436, totalBytesReceived: 92127, done: false, firstBytes: '9f cf e7 f3 f9 fc fe 7d e7 f3 ef 3f 9f 79 fc fe'}
logger.js:357 07:37:46.535 [INFO] [moqt:session:object-router] Stream read chunk {readNumber: 33, chunkSize: 4872, totalBytesReceived: 96999, done: false, firstBytes: 'fb cf e7 de 7f 3f 9f cf e7 f3 f9 f7 9f cf e7 7c'}
logger.js:357 07:37:46.535 [INFO] [moqt:session:object-router] Stream read chunk {readNumber: 34, chunkSize: 1176, totalBytesReceived: 98175, done: false, firstBytes: 'c4 be 7f 11 e7 f3 f9 fc fe 7f 3f 9f ce f9 fc fe'}
logger.js:357 07:37:46.536 [INFO] [moqt:session:object-router] Stream read chunk {readNumber: 35, chunkSize: 1260, totalBytesReceived: 99435, done: false, firstBytes: 'fa 58 8f 0c 29 88 3e 7d 12 ef ff d9 87 db fa 41'}
logger.js:357 07:37:46.536 [INFO] [moqt:session:object-router] Stream read chunk {readNumber: 36, chunkSize: 1077, totalBytesReceived: 100512, done: false, firstBytes: 'aa aa aa ad 6a be 8e 22 aa aa a9 6f 10 6a d7 3b'}
logger.js:357 07:37:46.536 [DEBUG] [moqt:session:object-router] Looking up subscription by trackAlias {lookupAlias: '0', found: true, knownAliases: Array(1)}
logger.js:357 07:37:46.536 [INFO] [moqt:session:object-router] Delivering object {subscriptionId: 2, groupId: 1812372262, objectId: 11, dataSize: 12036}
logger.js:357 07:37:46.568 [INFO] [moqt:session:object-router] Stream read chunk {readNumber: 37, chunkSize: 7308, totalBytesReceived: 107820, done: false, firstBytes: '00 6c 37 01 0c 01 04 81 1e 8b 78 6c 2d 00 00 00'}
logger.js:357 07:37:46.570 [INFO] [moqt:session:object-router] Stream read chunk {readNumber: 38, chunkSize: 3654, totalBytesReceived: 111474, done: false, firstBytes: '3c 4f 89 f1 5e 27 ce f4 29 5b 88 55 89 54 a2 17'}
logger.js:357 07:37:46.571 [INFO] [moqt:session:object-router] Stream read chunk {readNumber: 39, chunkSize: 360, totalBytesReceived: 111834, done: false, firstBytes: '9f cf e7 f3 f9 fe 9e 21 54 e7 f3 f9 dc ea 62 1f'}
logger.js:357 07:37:46.571 [DEBUG] [moqt:session:object-router] Looking up subscription by trackAlias {lookupAlias: '0', found: true, knownAliases: Array(1)}
logger.js:357 07:37:46.571 [INFO] [moqt:session:object-router] Delivering object {subscriptionId: 2, groupId: 1812372262, objectId: 12, dataSize: 11319}
logger.js:357 07:37:46.599 [INFO] [moqt:session:object-router] Stream read chunk {readNumber: 40, chunkSize: 2436, totalBytesReceived: 114270, done: false, firstBytes: '00 6c 8e 01 0d 01 04 81 1f 10 48 6c 84 00 00 00'}
logger.js:357 07:37:46.601 [INFO] [moqt:session:object-router] Stream read chunk {readNumber: 41, chunkSize: 1218, totalBytesReceived: 115488, done: false, firstBytes: 'f9 fc fe 7f 3f 9f cf e7 f3 ef 3f 9f cf e7 77 9f'}
logger.js:357 07:37:46.607 [INFO] [moqt:session:object-router] Stream read chunk {readNumber: 42, chunkSize: 6006, totalBytesReceived: 121494, done: false, firstBytes: 'cf e7 f3 ef 3f 9f cf bc fe 7f 3b bc fe 7f 3e f3'}
logger.js:357 07:37:46.608 [INFO] [moqt:session:object-router] Stream read chunk {readNumber: 43, chunkSize: 1749, totalBytesReceived: 123243, done: false, firstBytes: '8e 2b cf e7 7c ff 34 55 7a d5 67 7c ff c4 55 75'}
logger.js:357 07:37:46.608 [DEBUG] [moqt:session:object-router] Looking up subscription by trackAlias {lookupAlias: '0', found: true, knownAliases: Array(1)}
logger.js:357 07:37:46.608 [INFO] [moqt:session:object-router] Delivering object {subscriptionId: 2, groupId: 1812372262, objectId: 13, dataSize: 11406}
logger.js:357 07:37:46.630 [INFO] [moqt:session:object-router] Stream read chunk {readNumber: 44, chunkSize: 1218, totalBytesReceived: 124461, done: false, firstBytes: '00 67 4a 01 0e 01 04 81 1f 90 04 67 40 00 00 00'}
logger.js:357 07:37:46.632 [INFO] [moqt:session:object-router] Stream read chunk {readNumber: 45, chunkSize: 2436, totalBytesReceived: 126897, done: false, firstBytes: '87 c4 79 c9 cf e7 de 23 cf e7 f3 93 9f ce 4e 77'}
logger.js:357 07:37:46.634 [INFO] [moqt:session:object-router] Stream read chunk {readNumber: 46, chunkSize: 2394, totalBytesReceived: 129291, done: false, firstBytes: '7c fb c4 79 fc fe 7f 3f 9f cf bc 47 9f cf e7 de'}
logger.js:357 07:37:46.635 [INFO] [moqt:session:object-router] Stream read chunk {readNumber: 47, chunkSize: 1260, totalBytesReceived: 130551, done: false, firstBytes: '75 c4 2e 75 cf e7 f1 0f 9f a3 f9 fb 3e b3 f9 fc'}
logger.js:357 07:37:46.636 [INFO] [moqt:session:object-router] Stream read chunk {readNumber: 48, chunkSize: 2436, totalBytesReceived: 132987, done: false, firstBytes: '1e 7f 11 e2 3c fe 7f 11 e2 3c fe 7f 11 e7 f3 f1'}
logger.js:357 07:37:46.643 [INFO] [moqt:session:object-router] Stream read chunk {readNumber: 49, chunkSize: 317, totalBytesReceived: 133304, done: false, firstBytes: '42 e7 5c eb 9d 73 f9 fc fe 75 ce b9 d7 10 4e 77'}
logger.js:357 07:37:46.643 [DEBUG] [moqt:session:object-router] Looking up subscription by trackAlias {lookupAlias: '0', found: true, knownAliases: Array(1)}
logger.js:357 07:37:46.643 [INFO] [moqt:session:object-router] Delivering object {subscriptionId: 2, groupId: 1812372262, objectId: 14, dataSize: 10058}
logger.js:357 07:37:46.666 [INFO] [moqt:session:object-router] Stream read chunk {readNumber: 50, chunkSize: 1218, totalBytesReceived: 134522, done: false, firstBytes: '00 67 47 01 0f 01 04 81 20 15 9c 67 3d 00 00 00'}
logger.js:357 07:37:46.667 [INFO] [moqt:session:object-router] Stream read chunk {readNumber: 51, chunkSize: 3570, totalBytesReceived: 138092, done: false, firstBytes: '9f cf e7 f3 f9 fc fe 7f 3f 9f cf e7 7c fe 7f 3e'}
logger.js:357 07:37:46.669 [INFO] [moqt:session:object-router] Stream read chunk {readNumber: 52, chunkSize: 4956, totalBytesReceived: 143048, done: false, firstBytes: '0a 5c 4a e7 f3 f9 fc fe 77 b3 be 7f 11 c8 7f 3f'}
logger.js:357 07:37:46.673 [INFO] [moqt:session:object-router] Stream read chunk {readNumber: 53, chunkSize: 314, totalBytesReceived: 143362, done: false, firstBytes: '3f 9f ce f9 fc fe 75 ce b9 d7 3a e7 7c ef 88 f1'}
logger.js:357 07:37:46.673 [DEBUG] [moqt:session:object-router] Looking up subscription by trackAlias {lookupAlias: '0', found: true, knownAliases: Array(1)}
logger.js:357 07:37:46.673 [INFO] [moqt:session:object-router] Delivering object {subscriptionId: 2, groupId: 1812372262, objectId: 15, dataSize: 10055}
logger.js:357 07:37:46.698 [INFO] [moqt:session:object-router] Stream read chunk {readNumber: 54, chunkSize: 1218, totalBytesReceived: 144580, done: false, firstBytes: '00 65 03 01 10 01 04 81 20 92 9c 64 f9 00 00 00'}
logger.js:357 07:37:46.700 [INFO] [moqt:session:object-router] Stream read chunk {readNumber: 55, chunkSize: 6090, totalBytesReceived: 150670, done: false, firstBytes: '9f cf e7 f3 f9 fc fe 7f 3f 9f cf e7 f3 f9 fc fe'}
logger.js:357 07:37:46.703 [INFO] [moqt:session:object-router] Stream read chunk {readNumber: 56, chunkSize: 2170, totalBytesReceived: 152840, done: false, firstBytes: 'cf e7 7c 47 89 f3 f9 d7 3b e7 f3 f9 fc fe 7f 11'}
logger.js:357 07:37:46.703 [DEBUG] [moqt:session:object-router] Looking up subscription by trackAlias {lookupAlias: '0', found: true, knownAliases: Array(1)}
logger.js:357 07:37:46.703 [INFO] [moqt:session:object-router] Delivering object {subscriptionId: 2, groupId: 1812372262, objectId: 16, dataSize: 9475}
logger.js:357 07:37:46.740 [INFO] [moqt:session:object-router] Stream read chunk {readNumber: 57, chunkSize: 2436, totalBytesReceived: 155276, done: false, firstBytes: '00 63 09 01 11 01 04 81 21 3c 24 62 ff 00 00 00'}
logger.js:357 07:37:46.741 [INFO] [moqt:session:object-router] Stream read chunk {readNumber: 58, chunkSize: 1218, totalBytesReceived: 156494, done: false, firstBytes: '7d e2 3c fe 7d e7 f3 f4 75 b1 2f 9f cf e7 f3 f9'}
logger.js:357 07:37:46.744 [INFO] [moqt:session:object-router] Stream read chunk {readNumber: 59, chunkSize: 5318, totalBytesReceived: 161812, done: false, firstBytes: 'fd 89 f1 1e 23 94 fe 21 f3 f9 f7 42 57 3a e7 f3'}
logger.js:357 07:37:46.744 [DEBUG] [moqt:session:object-router] Looking up subscription by trackAlias {lookupAlias: '0', found: true, knownAliases: Array(1)}
logger.js:357 07:37:46.744 [INFO] [moqt:session:object-router] Delivering object {subscriptionId: 2, groupId: 1812372262, objectId: 17, dataSize: 8969}
logger.js:357 07:37:46.765 [INFO] [moqt:session:object-router] Stream read chunk {readNumber: 60, chunkSize: 1176, totalBytesReceived: 162988, done: false, firstBytes: '00 5f 57 01 12 01 04 81 21 9d cc 5f 4d 00 00 00'}
logger.js:357 07:37:46.765 [INFO] [moqt:session:object-router] Stream read chunk {readNumber: 61, chunkSize: 1260, totalBytesReceived: 164248, done: false, firstBytes: '13 e2 3c 47 9f cf d1 fc fe 7f 3f 9f cf e7 f3 f9'}
logger.js:357 07:37:46.767 [INFO] [moqt:session:object-router] Stream read chunk {readNumber: 62, chunkSize: 2436, totalBytesReceived: 166684, done: false, firstBytes: 'e7 f3 f9 fc fe 7d e7 f3 f9 fc fe 7f 3f 8a f1 1e'}
logger.js:357 07:37:46.768 [INFO] [moqt:session:object-router] Stream read chunk {readNumber: 63, chunkSize: 2436, totalBytesReceived: 169120, done: false, firstBytes: 'fe 7f 3f 67 f3 f9 fc ef 47 f3 f9 fc fe 7f 3f 8a'}
logger.js:357 07:37:46.773 [INFO] [moqt:session:object-router] Stream read chunk {readNumber: 64, chunkSize: 718, totalBytesReceived: 169838, done: false, firstBytes: '3e 7e 8f d1 dc 5e 7e 85 bd a8 ef 89 7c ff cb eb'}
logger.js:357 07:37:46.773 [DEBUG] [moqt:session:object-router] Looking up subscription by trackAlias {lookupAlias: '0', found: true, knownAliases: Array(1)}
logger.js:357 07:37:46.773 [INFO] [moqt:session:object-router] Delivering object {subscriptionId: 2, groupId: 1812372262, objectId: 18, dataSize: 8023}
logger.js:357 07:37:46.797 [INFO] [moqt:session:object-router] Stream read chunk {readNumber: 65, chunkSize: 1209, totalBytesReceived: 171047, done: false, firstBytes: '00 5f 07 01 13 01 04 81 22 1b 94 5e fd 00 00 00'}
logger.js:357 07:37:46.799 [INFO] [moqt:session:object-router] Stream read chunk {readNumber: 66, chunkSize: 4872, totalBytesReceived: 175919, done: false, firstBytes: 'f9 fc 5f ec eb 9d 73 ae 75 ce 4e 75 ce b9 df 3f'}
logger.js:357 07:37:46.805 [INFO] [moqt:session:object-router] Stream read chunk {readNumber: 67, chunkSize: 1218, totalBytesReceived: 177137, done: false, firstBytes: 'f3 be 23 c4 79 fc 47 88 f3 f9 fc fe 23 c4 78 9f'}
logger.js:357 07:37:46.808 [INFO] [moqt:session:object-router] Stream read chunk {readNumber: 68, chunkSize: 647, totalBytesReceived: 177784, done: false, firstBytes: '23 d6 ab c0 68 01 25 d7 e0 b4 77 05 3a 3a e7 f3'}
logger.js:357 07:37:46.808 [DEBUG] [moqt:session:object-router] Looking up subscription by trackAlias {lookupAlias: '0', found: true, knownAliases: Array(1)}
logger.js:357 07:37:46.808 [INFO] [moqt:session:object-router] Delivering object {subscriptionId: 2, groupId: 1812372262, objectId: 19, dataSize: 7943}
logger.js:357 07:37:46.835 [INFO] [moqt:session:object-router] Stream read chunk {readNumber: 69, chunkSize: 1218, totalBytesReceived: 179002, done: false, firstBytes: '00 5b 1c 01 14 01 04 81 22 a0 00 5b 12 00 00 00'}
logger.js:357 07:37:46.836 [INFO] [moqt:session:object-router] Stream read chunk {readNumber: 70, chunkSize: 1218, totalBytesReceived: 180220, done: false, firstBytes: '10 b9 d7 3a e7 f3 f9 fc fe 77 cf e7 f3 f9 fc ef'}
logger.js:357 07:37:46.836 [INFO] [moqt:session:object-router] Stream read chunk {readNumber: 71, chunkSize: 1176, totalBytesReceived: 181396, done: false, firstBytes: 'a3 f9 fc 4b e2 3c fe 27 cf e7 7c fc 9f 3f 9f ce'}
logger.js:357 07:37:46.836 [INFO] [moqt:session:object-router] Stream read chunk {readNumber: 72, chunkSize: 1260, totalBytesReceived: 182656, done: false, firstBytes: '2b e7 f3 be 7f 3f 88 f3 f9 fc fe 23 c4 3e 27 a3'}
logger.js:357 07:37:46.839 [INFO] [moqt:session:object-router] Stream read chunk {readNumber: 73, chunkSize: 2071, totalBytesReceived: 184727, done: false, firstBytes: '1c f9 fc fe 7f 3f 9f cf e7 f1 1e 7f 11 e7 f3 f9'}
logger.js:357 07:37:46.839 [DEBUG] [moqt:session:object-router] Looking up subscription by trackAlias {lookupAlias: '0', found: true, knownAliases: Array(1)}
logger.js:357 07:37:46.839 [INFO] [moqt:session:object-router] Delivering object {subscriptionId: 2, groupId: 1812372262, objectId: 20, dataSize: 6940}
logger.js:357 07:37:46.868 [INFO] [moqt:session:object-router] Stream read chunk {readNumber: 74, chunkSize: 6090, totalBytesReceived: 190817, done: false, firstBytes: '00 5c d2 01 15 01 04 81 23 21 4c 5c c8 00 00 00'}
logger.js:357 07:37:46.868 [INFO] [moqt:session:object-router] Stream read chunk {readNumber: 75, chunkSize: 1291, totalBytesReceived: 192108, done: false, firstBytes: '35 f8 d7 ad 62 57 e5 eb 7c 27 5f d5 1f 59 d7 3b'}
logger.js:357 07:37:46.868 [DEBUG] [moqt:session:object-router] Looking up subscription by trackAlias {lookupAlias: '0', found: true, knownAliases: Array(1)}
logger.js:357 07:37:46.868 [INFO] [moqt:session:object-router] Delivering object {subscriptionId: 2, groupId: 1812372262, objectId: 21, dataSize: 7378}
logger.js:357 07:37:46.900 [INFO] [moqt:session:object-router] Stream read chunk {readNumber: 76, chunkSize: 4500, totalBytesReceived: 196608, done: false, firstBytes: '00 57 e6 01 16 01 04 81 23 a7 48 57 dc 00 00 00'}
logger.js:357 07:37:46.903 [INFO] [moqt:session:object-router] Stream read chunk {readNumber: 77, chunkSize: 1621, totalBytesReceived: 198229, done: false, firstBytes: '3f 9f ce b8 8f 3f 9f cf e7 f1 0f 67 e4 13 d9 de'}
logger.js:357 07:37:46.903 [DEBUG] [moqt:session:object-router] Looking up subscription by trackAlias {lookupAlias: '0', found: true, knownAliases: Array(1)}
logger.js:357 07:37:46.903 [INFO] [moqt:session:object-router] Delivering object {subscriptionId: 2, groupId: 1812372262, objectId: 22, dataSize: 6118}
logger.js:357 07:37:46.937 [INFO] [moqt:session:object-router] Stream read chunk {readNumber: 78, chunkSize: 1218, totalBytesReceived: 199447, done: false, firstBytes: '00 5a 7d 01 17 01 04 81 24 25 74 5a 73 00 00 00'}
logger.js:357 07:37:46.937 [INFO] [moqt:session:object-router] Stream read chunk {readNumber: 79, chunkSize: 1218, totalBytesReceived: 200665, done: false, firstBytes: 'fe 7f 3f 9d f3 f2 9f ce b4 77 cf ca 7f 3f 88 f3'}
logger.js:357 07:37:46.937 [INFO] [moqt:session:object-router] Stream read chunk {readNumber: 80, chunkSize: 1176, totalBytesReceived: 201841, done: false, firstBytes: 'be 7e 53 f4 7e 43 f9 fa 3f 47 79 8e b9 ff aa ce'}
logger.js:357 07:37:46.938 [INFO] [moqt:session:object-router] Stream read chunk {readNumber: 81, chunkSize: 1260, totalBytesReceived: 203101, done: false, firstBytes: '5c e2 bc 43 e2 7c 47 9d f3 f9 fc fe 7f 3f 9f ce'}
logger.js:357 07:37:46.939 [INFO] [moqt:session:object-router] Stream read chunk {readNumber: 82, chunkSize: 1912, totalBytesReceived: 205013, done: false, firstBytes: '7f 3f 9f a3 f9 fc fe 7f 3f 9f cf e7 f3 f9 fc fe'}
logger.js:357 07:37:46.939 [DEBUG] [moqt:session:object-router] Looking up subscription by trackAlias {lookupAlias: '0', found: true, knownAliases: Array(1)}
logger.js:357 07:37:46.939 [INFO] [moqt:session:object-router] Delivering object {subscriptionId: 2, groupId: 1812372262, objectId: 23, dataSize: 6781}
logger.js:357 07:37:46.966 [INFO] [moqt:session:object-router] Stream read chunk {readNumber: 83, chunkSize: 1218, totalBytesReceived: 206231, done: false, firstBytes: '00 58 6f 01 18 01 04 81 24 a7 24 58 65 00 00 00'}
logger.js:357 07:37:46.969 [INFO] [moqt:session:object-router] Stream read chunk {readNumber: 84, chunkSize: 4872, totalBytesReceived: 211103, done: false, firstBytes: 'df 3f 9f cf e7 e4 3f fc fe 7f 3f 9f cf e7 f3 f9'}
logger.js:357 07:37:46.971 [INFO] [moqt:session:object-router] Stream read chunk {readNumber: 85, chunkSize: 168, totalBytesReceived: 211271, done: false, firstBytes: '42 e7 5c eb 67 eb e7 f3 f4 7e ce b9 fc fe 23 a3'}
logger.js:357 07:37:46.971 [DEBUG] [moqt:session:object-router] Looking up subscription by trackAlias {lookupAlias: '0', found: true, knownAliases: Array(1)}
logger.js:357 07:37:46.971 [INFO] [moqt:session:object-router] Delivering object {subscriptionId: 2, groupId: 1812372262, objectId: 24, dataSize: 6255}
logger.js:357 07:37:47.001 [INFO] [moqt:session:object-router] Stream read chunk {readNumber: 86, chunkSize: 1218, totalBytesReceived: 212489, done: false, firstBytes: '00 57 b3 01 19 01 04 81 25 27 44 57 a9 00 00 00'}
logger.js:357 07:37:47.004 [INFO] [moqt:session:object-router] Stream read chunk {readNumber: 87, chunkSize: 3654, totalBytesReceived: 216143, done: false, firstBytes: '4f e7 e8 fe 7e 73 f9 fa 3f 9f cf c8 7f 3f 9f a3'}
logger.js:357 07:37:47.005 [INFO] [moqt:session:object-router] Stream read chunk {readNumber: 88, chunkSize: 1198, totalBytesReceived: 217341, done: false, firstBytes: 'fe 7f 3f 88 e8 fe 23 e0 53 9b df de bf 92 b5 f9'}
logger.js:357 07:37:47.005 [DEBUG] [moqt:session:object-router] Looking up subscription by trackAlias {lookupAlias: '0', found: true, knownAliases: Array(1)}
logger.js:357 07:37:47.005 [INFO] [moqt:session:object-router] Delivering object {subscriptionId: 2, groupId: 1812372262, objectId: 25, dataSize: 6067}
logger.js:357 07:37:47.031 [INFO] [moqt:session:object-router] Stream read chunk {readNumber: 89, chunkSize: 1218, totalBytesReceived: 218559, done: false, firstBytes: '00 57 3c 01 1a 01 04 81 25 ac 78 57 32 00 00 00'}
logger.js:357 07:37:47.034 [INFO] [moqt:session:object-router] Stream read chunk {readNumber: 90, chunkSize: 4733, totalBytesReceived: 223292, done: false, firstBytes: '9d 73 ae 75 a3 ae 75 90 fc e7 f3 be 7f 3f 9f cf'}
logger.js:357 07:37:47.035 [DEBUG] [moqt:session:object-router] Looking up subscription by trackAlias {lookupAlias: '0', found: true, knownAliases: Array(1)}
logger.js:357 07:37:47.035 [INFO] [moqt:session:object-router] Delivering object {subscriptionId: 2, groupId: 1812372262, objectId: 26, dataSize: 5948}
logger.js:357 07:37:47.068 [INFO] [moqt:session:object-router] Stream read chunk {readNumber: 91, chunkSize: 2436, totalBytesReceived: 225728, done: false, firstBytes: '00 59 ff 01 1b 01 04 81 26 35 94 59 f5 00 00 00'}
logger.js:357 07:37:47.070 [INFO] [moqt:session:object-router] Stream read chunk {readNumber: 92, chunkSize: 4222, totalBytesReceived: 229950, done: false, firstBytes: '3f 9d f3 f6 7f 3f 47 f3 f8 8f 3b e2 17 3f 9d ec'}
logger.js:357 07:37:47.070 [DEBUG] [moqt:session:object-router] Looking up subscription by trackAlias {lookupAlias: '0', found: true, knownAliases: Array(1)}
logger.js:357 07:37:47.070 [INFO] [moqt:session:object-router] Delivering object {subscriptionId: 2, groupId: 1812372262, objectId: 27, dataSize: 6655}
logger.js:357 07:37:47.100 [INFO] [moqt:session:object-router] Stream read chunk {readNumber: 93, chunkSize: 2436, totalBytesReceived: 232386, done: false, firstBytes: '00 56 32 01 1c 01 04 81 26 b0 3c 56 28 00 00 00'}
logger.js:357 07:37:47.105 [INFO] [moqt:session:object-router] Stream read chunk {readNumber: 94, chunkSize: 3249, totalBytesReceived: 235635, done: false, firstBytes: '7f 3f 9f cf e7 f3 f6 75 c4 78 87 c4 78 8e 8f e7'}
logger.js:357 07:37:47.105 [DEBUG] [moqt:session:object-router] Looking up subscription by trackAlias {lookupAlias: '0', found: true, knownAliases: Array(1)}
logger.js:357 07:37:47.105 [INFO] [moqt:session:object-router] Delivering object {subscriptionId: 2, groupId: 1812372262, objectId: 28, dataSize: 5682}
logger.js:357 07:37:47.135 [INFO] [moqt:session:object-router] Stream read chunk {readNumber: 95, chunkSize: 2352, totalBytesReceived: 237987, done: false, firstBytes: '00 5b 3d 01 1d 01 04 81 27 3c dc 5b 33 00 00 00'}
logger.js:357 07:37:47.138 [INFO] [moqt:session:object-router] Stream read chunk {readNumber: 96, chunkSize: 4624, totalBytesReceived: 242611, done: false, firstBytes: '7c fe 7f 3f 9f 94 fe 7f 3f 5f 3f 10 7f 3f 9f c4'}
logger.js:357 07:37:47.138 [DEBUG] [moqt:session:object-router] Looking up subscription by trackAlias {lookupAlias: '0', found: true, knownAliases: Array(1)}
logger.js:357 07:37:47.138 [INFO] [moqt:session:object-router] Delivering object {subscriptionId: 2, groupId: 1812372262, objectId: 29, dataSize: 6973}
logger.js:357 07:37:47.174 [INFO] [moqt:session:object-router] Stream read chunk {readNumber: 97, chunkSize: 5419, totalBytesReceived: 248030, done: false, firstBytes: '00 55 28 01 1e 01 04 81 27 b7 84 55 1e 00 00 00'}
logger.js:357 07:37:47.174 [DEBUG] [moqt:session:object-router] Looking up subscription by trackAlias {lookupAlias: '0', found: true, knownAliases: Array(1)}
logger.js:357 07:37:47.174 [INFO] [moqt:session:object-router] Delivering object {subscriptionId: 2, groupId: 1812372262, objectId: 30, dataSize: 5416}
logger.js:357 07:37:47.209 [INFO] [moqt:session:object-router] Stream read chunk {readNumber: 98, chunkSize: 6598, totalBytesReceived: 254628, done: false, firstBytes: '00 59 c3 01 1f 01 04 81 28 56 80 59 b9 00 00 00'}
logger.js:357 07:37:47.209 [DEBUG] [moqt:session:object-router] Looking up subscription by trackAlias {lookupAlias: '0', found: true, knownAliases: Array(1)}
logger.js:357 07:37:47.209 [INFO] [moqt:session:object-router] Delivering object {subscriptionId: 2, groupId: 1812372262, objectId: 31, dataSize: 6595}
logger.js:357 07:37:47.241 [INFO] [moqt:session:object-router] Stream read chunk {readNumber: 99, chunkSize: 6531, totalBytesReceived: 261159, done: false, firstBytes: '00 59 80 01 20 01 04 81 28 bb 48 59 76 00 00 00'}
logger.js:357 07:37:47.241 [DEBUG] [moqt:session:object-router] Looking up subscription by trackAlias {lookupAlias: '0', found: true, knownAliases: Array(1)}
logger.js:357 07:37:47.241 [INFO] [moqt:session:object-router] Delivering object {subscriptionId: 2, groupId: 1812372262, objectId: 32, dataSize: 6528}
logger.js:357 07:37:47.243 [DEBUG] [moqt:media:video-decoder] Video decode stats {instanceId: 1, framesDecoded: 30, width: 1920, height: 1080}
logger.js:357 07:37:47.265 [INFO] [moqt:session:object-router] Stream read chunk {readNumber: 100, chunkSize: 985, totalBytesReceived: 262144, done: false, firstBytes: '00 55 95 01 21 01 04 81 29 3d 5c 55 8b 00 00 00'}
logger.js:357 07:37:47.265 [INFO] [moqt:session:object-router] Stream read chunk {readNumber: 101, chunkSize: 2436, totalBytesReceived: 264580, done: false, firstBytes: 'b6 7f 3f 9f b3 f9 d6 8f c6 1d 68 fe 75 cf e7 f3'}
logger.js:357 07:37:47.268 [INFO] [moqt:session:object-router] Stream read chunk {readNumber: 102, chunkSize: 2107, totalBytesReceived: 266687, done: false, firstBytes: 'c8 77 cf d1 f5 89 f3 f9 fc fe 7f 3f 9f cf e7 f1'}
logger.js:357 07:37:47.268 [DEBUG] [moqt:session:object-router] Looking up subscription by trackAlias {lookupAlias: '0', found: true, knownAliases: Array(1)}
logger.js:357 07:37:47.268 [INFO] [moqt:session:object-router] Delivering object {subscriptionId: 2, groupId: 1812372262, objectId: 33, dataSize: 5525}
logger.js:357 07:37:47.275 [DEBUG] [moqt:media:subscribe-pipeline] Video arbiter stats {activeGroup: 1812372262, groupCount: 1, framesOutput: 31, groupsCompleted: 0, groupsSkipped: 0}
logger.js:357 07:37:47.302 [INFO] [moqt:session:object-router] Stream read chunk {readNumber: 103, chunkSize: 6006, totalBytesReceived: 272693, done: false, firstBytes: '00 5b 9e 01 22 01 04 81 29 c7 a4 5b 94 00 00 00'}
logger.js:357 07:37:47.302 [INFO] [moqt:session:object-router] Stream read chunk {readNumber: 104, chunkSize: 1067, totalBytesReceived: 273760, done: false, firstBytes: 'f7 eb d1 b6 be bd 7c d5 5f c9 d6 be 7f 3f 9f cf'}
logger.js:357 07:37:47.302 [DEBUG] [moqt:session:object-router] Looking up subscription by trackAlias {lookupAlias: '0', found: true, knownAliases: Array(1)}
logger.js:357 07:37:47.302 [INFO] [moqt:session:object-router] Delivering object {subscriptionId: 2, groupId: 1812372262, objectId: 34, dataSize: 7070}
VideoRenderer.tsx:84 [VideoRenderer] Rendering stats {framesRendered: 30, frameWidth: 1920, frameHeight: 1080, timestamp: 32000}
logger.js:357 07:37:47.330 [INFO] [moqt:session:object-router] Stream read chunk {readNumber: 105, chunkSize: 1218, totalBytesReceived: 274978, done: false, firstBytes: '00 53 a5 01 23 01 04 81 2a 3d 9c 53 9b 00 00 00'}
logger.js:357 07:37:47.333 [INFO] [moqt:session:object-router] Stream read chunk {readNumber: 106, chunkSize: 2436, totalBytesReceived: 277414, done: false, firstBytes: 'a3 f4 7e 63 f9 fc fe 72 6c fe 7f 3b e7 e2 4f e7'}
logger.js:357 07:37:47.335 [INFO] [moqt:session:object-router] Stream read chunk {readNumber: 107, chunkSize: 1378, totalBytesReceived: 278792, done: false, firstBytes: '42 cc 21 d4 71 dd 44 ff aa cf ca 23 cf e7 f1 1c'}
logger.js:357 07:37:47.335 [DEBUG] [moqt:session:object-router] Looking up subscription by trackAlias {lookupAlias: '0', found: true, knownAliases: Array(1)}
logger.js:357 07:37:47.335 [INFO] [moqt:session:object-router] Delivering object {subscriptionId: 2, groupId: 1812372262, objectId: 35, dataSize: 5029}
logger.js:357 07:37:47.365 [INFO] [moqt:session:object-router] Stream read chunk {readNumber: 108, chunkSize: 2436, totalBytesReceived: 281228, done: false, firstBytes: '00 5a 62 01 24 01 04 81 2a c1 a4 5a 58 00 00 00'}
logger.js:357 07:37:47.368 [INFO] [moqt:session:object-router] Stream read chunk {readNumber: 109, chunkSize: 4321, totalBytesReceived: 285549, done: false, firstBytes: '4f 42 3a 3a e2 39 bf d5 46 9f 9c 57 88 e2 05 3e'}
logger.js:357 07:37:47.368 [DEBUG] [moqt:session:object-router] Looking up subscription by trackAlias {lookupAlias: '0', found: true, knownAliases: Array(1)}
logger.js:357 07:37:47.368 [INFO] [moqt:session:object-router] Delivering object {subscriptionId: 2, groupId: 1812372262, objectId: 36, dataSize: 6754}
logger.js:357 07:37:47.399 [INFO] [moqt:session:object-router] Stream read chunk {readNumber: 110, chunkSize: 1176, totalBytesReceived: 286725, done: false, firstBytes: '00 5b fb 01 25 01 04 81 2b 45 48 5b f1 00 00 00'}
logger.js:357 07:37:47.401 [INFO] [moqt:session:object-router] Stream read chunk {readNumber: 111, chunkSize: 3696, totalBytesReceived: 290421, done: false, firstBytes: '9f a3 ac 87 f3 f9 fa 3f 89 79 44 f2 9d f1 3e 7e'}
logger.js:357 07:37:47.402 [INFO] [moqt:session:object-router] Stream read chunk {readNumber: 112, chunkSize: 1218, totalBytesReceived: 291639, done: false, firstBytes: '34 75 ce f1 27 f3 f1 a7 d5 9c 95 9f cf e7 f1 1d'}
logger.js:357 07:37:47.403 [INFO] [moqt:session:object-router] Stream read chunk {readNumber: 113, chunkSize: 1076, totalBytesReceived: 292715, done: false, firstBytes: 'eb 85 f4 7f e1 1a d7 af ae d9 7d 76 50 57 55 d7'}
logger.js:357 07:37:47.403 [DEBUG] [moqt:session:object-router] Looking up subscription by trackAlias {lookupAlias: '0', found: true, knownAliases: Array(1)}
logger.js:357 07:37:47.403 [INFO] [moqt:session:object-router] Delivering object {subscriptionId: 2, groupId: 1812372262, objectId: 37, dataSize: 7163}
logger.js:357 07:37:47.441 [INFO] [moqt:session:object-router] Stream read chunk {readNumber: 114, chunkSize: 3654, totalBytesReceived: 296369, done: false, firstBytes: '00 55 b2 01 26 01 04 81 2b c8 24 55 a8 00 00 00'}
logger.js:357 07:37:47.441 [INFO] [moqt:session:object-router] Stream read chunk {readNumber: 115, chunkSize: 1903, totalBytesReceived: 298272, done: false, firstBytes: '89 5c 52 de 11 9b 1f f1 d5 fa f5 93 93 5d f3 75'}
logger.js:357 07:37:47.441 [DEBUG] [moqt:session:object-router] Looking up subscription by trackAlias {lookupAlias: '0', found: true, knownAliases: Array(1)}
logger.js:357 07:37:47.441 [INFO] [moqt:session:object-router] Delivering object {subscriptionId: 2, groupId: 1812372262, objectId: 38, dataSize: 5554}
logger.js:357 07:37:47.473 [INFO] [moqt:session:object-router] Stream read chunk {readNumber: 116, chunkSize: 4872, totalBytesReceived: 303144, done: false, firstBytes: '00 59 94 01 27 01 04 81 2c 54 c4 59 8a 00 00 00'}
logger.js:357 07:37:47.476 [INFO] [moqt:session:object-router] Stream read chunk {readNumber: 117, chunkSize: 1679, totalBytesReceived: 304823, done: false, firstBytes: '55 e7 13 d5 55 7c 2f 93 ad 4a 7e 9e 4d 77 af 3f'}
logger.js:357 07:37:47.476 [DEBUG] [moqt:session:object-router] Looking up subscription by trackAlias {lookupAlias: '0', found: true, knownAliases: Array(1)}
logger.js:357 07:37:47.476 [INFO] [moqt:session:object-router] Delivering object {subscriptionId: 2, groupId: 1812372262, objectId: 39, dataSize: 6548}
logger.js:357 07:37:47.500 [INFO] [moqt:session:object-router] Stream read chunk {readNumber: 118, chunkSize: 2436, totalBytesReceived: 307259, done: false, firstBytes: '00 55 f3 01 28 01 04 81 2c d0 34 55 e9 00 00 00'}
logger.js:357 07:37:47.502 [INFO] [moqt:session:object-router] Stream read chunk {readNumber: 119, chunkSize: 3186, totalBytesReceived: 310445, done: false, firstBytes: '73 bd 0a 59 8f d0 95 b3 93 14 7e 8f d9 fc fe 23'}
logger.js:357 07:37:47.503 [DEBUG] [moqt:session:object-router] Looking up subscription by trackAlias {lookupAlias: '0', found: true, knownAliases: Array(1)}
logger.js:357 07:37:47.503 [INFO] [moqt:session:object-router] Delivering object {subscriptionId: 2, groupId: 1812372262, objectId: 40, dataSize: 5619}
logger.js:357 07:37:47.532 [INFO] [moqt:session:object-router] Stream read chunk {readNumber: 120, chunkSize: 1218, totalBytesReceived: 311663, done: false, firstBytes: '00 5b 7f 01 29 01 04 81 2d 50 b8 5b 75 00 00 00'}
logger.js:357 07:37:47.534 [INFO] [moqt:session:object-router] Stream read chunk {readNumber: 121, chunkSize: 5824, totalBytesReceived: 317487, done: false, firstBytes: 'fd 9f cf e7 e6 3f 42 b9 0f d1 fc 52 e7 27 3b e2'}
logger.js:357 07:37:47.534 [DEBUG] [moqt:session:object-router] Looking up subscription by trackAlias {lookupAlias: '0', found: true, knownAliases: Array(1)}
logger.js:357 07:37:47.534 [INFO] [moqt:session:object-router] Delivering object {subscriptionId: 2, groupId: 1812372262, objectId: 41, dataSize: 7039}
logger.js:357 07:37:47.569 [INFO] [moqt:session:object-router] Stream read chunk {readNumber: 122, chunkSize: 2436, totalBytesReceived: 319923, done: false, firstBytes: '00 56 d5 01 2a 01 04 81 2d d0 10 56 cb 00 00 00'}
logger.js:357 07:37:47.572 [INFO] [moqt:session:object-router] Stream read chunk {readNumber: 123, chunkSize: 3412, totalBytesReceived: 323335, done: false, firstBytes: 'e7 f3 fe 07 a5 51 a2 1e 20 fe 7f 3a e7 58 a1 3e'}
logger.js:357 07:37:47.572 [DEBUG] [moqt:session:object-router] Looking up subscription by trackAlias {lookupAlias: '0', found: true, knownAliases: Array(1)}
logger.js:357 07:37:47.572 [INFO] [moqt:session:object-router] Delivering object {subscriptionId: 2, groupId: 1812372262, objectId: 42, dataSize: 5845}
logger.js:357 07:37:47.604 [INFO] [moqt:session:object-router] Stream read chunk {readNumber: 124, chunkSize: 6781, totalBytesReceived: 330116, done: false, firstBytes: '00 5d 8e 01 2b 01 04 81 2e 56 d4 5d 84 00 00 00'}
logger.js:357 07:37:47.605 [INFO] [moqt:session:object-router] Stream read chunk {readNumber: 125, chunkSize: 788, totalBytesReceived: 330904, done: false, firstBytes: 'ae ba fd 09 09 6b f5 f0 85 7a ae bf c6 57 f5 55'}
logger.js:357 07:37:47.605 [DEBUG] [moqt:session:object-router] Looking up subscription by trackAlias {lookupAlias: '0', found: true, knownAliases: Array(1)}
logger.js:357 07:37:47.605 [INFO] [moqt:session:object-router] Delivering object {subscriptionId: 2, groupId: 1812372262, objectId: 43, dataSize: 7566}
logger.js:357 07:37:47.644 [INFO] [moqt:session:object-router] Stream read chunk {readNumber: 126, chunkSize: 1176, totalBytesReceived: 332080, done: false, firstBytes: '00 59 1b 01 2c 01 04 81 2e d2 a8 59 11 00 00 00'}
logger.js:357 07:37:47.645 [INFO] [moqt:session:object-router] Stream read chunk {readNumber: 127, chunkSize: 5254, totalBytesReceived: 337334, done: false, firstBytes: '9c 4f 8a f3 f4 7f 3f 9f b3 f1 67 f3 f9 df 3f 88'}
logger.js:357 07:37:47.645 [DEBUG] [moqt:session:object-router] Looking up subscription by trackAlias {lookupAlias: '0', found: true, knownAliases: Array(1)}
logger.js:357 07:37:47.645 [INFO] [moqt:session:object-router] Delivering object {subscriptionId: 2, groupId: 1812372262, objectId: 44, dataSize: 6427}
logger.js:357 07:37:47.667 [INFO] [moqt:session:object-router] Stream read chunk {readNumber: 128, chunkSize: 6048, totalBytesReceived: 343382, done: false, firstBytes: '00 5c d3 01 2d 01 04 81 2f 56 4c 5c c9 00 00 00'}
logger.js:357 07:37:47.668 [INFO] [moqt:session:object-router] Stream read chunk {readNumber: 129, chunkSize: 42, totalBytesReceived: 343424, done: false, firstBytes: '72 44 07 c4 ff 55 88 f1 2b 9d 6c 42 ce 23 ce f5'}
logger.js:357 07:37:47.669 [INFO] [moqt:session:object-router] Stream read chunk {readNumber: 130, chunkSize: 1292, totalBytesReceived: 344716, done: false, firstBytes: 'da aa af 5f 85 b9 d7 3a ca 75 9c 47 47 f1 44 fc'}
logger.js:357 07:37:47.670 [DEBUG] [moqt:session:object-router] Looking up subscription by trackAlias {lookupAlias: '0', found: true, knownAliases: Array(1)}
logger.js:357 07:37:47.670 [INFO] [moqt:session:object-router] Delivering object {subscriptionId: 2, groupId: 1812372262, objectId: 45, dataSize: 7379}
logger.js:357 07:37:47.697 [INFO] [moqt:session:object-router] Stream read chunk {readNumber: 131, chunkSize: 1218, totalBytesReceived: 345934, done: false, firstBytes: '00 5a 01 01 2e 01 04 81 2f d7 98 59 f7 00 00 00'}
logger.js:357 07:37:47.703 [INFO] [moqt:session:object-router] Stream read chunk {readNumber: 132, chunkSize: 2352, totalBytesReceived: 348286, done: false, firstBytes: '23 cf f8 1f 73 f8 8e 43 ae 7e cf c8 77 b3 bc c7'}
logger.js:357 07:37:47.704 [INFO] [moqt:session:object-router] Stream read chunk {readNumber: 133, chunkSize: 3090, totalBytesReceived: 351376, done: false, firstBytes: '8a e4 a9 2b c4 c5 87 b8 a8 47 dd 7d fd 8d 27 ab'}
logger.js:357 07:37:47.704 [DEBUG] [moqt:session:object-router] Looking up subscription by trackAlias {lookupAlias: '0', found: true, knownAliases: Array(1)}
logger.js:357 07:37:47.705 [INFO] [moqt:session:object-router] Delivering object {subscriptionId: 2, groupId: 1812372262, objectId: 46, dataSize: 6657}
logger.js:357 07:37:47.736 [INFO] [moqt:session:object-router] Stream read chunk {readNumber: 134, chunkSize: 3654, totalBytesReceived: 355030, done: false, firstBytes: '00 5d b1 01 2f 01 04 81 30 5a d8 5d a7 00 00 00'}
logger.js:357 07:37:47.737 [INFO] [moqt:session:object-router] Stream read chunk {readNumber: 135, chunkSize: 3950, totalBytesReceived: 358980, done: false, firstBytes: '57 06 47 e0 4d 11 f7 5f 39 32 9d 6f fd 54 7e 7b'}
logger.js:357 07:37:47.737 [DEBUG] [moqt:session:object-router] Looking up subscription by trackAlias {lookupAlias: '0', found: true, knownAliases: Array(1)}
logger.js:357 07:37:47.737 [INFO] [moqt:session:object-router] Delivering object {subscriptionId: 2, groupId: 1812372262, objectId: 47, dataSize: 7601}
logger.js:357 07:37:47.764 [INFO] [moqt:session:object-router] Stream read chunk {readNumber: 136, chunkSize: 1218, totalBytesReceived: 360198, done: false, firstBytes: '00 59 d2 01 30 01 04 81 30 dc 88 59 c8 00 00 00'}
logger.js:357 07:37:47.765 [INFO] [moqt:session:object-router] Stream read chunk {readNumber: 137, chunkSize: 1176, totalBytesReceived: 361374, done: false, firstBytes: '4b 42 bc fc 58 a7 cf ca 7e 84 79 d7 3f 21 d6 8e'}
logger.js:357 07:37:47.766 [INFO] [moqt:session:object-router] Stream read chunk {readNumber: 138, chunkSize: 1260, totalBytesReceived: 362634, done: false, firstBytes: '23 94 fc c2 bc 57 88 f1 1e 29 f1 4b 62 bc 47 42'}
logger.js:357 07:37:47.772 [INFO] [moqt:session:object-router] Stream read chunk {readNumber: 139, chunkSize: 2959, totalBytesReceived: 365593, done: false, firstBytes: 'f0 a5 8a 7a 10 f8 9f 10 f7 58 9d 7c 29 df 5d ff'}
logger.js:357 07:37:47.772 [DEBUG] [moqt:session:object-router] Looking up subscription by trackAlias {lookupAlias: '0', found: true, knownAliases: Array(1)}
logger.js:357 07:37:47.772 [INFO] [moqt:session:object-router] Delivering object {subscriptionId: 2, groupId: 1812372262, objectId: 48, dataSize: 6610}
logger.js:357 07:37:47.802 [INFO] [moqt:session:object-router] Stream read chunk {readNumber: 140, chunkSize: 1218, totalBytesReceived: 366811, done: false, firstBytes: '00 59 4c 01 31 01 04 81 31 63 4c 59 42 00 00 00'}
logger.js:357 07:37:47.807 [INFO] [moqt:session:object-router] Stream read chunk {readNumber: 141, chunkSize: 5261, totalBytesReceived: 372072, done: false, firstBytes: '23 8b 3f 7e 61 1c 87 59 44 77 06 f8 b3 f6 7f 3f'}
logger.js:357 07:37:47.807 [DEBUG] [moqt:session:object-router] Looking up subscription by trackAlias {lookupAlias: '0', found: true, knownAliases: Array(1)}
logger.js:357 07:37:47.807 [INFO] [moqt:session:object-router] Delivering object {subscriptionId: 2, groupId: 1812372262, objectId: 49, dataSize: 6476}
logger.js:357 07:37:47.835 [INFO] [moqt:session:object-router] Stream read chunk {readNumber: 142, chunkSize: 1218, totalBytesReceived: 373290, done: false, firstBytes: '00 5e 07 01 32 01 04 81 31 e8 80 5d fd 00 00 00'}
logger.js:357 07:37:47.837 [INFO] [moqt:session:object-router] Stream read chunk {readNumber: 143, chunkSize: 4788, totalBytesReceived: 378078, done: false, firstBytes: '72 71 4e 94 47 9f cf d9 c9 b3 f6 23 ce b9 fc ef'}
logger.js:357 07:37:47.839 [INFO] [moqt:session:object-router] Stream read chunk {readNumber: 144, chunkSize: 1684, totalBytesReceived: 379762, done: false, firstBytes: '08 f1 0f 31 fc 4f 89 f1 3c eb 59 78 21 af a8 dc'}
logger.js:357 07:37:47.839 [DEBUG] [moqt:session:object-router] Looking up subscription by trackAlias {lookupAlias: '0', found: true, knownAliases: Array(1)}
logger.js:357 07:37:47.839 [INFO] [moqt:session:object-router] Delivering object {subscriptionId: 2, groupId: 1812372262, objectId: 50, dataSize: 7687}
logger.js:357 07:37:47.875 [INFO] [moqt:session:object-router] Stream read chunk {readNumber: 145, chunkSize: 1218, totalBytesReceived: 380980, done: false, firstBytes: '00 5a ec 01 33 01 04 81 32 87 18 5a e2 00 00 00'}
logger.js:357 07:37:47.878 [INFO] [moqt:session:object-router] Stream read chunk {readNumber: 146, chunkSize: 5677, totalBytesReceived: 386657, done: false, firstBytes: 'f4 23 94 fe 77 94 47 67 26 43 f2 f5 ac 57 1a 21'}
logger.js:357 07:37:47.878 [DEBUG] [moqt:session:object-router] Looking up subscription by trackAlias {lookupAlias: '0', found: true, knownAliases: Array(1)}
logger.js:357 07:37:47.878 [INFO] [moqt:session:object-router] Delivering object {subscriptionId: 2, groupId: 1812372262, objectId: 51, dataSize: 6892}
logger.js:357 07:37:47.898 [INFO] [moqt:session:object-router] Stream read chunk {readNumber: 147, chunkSize: 1176, totalBytesReceived: 387833, done: false, firstBytes: '00 59 2e 01 34 01 04 81 32 e9 ec 59 24 00 00 00'}
logger.js:357 07:37:47.900 [INFO] [moqt:session:object-router] Stream read chunk {readNumber: 148, chunkSize: 3696, totalBytesReceived: 391529, done: false, firstBytes: 'ce b2 88 f1 7f a8 fe 7e 8e b9 df 3b d1 de 8e b2'}
logger.js:357 07:37:47.902 [INFO] [moqt:session:object-router] Stream read chunk {readNumber: 149, chunkSize: 1218, totalBytesReceived: 392747, done: false, firstBytes: '4f ae 7e df 6f 6d 69 0d 48 66 5a 3d 19 da dd b5'}
logger.js:357 07:37:47.907 [INFO] [moqt:session:object-router] Stream read chunk {readNumber: 150, chunkSize: 359, totalBytesReceived: 393106, done: false, firstBytes: 'eb 05 c4 df f2 6f c4 2b a1 0b ec 9a 5a 10 b2 1d'}
logger.js:357 07:37:47.907 [DEBUG] [moqt:session:object-router] Looking up subscription by trackAlias {lookupAlias: '0', found: true, knownAliases: Array(1)}
logger.js:357 07:37:47.907 [INFO] [moqt:session:object-router] Delivering object {subscriptionId: 2, groupId: 1812372262, objectId: 52, dataSize: 6446}
logger.js:357 07:37:47.932 [INFO] [moqt:session:object-router] Stream read chunk {readNumber: 151, chunkSize: 1328, totalBytesReceived: 394434, done: false, firstBytes: '00 5f a3 01 35 01 04 81 33 6a d4 5f 99 00 00 00'}
logger.js:357 07:37:47.935 [INFO] [moqt:session:object-router] Stream read chunk {readNumber: 152, chunkSize: 1218, totalBytesReceived: 395652, done: false, firstBytes: 'a1 0f 9c 99 8f d9 f9 4e b9 d6 63 ad 0a f3 bc 50'}
logger.js:357 07:37:47.937 [INFO] [moqt:session:object-router] Stream read chunk {readNumber: 153, chunkSize: 4872, totalBytesReceived: 400524, done: false, firstBytes: '15 c8 29 e8 51 36 23 90 4f 18 8f 42 0d 4d ee 51'}
logger.js:357 07:37:47.940 [INFO] [moqt:session:object-router] Stream read chunk {readNumber: 154, chunkSize: 684, totalBytesReceived: 401208, done: false, firstBytes: 'f7 fb 49 39 7b ee 74 28 11 d2 ed cc 38 de f8 50'}
logger.js:357 07:37:47.940 [DEBUG] [moqt:session:object-router] Looking up subscription by trackAlias {lookupAlias: '0', found: true, knownAliases: Array(1)}
logger.js:357 07:37:47.940 [INFO] [moqt:session:object-router] Delivering object {subscriptionId: 2, groupId: 1812372262, objectId: 53, dataSize: 8099}
logger.js:357 07:37:47.964 [INFO] [moqt:session:object-router] Stream read chunk {readNumber: 155, chunkSize: 1218, totalBytesReceived: 402426, done: false, firstBytes: '00 59 e7 01 36 01 04 81 33 eb 58 59 dd 00 00 00'}
logger.js:357 07:37:47.966 [INFO] [moqt:session:object-router] Stream read chunk {readNumber: 156, chunkSize: 1218, totalBytesReceived: 403644, done: false, firstBytes: '88 27 10 f2 1f 98 fe 7f 3f 21 fa 10 f9 fa 14 4c'}
logger.js:357 07:37:47.968 [INFO] [moqt:session:object-router] Stream read chunk {readNumber: 157, chunkSize: 4198, totalBytesReceived: 407842, done: false, firstBytes: '07 af 74 af 92 9f c1 c6 b8 ac ec c9 09 bd b5 81'}
logger.js:357 07:37:47.968 [DEBUG] [moqt:session:object-router] Looking up subscription by trackAlias {lookupAlias: '0', found: true, knownAliases: Array(1)}
logger.js:357 07:37:47.968 [INFO] [moqt:session:object-router] Delivering object {subscriptionId: 2, groupId: 1812372262, objectId: 54, dataSize: 6631}
logger.js:357 07:37:48.002 [INFO] [moqt:session:object-router] Stream read chunk {readNumber: 158, chunkSize: 6090, totalBytesReceived: 413932, done: false, firstBytes: '00 59 7e 01 37 01 04 81 34 6d 08 59 74 00 00 00'}
logger.js:357 07:37:48.002 [INFO] [moqt:session:object-router] Stream read chunk {readNumber: 159, chunkSize: 439, totalBytesReceived: 414371, done: false, firstBytes: '74 fb 2c fe 75 a3 ad 77 ae f9 ab d7 11 59 73 d3'}
logger.js:357 07:37:48.002 [DEBUG] [moqt:session:object-router] Looking up subscription by trackAlias {lookupAlias: '0', found: true, knownAliases: Array(1)}
logger.js:357 07:37:48.002 [INFO] [moqt:session:object-router] Delivering object {subscriptionId: 2, groupId: 1812372262, objectId: 55, dataSize: 6526}
logger.js:357 07:37:48.030 [INFO] [moqt:session:object-router] Stream read chunk {readNumber: 160, chunkSize: 1218, totalBytesReceived: 415589, done: false, firstBytes: '00 60 10 01 38 01 04 81 34 ef 1c 60 06 00 00 00'}
logger.js:357 07:37:48.031 [INFO] [moqt:session:object-router] Stream read chunk {readNumber: 161, chunkSize: 1176, totalBytesReceived: 416765, done: false, firstBytes: '8b de be bd f5 fe 75 ce b9 d7 3a ca 77 97 78 d2'}
logger.js:357 07:37:48.032 [INFO] [moqt:session:object-router] Stream read chunk {readNumber: 162, chunkSize: 1260, totalBytesReceived: 418025, done: false, firstBytes: 'fc c7 f3 f8 87 c5 f6 b3 f9 fc fd 0a e6 13 d7 5f'}
logger.js:357 07:37:48.035 [INFO] [moqt:session:object-router] Stream read chunk {readNumber: 163, chunkSize: 4557, totalBytesReceived: 422582, done: false, firstBytes: 'ff 09 d2 9a 9a fe 33 a3 47 dd 2f 35 3b f1 75 f6'}
logger.js:357 07:37:48.035 [DEBUG] [moqt:session:object-router] Looking up subscription by trackAlias {lookupAlias: '0', found: true, knownAliases: Array(1)}
logger.js:357 07:37:48.035 [INFO] [moqt:session:object-router] Delivering object {subscriptionId: 2, groupId: 1812372262, objectId: 56, dataSize: 8208}
logger.js:357 07:37:48.067 [INFO] [moqt:session:object-router] Stream read chunk {readNumber: 164, chunkSize: 1218, totalBytesReceived: 423800, done: false, firstBytes: '00 5e 2f 01 39 01 04 81 35 71 30 5e 25 00 00 00'}
logger.js:357 07:37:48.067 [INFO] [moqt:session:object-router] Stream read chunk {readNumber: 165, chunkSize: 2436, totalBytesReceived: 426236, done: false, firstBytes: '3c ef 29 fc eb 29 fb f2 9f 98 ef 3f c4 f4 7f 3f'}
logger.js:357 07:37:48.069 [INFO] [moqt:session:object-router] Stream read chunk {readNumber: 166, chunkSize: 1218, totalBytesReceived: 427454, done: false, firstBytes: '24 9c 47 11 0f fe 22 a6 f5 5e 53 f4 27 8c e2 bd'}
logger.js:357 07:37:48.076 [INFO] [moqt:session:object-router] Stream read chunk {readNumber: 167, chunkSize: 2436, totalBytesReceived: 429890, done: false, firstBytes: '7a f6 5f 1b cf c9 ed f8 9f 5e a6 e0 87 7d f9 4d'}
logger.js:357 07:37:48.077 [INFO] [moqt:session:object-router] Stream read chunk {readNumber: 168, chunkSize: 422, totalBytesReceived: 430312, done: false, firstBytes: 'f7 5b bb e8 57 3c f1 7e d5 75 c9 ef e5 ee e2 3a'}
logger.js:357 07:37:48.078 [DEBUG] [moqt:session:object-router] Looking up subscription by trackAlias {lookupAlias: '0', found: true, knownAliases: Array(1)}
logger.js:357 07:37:48.078 [INFO] [moqt:session:object-router] Delivering object {subscriptionId: 2, groupId: 1812372262, objectId: 57, dataSize: 7727}
logger.js:357 07:37:48.098 [INFO] [moqt:session:object-router] Stream read chunk {readNumber: 169, chunkSize: 1218, totalBytesReceived: 431530, done: false, firstBytes: '00 5b f6 01 3a 01 04 81 35 f4 0c 5b ec 00 00 00'}
logger.js:357 07:37:48.100 [INFO] [moqt:session:object-router] Stream read chunk {readNumber: 170, chunkSize: 3654, totalBytesReceived: 435184, done: false, firstBytes: '83 f3 1f a3 ac a3 3f 67 f1 5e 77 79 fc fe 7e 12'}
logger.js:357 07:37:48.102 [INFO] [moqt:session:object-router] Stream read chunk {readNumber: 171, chunkSize: 2289, totalBytesReceived: 437473, done: false, firstBytes: 'cd cf 2d fd 0e 9d 13 b5 e4 7b 5d e3 92 d7 dd fa'}
logger.js:357 07:37:48.102 [DEBUG] [moqt:session:object-router] Looking up subscription by trackAlias {lookupAlias: '0', found: true, knownAliases: Array(1)}
logger.js:357 07:37:48.102 [INFO] [moqt:session:object-router] Delivering object {subscriptionId: 2, groupId: 1812372262, objectId: 58, dataSize: 7158}
logger.js:357 07:37:48.139 [INFO] [moqt:session:object-router] Stream read chunk {readNumber: 172, chunkSize: 7084, totalBytesReceived: 444557, done: false, firstBytes: '00 5b a9 01 3b 01 04 81 36 88 e0 5b 9f 00 00 00'}
logger.js:357 07:37:48.139 [DEBUG] [moqt:session:object-router] Looking up subscription by trackAlias {lookupAlias: '0', found: true, knownAliases: Array(1)}
logger.js:357 07:37:48.139 [INFO] [moqt:session:object-router] Delivering object {subscriptionId: 2, groupId: 1812372262, objectId: 59, dataSize: 7081}
logger.js:357 07:37:48.169 [INFO] [moqt:session:object-router] Stream read chunk {readNumber: 173, chunkSize: 4872, totalBytesReceived: 449429, done: false, firstBytes: '00 60 d6 01 3c 01 04 81 36 fa 8c 60 cc 00 00 00'}
logger.js:357 07:37:48.171 [INFO] [moqt:session:object-router] Stream read chunk {readNumber: 174, chunkSize: 2436, totalBytesReceived: 451865, done: false, firstBytes: '17 d2 7d 19 e7 90 c2 eb 2e bb fa 5a f3 7c 10 f5'}
logger.js:357 07:37:48.172 [INFO] [moqt:session:object-router] Stream read chunk {readNumber: 175, chunkSize: 1101, totalBytesReceived: 452966, done: false, firstBytes: '16 6e bf 7a f3 bd 2d 45 7b 3a 5e 63 6c 6f 13 af'}
logger.js:357 07:37:48.172 [DEBUG] [moqt:session:object-router] Looking up subscription by trackAlias {lookupAlias: '0', found: true, knownAliases: Array(1)}
logger.js:357 07:37:48.172 [INFO] [moqt:session:object-router] Delivering object {subscriptionId: 2, groupId: 1812372262, objectId: 60, dataSize: 8406}
logger.js:357 07:37:48.201 [INFO] [moqt:session:object-router] Stream read chunk {readNumber: 176, chunkSize: 6090, totalBytesReceived: 459056, done: false, firstBytes: '00 5f 4b 01 3d 01 04 81 37 7c a0 5f 41 00 00 00'}
logger.js:357 07:37:48.204 [INFO] [moqt:session:object-router] Stream read chunk {readNumber: 177, chunkSize: 1924, totalBytesReceived: 460980, done: false, firstBytes: '5f cb aa fc 97 d5 66 26 96 aa 6a a1 d0 f7 a1 5d'}
logger.js:357 07:37:48.204 [DEBUG] [moqt:session:object-router] Looking up subscription by trackAlias {lookupAlias: '0', found: true, knownAliases: Array(1)}
logger.js:357 07:37:48.204 [INFO] [moqt:session:object-router] Delivering object {subscriptionId: 2, groupId: 1812372262, objectId: 61, dataSize: 8011}
logger.js:357 07:37:48.235 [INFO] [moqt:session:object-router] Stream read chunk {readNumber: 178, chunkSize: 3654, totalBytesReceived: 464634, done: false, firstBytes: '00 5e 9b 01 3e 01 04 81 37 fd ec 5e 91 00 00 00'}
logger.js:357 07:37:48.236 [INFO] [moqt:session:object-router] Stream read chunk {readNumber: 179, chunkSize: 1176, totalBytesReceived: 465810, done: false, firstBytes: 'f5 ee f5 d7 c7 6f bf 5e a4 60 87 cd 8d f0 47 77'}
logger.js:357 07:37:48.238 [INFO] [moqt:session:object-router] Stream read chunk {readNumber: 180, chunkSize: 3008, totalBytesReceived: 468818, done: false, firstBytes: '38 ae 9d f9 37 ee ce ea a8 ff 2d 56 a4 8a 9b 5a'}
logger.js:357 07:37:48.238 [DEBUG] [moqt:session:object-router] Looking up subscription by trackAlias {lookupAlias: '0', found: true, knownAliases: Array(1)}
logger.js:357 07:37:48.238 [INFO] [moqt:session:object-router] Delivering object {subscriptionId: 2, groupId: 1812372262, objectId: 62, dataSize: 7835}
logger.js:357 07:37:48.251 [DEBUG] [moqt:media:video-decoder] Video decode stats {instanceId: 1, framesDecoded: 60, width: 1920, height: 1080}
logger.js:357 07:37:48.268 [INFO] [moqt:session:object-router] Stream read chunk {readNumber: 181, chunkSize: 1218, totalBytesReceived: 470036, done: false, firstBytes: '00 5d 63 01 3f 01 04 81 38 87 08 5d 59 00 00 00'}
logger.js:357 07:37:48.269 [INFO] [moqt:session:object-router] Stream read chunk {readNumber: 182, chunkSize: 1176, totalBytesReceived: 471212, done: false, firstBytes: 'ce 4e 29 71 44 d7 5b fd 6f 9c 99 a7 40 93 b8 ae'}
logger.js:357 07:37:48.271 [INFO] [moqt:session:object-router] Stream read chunk {readNumber: 183, chunkSize: 3696, totalBytesReceived: 474908, done: false, firstBytes: '5f 57 f3 eb eb ef af be be fa b7 d5 be bd 33 66'}
logger.js:357 07:37:48.273 [INFO] [moqt:session:object-router] Stream read chunk {readNumber: 184, chunkSize: 1436, totalBytesReceived: 476344, done: false, firstBytes: 'd4 97 0d af c4 ef db 11 15 b5 a4 2c fe a2 ae 97'}
logger.js:357 07:37:48.273 [DEBUG] [moqt:session:object-router] Looking up subscription by trackAlias {lookupAlias: '0', found: true, knownAliases: Array(1)}
logger.js:357 07:37:48.273 [INFO] [moqt:session:object-router] Delivering object {subscriptionId: 2, groupId: 1812372262, objectId: 63, dataSize: 7523}
logger.js:357 07:37:48.283 [DEBUG] [moqt:media:subscribe-pipeline] Video arbiter stats {activeGroup: 1812372262, groupCount: 1, framesOutput: 61, groupsCompleted: 0, groupsSkipped: 0}
logger.js:357 07:37:48.300 [INFO] [moqt:session:object-router] Stream read chunk {readNumber: 185, chunkSize: 6090, totalBytesReceived: 482434, done: false, firstBytes: '00 5b 09 01 40 40 01 04 81 39 00 20 5a fe 00 00'}
logger.js:357 07:37:48.305 [INFO] [moqt:session:object-router] Stream read chunk {readNumber: 186, chunkSize: 834, totalBytesReceived: 483268, done: false, firstBytes: '51 39 f4 fc 4f a7 19 a7 62 3c 47 2d c9 89 d2 95'}
logger.js:357 07:37:48.306 [DEBUG] [moqt:session:object-router] Looking up subscription by trackAlias {lookupAlias: '0', found: true, knownAliases: Array(1)}
logger.js:357 07:37:48.306 [INFO] [moqt:session:object-router] Delivering object {subscriptionId: 2, groupId: 1812372262, objectId: 64, dataSize: 6921}
VideoRenderer.tsx:84 [VideoRenderer] Rendering stats {framesRendered: 60, frameWidth: 1920, frameHeight: 1080, timestamp: 62000}
logger.js:357 07:37:48.331 [INFO] [moqt:session:object-router] Stream read chunk {readNumber: 187, chunkSize: 2436, totalBytesReceived: 485704, done: false, firstBytes: '00 5b b0 01 40 41 01 04 81 39 81 d0 5b a5 00 00'}
logger.js:357 07:37:48.331 [INFO] [moqt:session:object-router] Stream read chunk {readNumber: 188, chunkSize: 1218, totalBytesReceived: 486922, done: false, firstBytes: 'ef 9d 55 41 ef ff 55 42 b8 8b 9b d7 c1 35 72 7a'}
logger.js:357 07:37:48.334 [INFO] [moqt:session:object-router] Stream read chunk {readNumber: 189, chunkSize: 1176, totalBytesReceived: 488098, done: false, firstBytes: '5f ef ef dc 77 b3 7b 57 bc 5f 89 b5 3a 31 2a d5'}
logger.js:357 07:37:48.334 [INFO] [moqt:session:object-router] Stream read chunk {readNumber: 190, chunkSize: 1260, totalBytesReceived: 489358, done: false, firstBytes: '11 45 17 50 ad 56 81 c6 e6 ff 38 28 b6 ba c9 9e'}
logger.js:357 07:37:48.339 [INFO] [moqt:session:object-router] Stream read chunk {readNumber: 191, chunkSize: 1001, totalBytesReceived: 490359, done: false, firstBytes: '6f 78 19 79 6f f1 0b cf 25 c1 0d c5 5f ae d2 d5'}
logger.js:357 07:37:48.339 [DEBUG] [moqt:session:object-router] Looking up subscription by trackAlias {lookupAlias: '0', found: true, knownAliases: Array(1)}
logger.js:357 07:37:48.339 [INFO] [moqt:session:object-router] Delivering object {subscriptionId: 2, groupId: 1812372262, objectId: 65, dataSize: 7088}
logger.js:357 07:37:48.364 [INFO] [moqt:session:object-router] Stream read chunk {readNumber: 192, chunkSize: 1218, totalBytesReceived: 491577, done: false, firstBytes: '00 69 ea 01 40 42 01 04 81 3a 05 d8 69 df 00 00'}
logger.js:357 07:37:48.365 [INFO] [moqt:session:object-router] Stream read chunk {readNumber: 193, chunkSize: 1176, totalBytesReceived: 492753, done: false, firstBytes: 'b5 20 87 ce f8 ad e2 1e 5e b5 f5 7f 82 3f 77 ac'}
logger.js:357 07:37:48.366 [INFO] [moqt:session:object-router] Stream read chunk {readNumber: 194, chunkSize: 1260, totalBytesReceived: 494013, done: false, firstBytes: '3f 08 5e fa bf d6 b3 ad 88 f3 be bf 11 cf d7 b1'}
logger.js:357 07:37:48.368 [INFO] [moqt:session:object-router] Stream read chunk {readNumber: 195, chunkSize: 1176, totalBytesReceived: 495189, done: false, firstBytes: '5a 29 85 83 a0 59 e8 7d 4c c7 a7 5d 6a 07 1d e9'}
logger.js:357 07:37:48.370 [INFO] [moqt:session:object-router] Stream read chunk {readNumber: 196, chunkSize: 1260, totalBytesReceived: 496449, done: false, firstBytes: 'a3 f8 ea aa ef ce c1 2c 55 72 d3 be a7 24 57 55'}
logger.js:357 07:37:48.372 [INFO] [moqt:session:object-router] Stream read chunk {readNumber: 197, chunkSize: 4643, totalBytesReceived: 501092, done: false, firstBytes: '69 3a e6 63 31 0e 4b f7 2c 1b 2e d3 10 34 32 4a'}
logger.js:357 07:37:48.372 [DEBUG] [moqt:session:object-router] Looking up subscription by trackAlias {lookupAlias: '0', found: true, knownAliases: Array(1)}
logger.js:357 07:37:48.372 [INFO] [moqt:session:object-router] Delivering object {subscriptionId: 2, groupId: 1812372262, objectId: 66, dataSize: 10730}
logger.js:357 07:37:48.399 [INFO] [moqt:session:object-router] Stream read chunk {readNumber: 198, chunkSize: 1218, totalBytesReceived: 502310, done: false, firstBytes: '00 56 01 01 40 43 01 04 81 3a 8c 38 55 f6 00 00'}
logger.js:357 07:37:48.402 [INFO] [moqt:session:object-router] Stream read chunk {readNumber: 199, chunkSize: 4418, totalBytesReceived: 506728, done: false, firstBytes: '7e 28 eb 42 97 3a ce 77 b3 be 7e 43 93 9d e3 4e'}
logger.js:357 07:37:48.402 [DEBUG] [moqt:session:object-router] Looking up subscription by trackAlias {lookupAlias: '0', found: true, knownAliases: Array(1)}
logger.js:357 07:37:48.402 [INFO] [moqt:session:object-router] Delivering object {subscriptionId: 2, groupId: 1812372262, objectId: 67, dataSize: 5633}
logger.js:357 07:37:48.433 [INFO] [moqt:session:object-router] Stream read chunk {readNumber: 200, chunkSize: 3654, totalBytesReceived: 510382, done: false, firstBytes: '00 65 d3 01 40 44 01 04 81 3b 08 70 65 c8 00 00'}
logger.js:357 07:37:48.438 [INFO] [moqt:session:object-router] Stream read chunk {readNumber: 201, chunkSize: 6032, totalBytesReceived: 516414, done: false, firstBytes: '62 4c fd ad fa a1 08 17 77 b9 77 6f 96 9f b3 3c'}
logger.js:357 07:37:48.439 [DEBUG] [moqt:session:object-router] Looking up subscription by trackAlias {lookupAlias: '0', found: true, knownAliases: Array(1)}
logger.js:357 07:37:48.439 [INFO] [moqt:session:object-router] Delivering object {subscriptionId: 2, groupId: 1812372262, objectId: 68, dataSize: 9683}
logger.js:357 07:37:48.479 [INFO] [moqt:session:object-router] Stream read chunk {readNumber: 202, chunkSize: 7874, totalBytesReceived: 524288, done: false, firstBytes: '00 5f 34 01 40 45 01 04 81 3b b7 0c 5f 29 00 00'}
logger.js:357 07:37:48.480 [INFO] [moqt:session:object-router] Stream read chunk {readNumber: 203, chunkSize: 117, totalBytesReceived: 524405, done: false, firstBytes: 'd2 5e f8 23 de ef d4 5d 7d 6a ae 6b df e5 bd fe'}
logger.js:357 07:37:48.480 [DEBUG] [moqt:session:object-router] Looking up subscription by trackAlias {lookupAlias: '0', found: true, knownAliases: Array(1)}
logger.js:357 07:37:48.480 [INFO] [moqt:session:object-router] Delivering object {subscriptionId: 2, groupId: 1812372262, objectId: 69, dataSize: 7988}
logger.js:357 07:37:48.501 [INFO] [moqt:session:object-router] Stream read chunk {readNumber: 204, chunkSize: 2394, totalBytesReceived: 526799, done: false, firstBytes: '00 5e ea 01 40 46 01 04 81 3c 11 ac 5e df 00 00'}
logger.js:357 07:37:48.503 [INFO] [moqt:session:object-router] Stream read chunk {readNumber: 205, chunkSize: 1260, totalBytesReceived: 528059, done: false, firstBytes: 'be 5a ee 36 a6 c1 6d d5 f4 e9 df ef d7 cd eb a6'}
logger.js:357 07:37:48.506 [INFO] [moqt:session:object-router] Stream read chunk {readNumber: 206, chunkSize: 3654, totalBytesReceived: 531713, done: false, firstBytes: 'f0 39 45 88 f1 2b 2d c9 93 32 df 14 f8 9e 68 6c'}
logger.js:357 07:37:48.510 [INFO] [moqt:session:object-router] Stream read chunk {readNumber: 207, chunkSize: 609, totalBytesReceived: 532322, done: false, firstBytes: '2f d7 7c 5b bb 5f 57 e6 e2 b6 c9 cd 6f eb 74 5d'}
logger.js:357 07:37:48.510 [DEBUG] [moqt:session:object-router] Looking up subscription by trackAlias {lookupAlias: '0', found: true, knownAliases: Array(1)}
logger.js:357 07:37:48.510 [INFO] [moqt:session:object-router] Delivering object {subscriptionId: 2, groupId: 1812372262, objectId: 70, dataSize: 7914}
logger.js:357 07:37:48.531 [INFO] [moqt:session:object-router] Stream read chunk {readNumber: 208, chunkSize: 1218, totalBytesReceived: 533540, done: false, firstBytes: '00 5e 9b 01 40 47 01 04 81 3c 91 04 5e 90 00 00'}
logger.js:357 07:37:48.532 [INFO] [moqt:session:object-router] Stream read chunk {readNumber: 209, chunkSize: 1176, totalBytesReceived: 534716, done: false, firstBytes: '9f 85 fa f7 d7 af 66 de b8 a8 ba d6 be b0 97 e5'}
logger.js:357 07:37:48.532 [INFO] [moqt:session:object-router] Stream read chunk {readNumber: 210, chunkSize: 1260, totalBytesReceived: 535976, done: false, firstBytes: '15 d2 a5 d6 bb fd f2 e7 c5 57 eb f0 4f 26 45 af'}
logger.js:357 07:37:48.535 [INFO] [moqt:session:object-router] Stream read chunk {readNumber: 211, chunkSize: 2436, totalBytesReceived: 538412, done: false, firstBytes: 'cb 26 bb d3 e7 28 87 93 af 6a d5 5e ab 30 85 f8'}
logger.js:357 07:37:48.536 [INFO] [moqt:session:object-router] Stream read chunk {readNumber: 212, chunkSize: 1218, totalBytesReceived: 539630, done: false, firstBytes: '44 f7 eb b1 07 73 57 d5 62 b5 d5 3e d3 a1 95 e9'}
logger.js:357 07:37:48.537 [INFO] [moqt:session:object-router] Stream read chunk {readNumber: 213, chunkSize: 530, totalBytesReceived: 540160, done: false, firstBytes: '27 76 d6 b3 ba fa d5 d9 c1 56 7f a5 77 b9 a3 68'}
logger.js:357 07:37:48.537 [DEBUG] [moqt:session:object-router] Looking up subscription by trackAlias {lookupAlias: '0', found: true, knownAliases: Array(1)}
logger.js:357 07:37:48.537 [INFO] [moqt:session:object-router] Delivering object {subscriptionId: 2, groupId: 1812372262, objectId: 71, dataSize: 7835}
logger.js:357 07:37:48.568 [INFO] [moqt:session:object-router] Stream read chunk {readNumber: 214, chunkSize: 7308, totalBytesReceived: 547468, done: false, firstBytes: '00 5e 3e 01 40 48 01 04 81 3d 12 50 5e 33 00 00'}
logger.js:357 07:37:48.569 [INFO] [moqt:session:object-router] Stream read chunk {readNumber: 215, chunkSize: 437, totalBytesReceived: 547905, done: false, firstBytes: '5e 93 97 5f c2 5d fb fc 95 fe 08 6d f2 82 ba f6'}
logger.js:357 07:37:48.570 [DEBUG] [moqt:session:object-router] Looking up subscription by trackAlias {lookupAlias: '0', found: true, knownAliases: Array(1)}
logger.js:357 07:37:48.570 [INFO] [moqt:session:object-router] Delivering object {subscriptionId: 2, groupId: 1812372262, objectId: 72, dataSize: 7742}
logger.js:357 07:37:48.597 [INFO] [moqt:session:object-router] Stream read chunk {readNumber: 216, chunkSize: 1218, totalBytesReceived: 549123, done: false, firstBytes: '00 5e 07 01 40 49 01 04 81 3d 94 00 5d fc 00 00'}
logger.js:357 07:37:48.600 [INFO] [moqt:session:object-router] Stream read chunk {readNumber: 217, chunkSize: 4872, totalBytesReceived: 553995, done: false, firstBytes: 'b6 29 e4 3a df 56 fa b7 d5 be ad 31 f9 fc d0 7b'}
logger.js:357 07:37:48.602 [INFO] [moqt:session:object-router] Stream read chunk {readNumber: 218, chunkSize: 1600, totalBytesReceived: 555595, done: false, firstBytes: '09 37 fb 80 b1 a8 e0 df c5 eb 58 9e 41 9b 5d 89'}
logger.js:357 07:37:48.602 [DEBUG] [moqt:session:object-router] Looking up subscription by trackAlias {lookupAlias: '0', found: true, knownAliases: Array(1)}
logger.js:357 07:37:48.602 [INFO] [moqt:session:object-router] Delivering object {subscriptionId: 2, groupId: 1812372262, objectId: 73, dataSize: 7687}
logger.js:357 07:37:48.634 [INFO] [moqt:session:object-router] Stream read chunk {readNumber: 219, chunkSize: 3654, totalBytesReceived: 559249, done: false, firstBytes: '00 5d 99 01 40 4a 01 04 81 3e 18 08 5d 8e 00 00'}
logger.js:357 07:37:48.635 [INFO] [moqt:session:object-router] Stream read chunk {readNumber: 220, chunkSize: 2352, totalBytesReceived: 561601, done: false, firstBytes: 'f3 7a d6 48 9e bb fe 23 b9 be 4f 5c 47 ab fc 93'}
logger.js:357 07:37:48.638 [INFO] [moqt:session:object-router] Stream read chunk {readNumber: 221, chunkSize: 1574, totalBytesReceived: 563175, done: false, firstBytes: '4f 4d c7 33 6f a5 9b 24 de 5f 2f 5e a6 f7 5c de'}
logger.js:357 07:37:48.638 [DEBUG] [moqt:session:object-router] Looking up subscription by trackAlias {lookupAlias: '0', found: true, knownAliases: Array(1)}
logger.js:357 07:37:48.638 [INFO] [moqt:session:object-router] Delivering object {subscriptionId: 2, groupId: 1812372262, objectId: 74, dataSize: 7577}
logger.js:357 07:37:48.668 [INFO] [moqt:session:object-router] Stream read chunk {readNumber: 222, chunkSize: 2394, totalBytesReceived: 565569, done: false, firstBytes: '00 5b c4 01 40 4b 01 04 81 3e 98 f0 5b b9 00 00'}
logger.js:357 07:37:48.670 [INFO] [moqt:session:object-router] Stream read chunk {readNumber: 223, chunkSize: 4717, totalBytesReceived: 570286, done: false, firstBytes: 'dc 9a f1 af ea d0 4e f3 e7 5f 64 a0 ba 6f 60 af'}
logger.js:357 07:37:48.671 [DEBUG] [moqt:session:object-router] Looking up subscription by trackAlias {lookupAlias: '0', found: true, knownAliases: Array(1)}
logger.js:357 07:37:48.671 [INFO] [moqt:session:object-router] Delivering object {subscriptionId: 2, groupId: 1812372262, objectId: 75, dataSize: 7108}
logger.js:357 07:37:48.699 [INFO] [moqt:session:object-router] Stream read chunk {readNumber: 224, chunkSize: 1218, totalBytesReceived: 571504, done: false, firstBytes: '00 5c 8f 01 40 4c 01 04 81 3f 1e 24 5c 84 00 00'}
logger.js:357 07:37:48.699 [INFO] [moqt:session:object-router] Stream read chunk {readNumber: 225, chunkSize: 1176, totalBytesReceived: 572680, done: false, firstBytes: '7b 15 e7 e7 10 f2 8a 26 4d c3 a7 5a 17 fa 8e f9'}
logger.js:357 07:37:48.703 [INFO] [moqt:session:object-router] Stream read chunk {readNumber: 226, chunkSize: 3696, totalBytesReceived: 576376, done: false, firstBytes: 'ef de 8b b1 e9 35 f7 75 f7 19 56 fa b4 4e 2b 15'}
logger.js:357 07:37:48.704 [INFO] [moqt:session:object-router] Stream read chunk {readNumber: 227, chunkSize: 1224, totalBytesReceived: 577600, done: false, firstBytes: 'fe 26 7c ef fc 9e bb 62 35 55 5f b9 7d ad 31 19'}
logger.js:357 07:37:48.704 [DEBUG] [moqt:session:object-router] Looking up subscription by trackAlias {lookupAlias: '0', found: true, knownAliases: Array(1)}
logger.js:357 07:37:48.704 [INFO] [moqt:session:object-router] Delivering object {subscriptionId: 2, groupId: 1812372262, objectId: 76, dataSize: 7311}
logger.js:357 07:37:48.733 [INFO] [moqt:session:object-router] Stream read chunk {readNumber: 228, chunkSize: 3654, totalBytesReceived: 581254, done: false, firstBytes: '00 62 87 01 40 4d 01 04 81 3f 9f 0c 62 7c 00 00'}
logger.js:357 07:37:48.736 [INFO] [moqt:session:object-router] Stream read chunk {readNumber: 229, chunkSize: 5188, totalBytesReceived: 586442, done: false, firstBytes: 'a7 ea 08 bd 2b eb 6c 3d a4 89 9e 6a 1b 28 f8 b4'}
logger.js:357 07:37:48.736 [DEBUG] [moqt:session:object-router] Looking up subscription by trackAlias {lookupAlias: '0', found: true, knownAliases: Array(1)}
logger.js:357 07:37:48.736 [INFO] [moqt:session:object-router] Delivering object {subscriptionId: 2, groupId: 1812372262, objectId: 77, dataSize: 8839}
logger.js:357 07:37:48.764 [INFO] [moqt:session:object-router] Stream read chunk {readNumber: 230, chunkSize: 1218, totalBytesReceived: 587660, done: false, firstBytes: '00 5f 23 01 40 4e 01 04 81 40 1e 64 5f 18 00 00'}
logger.js:357 07:37:48.766 [INFO] [moqt:session:object-router] Stream read chunk {readNumber: 231, chunkSize: 3382, totalBytesReceived: 591042, done: false, firstBytes: '87 88 58 7a bd 66 ff 55 62 38 ae af f5 79 44 ad'}
logger.js:357 07:37:48.770 [INFO] [moqt:session:object-router] Stream read chunk {readNumber: 232, chunkSize: 3374, totalBytesReceived: 594416, done: false, firstBytes: 'ff e1 4d a6 f9 98 c0 d8 08 64 62 71 32 dc e4 41'}
logger.js:357 07:37:48.770 [DEBUG] [moqt:session:object-router] Looking up subscription by trackAlias {lookupAlias: '0', found: true, knownAliases: Array(1)}
logger.js:357 07:37:48.770 [INFO] [moqt:session:object-router] Delivering object {subscriptionId: 2, groupId: 1812372262, objectId: 78, dataSize: 7971}
logger.js:357 07:37:48.803 [INFO] [moqt:session:object-router] Stream read chunk {readNumber: 233, chunkSize: 8033, totalBytesReceived: 602449, done: false, firstBytes: '00 5f 5e 01 40 4f 01 04 81 40 a0 78 5f 53 00 00'}
logger.js:357 07:37:48.804 [DEBUG] [moqt:session:object-router] Looking up subscription by trackAlias {lookupAlias: '0', found: true, knownAliases: Array(1)}
logger.js:357 07:37:48.804 [INFO] [moqt:session:object-router] Delivering object {subscriptionId: 2, groupId: 1812372262, objectId: 79, dataSize: 8030}
logger.js:357 07:37:48.838 [INFO] [moqt:session:object-router] Stream read chunk {readNumber: 234, chunkSize: 3654, totalBytesReceived: 606103, done: false, firstBytes: '00 5f 55 01 40 50 01 04 81 41 3d 80 5f 4a 00 00'}
logger.js:357 07:37:48.839 [INFO] [moqt:session:object-router] Stream read chunk {readNumber: 235, chunkSize: 2394, totalBytesReceived: 608497, done: false, firstBytes: 'fe 5d fd 46 5f bb fd b5 af cb 5f e5 cd ff 57 f8'}
logger.js:357 07:37:48.841 [INFO] [moqt:session:object-router] Stream read chunk {readNumber: 236, chunkSize: 1976, totalBytesReceived: 610473, done: false, firstBytes: 'c8 cd eb ef fc 9e be 27 ad 7e a0 9b be 95 d8 f8'}
logger.js:357 07:37:48.841 [DEBUG] [moqt:session:object-router] Looking up subscription by trackAlias {lookupAlias: '0', found: true, knownAliases: Array(1)}
logger.js:357 07:37:48.841 [INFO] [moqt:session:object-router] Delivering object {subscriptionId: 2, groupId: 1812372262, objectId: 80, dataSize: 8021}
logger.js:357 07:37:48.867 [INFO] [moqt:session:object-router] Stream read chunk {readNumber: 237, chunkSize: 1176, totalBytesReceived: 611649, done: false, firstBytes: '00 5e da 01 40 51 01 04 81 41 ab a8 5e cf 00 00'}
logger.js:357 07:37:48.868 [INFO] [moqt:session:object-router] Stream read chunk {readNumber: 238, chunkSize: 2436, totalBytesReceived: 614085, done: false, firstBytes: 'be b5 62 9f 3a e7 26 84 fc 1e e3 4f e7 77 11 d6'}
logger.js:357 07:37:48.870 [INFO] [moqt:session:object-router] Stream read chunk {readNumber: 239, chunkSize: 3696, totalBytesReceived: 617781, done: false, firstBytes: '7d f7 a4 26 be de 37 ab fd 5f ea f5 d7 a5 5a 62'}
logger.js:357 07:37:48.871 [INFO] [moqt:session:object-router] Stream read chunk {readNumber: 240, chunkSize: 593, totalBytesReceived: 618374, done: false, firstBytes: '73 fd 39 df 3f 62 3f ad 59 fc fd e1 f7 9f e5 3b'}
logger.js:357 07:37:48.871 [DEBUG] [moqt:session:object-router] Looking up subscription by trackAlias {lookupAlias: '0', found: true, knownAliases: Array(1)}
logger.js:357 07:37:48.871 [INFO] [moqt:session:object-router] Delivering object {subscriptionId: 2, groupId: 1812372262, objectId: 81, dataSize: 7898}
logger.js:357 07:37:48.897 [INFO] [moqt:session:object-router] Stream read chunk {readNumber: 241, chunkSize: 1218, totalBytesReceived: 619592, done: false, firstBytes: '00 5f 42 01 40 52 01 04 81 42 27 7c 5f 37 00 00'}
logger.js:357 07:37:48.898 [INFO] [moqt:session:object-router] Stream read chunk {readNumber: 242, chunkSize: 1176, totalBytesReceived: 620768, done: false, firstBytes: 'f8 3d a8 fb eb 5f 5a fa d7 8f 5a f8 25 de ee ef'}
logger.js:357 07:37:48.902 [INFO] [moqt:session:object-router] Stream read chunk {readNumber: 243, chunkSize: 5611, totalBytesReceived: 626379, done: false, firstBytes: 'e3 8d da 15 bf be 83 54 1e dc 18 03 33 88 d2 cb'}
logger.js:357 07:37:48.902 [DEBUG] [moqt:session:object-router] Looking up subscription by trackAlias {lookupAlias: '0', found: true, knownAliases: Array(1)}
logger.js:357 07:37:48.902 [INFO] [moqt:session:object-router] Delivering object {subscriptionId: 2, groupId: 1812372262, objectId: 82, dataSize: 8002}
logger.js:357 07:37:48.934 [INFO] [moqt:session:object-router] Stream read chunk {readNumber: 244, chunkSize: 3654, totalBytesReceived: 630033, done: false, firstBytes: '00 5f 7a 01 40 53 01 04 81 42 ac 4c 5f 6f 00 00'}
logger.js:357 07:37:48.936 [INFO] [moqt:session:object-router] Stream read chunk {readNumber: 245, chunkSize: 2436, totalBytesReceived: 632469, done: false, firstBytes: '08 b7 fb e2 25 c1 9f 7b fe 22 95 cf 93 65 1d 1f'}
logger.js:357 07:37:48.938 [INFO] [moqt:session:object-router] Stream read chunk {readNumber: 246, chunkSize: 1971, totalBytesReceived: 634440, done: false, firstBytes: '3f 2b 1b 49 fd 7d 4e a7 c1 26 bf 7d 47 6a e3 35'}
logger.js:357 07:37:48.938 [DEBUG] [moqt:session:object-router] Looking up subscription by trackAlias {lookupAlias: '0', found: true, knownAliases: Array(1)}
logger.js:357 07:37:48.938 [INFO] [moqt:session:object-router] Delivering object {subscriptionId: 2, groupId: 1812372262, objectId: 83, dataSize: 8058}
logger.js:357 07:37:48.965 [INFO] [moqt:session:object-router] Stream read chunk {readNumber: 247, chunkSize: 1218, totalBytesReceived: 635658, done: false, firstBytes: '00 5f 5c 01 40 54 01 04 81 43 2f 28 5f 51 00 00'}
logger.js:357 07:37:48.967 [INFO] [moqt:session:object-router] Stream read chunk {readNumber: 248, chunkSize: 2436, totalBytesReceived: 638094, done: false, firstBytes: '0a 5c ea f1 4b 63 9f 5f 5a 9f ad 7d 6b e0 96 27'}
logger.js:357 07:37:48.968 [INFO] [moqt:session:object-router] Stream read chunk {readNumber: 249, chunkSize: 1176, totalBytesReceived: 639270, done: false, firstBytes: 'e2 68 3a ee f0 9f 5e 89 14 b5 fe bf fa f5 75 f5'}
logger.js:357 07:37:48.970 [INFO] [moqt:session:object-router] Stream read chunk {readNumber: 250, chunkSize: 3201, totalBytesReceived: 642471, done: false, firstBytes: '30 45 be 71 73 2a ff 55 5d 5b ea d8 9f 14 f9 fa'}
logger.js:357 07:37:48.970 [DEBUG] [moqt:session:object-router] Looking up subscription by trackAlias {lookupAlias: '0', found: true, knownAliases: Array(1)}
logger.js:357 07:37:48.970 [INFO] [moqt:session:object-router] Delivering object {subscriptionId: 2, groupId: 1812372262, objectId: 84, dataSize: 8028}
logger.js:357 07:37:49.001 [INFO] [moqt:session:object-router] Stream read chunk {readNumber: 251, chunkSize: 7308, totalBytesReceived: 649779, done: false, firstBytes: '00 5e d2 01 40 55 01 04 81 43 ad b8 5e c7 00 00'}
logger.js:357 07:37:49.005 [INFO] [moqt:session:object-router] Stream read chunk {readNumber: 252, chunkSize: 585, totalBytesReceived: 650364, done: false, firstBytes: 'fb af 5d 7f f5 f7 d7 be 08 ba fb d3 eb 27 56 fa'}
logger.js:357 07:37:49.005 [DEBUG] [moqt:session:object-router] Looking up subscription by trackAlias {lookupAlias: '0', found: true, knownAliases: Array(1)}
logger.js:357 07:37:49.005 [INFO] [moqt:session:object-router] Delivering object {subscriptionId: 2, groupId: 1812372262, objectId: 85, dataSize: 7890}
logger.js:357 07:37:49.037 [INFO] [moqt:session:object-router] Stream read chunk {readNumber: 253, chunkSize: 7725, totalBytesReceived: 658089, done: false, firstBytes: '00 5e 2a 01 40 56 01 04 81 44 30 f8 5e 1f 00 00'}
logger.js:357 07:37:49.037 [DEBUG] [moqt:session:object-router] Looking up subscription by trackAlias {lookupAlias: '0', found: true, knownAliases: Array(1)}
logger.js:357 07:37:49.037 [INFO] [moqt:session:object-router] Delivering object {subscriptionId: 2, groupId: 1812372262, objectId: 86, dataSize: 7722}
logger.js:357 07:37:49.066 [INFO] [moqt:session:object-router] Stream read chunk {readNumber: 254, chunkSize: 4872, totalBytesReceived: 662961, done: false, firstBytes: '00 5e 86 01 40 57 01 04 81 44 b6 f4 5e 7b 00 00'}
logger.js:357 07:37:49.071 [INFO] [moqt:session:object-router] Stream read chunk {readNumber: 255, chunkSize: 2945, totalBytesReceived: 665906, done: false, firstBytes: 'bf 4e da 8c e4 70 32 b9 f5 64 66 86 ce ad 68 e5'}
logger.js:357 07:37:49.071 [DEBUG] [moqt:session:object-router] Looking up subscription by trackAlias {lookupAlias: '0', found: true, knownAliases: Array(1)}
logger.js:357 07:37:49.071 [INFO] [moqt:session:object-router] Delivering object {subscriptionId: 2, groupId: 1812372262, objectId: 87, dataSize: 7814}
logger.js:357 07:37:49.103 [INFO] [moqt:session:object-router] Stream read chunk {readNumber: 256, chunkSize: 2394, totalBytesReceived: 668300, done: false, firstBytes: '00 5e d3 01 40 58 01 04 81 45 37 dc 5e c8 00 00'}
logger.js:357 07:37:49.107 [INFO] [moqt:session:object-router] Stream read chunk {readNumber: 257, chunkSize: 3696, totalBytesReceived: 671996, done: false, firstBytes: '89 e4 f5 cd 13 ea bf de bf 8c a7 a7 83 17 8a 3a'}
logger.js:357 07:37:49.107 [INFO] [moqt:session:object-router] Stream read chunk {readNumber: 258, chunkSize: 1804, totalBytesReceived: 673800, done: false, firstBytes: 'ed 76 fb ea f7 d5 a3 78 28 f6 fa bd 1d e4 14 b5'}
logger.js:357 07:37:49.107 [DEBUG] [moqt:session:object-router] Looking up subscription by trackAlias {lookupAlias: '0', found: true, knownAliases: Array(1)}
logger.js:357 07:37:49.108 [INFO] [moqt:session:object-router] Delivering object {subscriptionId: 2, groupId: 1812372262, objectId: 88, dataSize: 7891}
logger.js:357 07:37:49.135 [INFO] [moqt:session:object-router] Stream read chunk {readNumber: 259, chunkSize: 4872, totalBytesReceived: 678672, done: false, firstBytes: '00 5e a0 01 40 59 01 04 81 45 b9 f0 5e 95 00 00'}
logger.js:357 07:37:49.138 [INFO] [moqt:session:object-router] Stream read chunk {readNumber: 260, chunkSize: 2436, totalBytesReceived: 681108, done: false, firstBytes: '05 95 fb be fb fc 10 d7 d7 d6 be af 5d 6b eb 9f'}
logger.js:357 07:37:49.141 [INFO] [moqt:session:object-router] Stream read chunk {readNumber: 261, chunkSize: 535, totalBytesReceived: 681643, done: false, firstBytes: '27 f5 af db 0c d4 bd f2 bf 21 62 d8 d3 8a 20 43'}
logger.js:357 07:37:49.141 [DEBUG] [moqt:session:object-router] Looking up subscription by trackAlias {lookupAlias: '0', found: true, knownAliases: Array(1)}
logger.js:357 07:37:49.141 [INFO] [moqt:session:object-router] Delivering object {subscriptionId: 2, groupId: 1812372262, objectId: 89, dataSize: 7840}
logger.js:357 07:37:49.170 [INFO] [moqt:session:object-router] Stream read chunk {readNumber: 262, chunkSize: 3654, totalBytesReceived: 685297, done: false, firstBytes: '00 5f 02 01 40 5a 01 04 81 46 42 44 5e f7 00 00'}
logger.js:357 07:37:49.171 [INFO] [moqt:session:object-router] Stream read chunk {readNumber: 263, chunkSize: 1218, totalBytesReceived: 686515, done: false, firstBytes: 'b5 42 1f 13 a5 80 c7 ad f1 4f ff aa 85 fa d7 d6'}
logger.js:357 07:37:49.174 [INFO] [moqt:session:object-router] Stream read chunk {readNumber: 264, chunkSize: 3069, totalBytesReceived: 689584, done: false, firstBytes: '78 7d 4e 64 34 2a 5c 32 4b 2d 5f 43 23 34 af c1'}
logger.js:357 07:37:49.174 [DEBUG] [moqt:session:object-router] Looking up subscription by trackAlias {lookupAlias: '0', found: true, knownAliases: Array(1)}
logger.js:357 07:37:49.174 [INFO] [moqt:session:object-router] Delivering object {subscriptionId: 2, groupId: 1812372262, objectId: 90, dataSize: 7938}
logger.js:357 07:37:49.198 [INFO] [moqt:session:object-router] Stream read chunk {readNumber: 265, chunkSize: 1176, totalBytesReceived: 690760, done: false, firstBytes: '00 5f 8e 01 40 5b 01 04 81 46 bc 24 5f 83 00 00'}
logger.js:357 07:37:49.200 [INFO] [moqt:session:object-router] Stream read chunk {readNumber: 266, chunkSize: 3696, totalBytesReceived: 694456, done: false, firstBytes: 'f2 f5 9b af 45 f5 eb 14 b7 d7 b3 ef 11 b9 7a b5'}
logger.js:357 07:37:49.201 [INFO] [moqt:session:object-router] Stream read chunk {readNumber: 267, chunkSize: 1218, totalBytesReceived: 695674, done: false, firstBytes: 'e8 fe c5 12 df aa fa f7 d7 b1 0f f5 6f ab 7d 5a'}
logger.js:357 07:37:49.202 [INFO] [moqt:session:object-router] Stream read chunk {readNumber: 268, chunkSize: 1218, totalBytesReceived: 696892, done: false, firstBytes: '1d fe 99 fd 0f d6 c7 70 4f ee b5 d7 b5 ae a2 f6'}
logger.js:357 07:37:49.209 [INFO] [moqt:session:object-router] Stream read chunk {readNumber: 269, chunkSize: 773, totalBytesReceived: 697665, done: false, firstBytes: '97 af d6 a5 2d 2a ba 67 15 b3 0b f1 6d e7 ff 11'}
logger.js:357 07:37:49.209 [DEBUG] [moqt:session:object-router] Looking up subscription by trackAlias {lookupAlias: '0', found: true, knownAliases: Array(1)}
logger.js:357 07:37:49.209 [INFO] [moqt:session:object-router] Delivering object {subscriptionId: 2, groupId: 1812372262, objectId: 91, dataSize: 8078}
logger.js:357 07:37:49.234 [INFO] [moqt:session:object-router] Stream read chunk {readNumber: 270, chunkSize: 1218, totalBytesReceived: 698883, done: false, firstBytes: '00 5f 2c 01 40 5c 01 04 81 47 46 6c 5f 21 00 00'}
logger.js:357 07:37:49.236 [INFO] [moqt:session:object-router] Stream read chunk {readNumber: 271, chunkSize: 2436, totalBytesReceived: 701319, done: false, firstBytes: '58 95 cf fd 5f 10 b0 80 9e 41 8f a9 3a d7 d5 44'}
logger.js:357 07:37:49.243 [INFO] [moqt:session:object-router] Stream read chunk {readNumber: 272, chunkSize: 4329, totalBytesReceived: 705648, done: false, firstBytes: '3f df 13 59 f1 0f f0 45 ad 3e f4 f9 ff c4 f2 6f'}
logger.js:357 07:37:49.243 [DEBUG] [moqt:session:object-router] Looking up subscription by trackAlias {lookupAlias: '0', found: true, knownAliases: Array(1)}
logger.js:357 07:37:49.243 [INFO] [moqt:session:object-router] Delivering object {subscriptionId: 2, groupId: 1812372262, objectId: 92, dataSize: 7980}
logger.js:357 07:37:49.244 [DEBUG] [moqt:media:video-decoder] Video decode stats {instanceId: 1, framesDecoded: 90, width: 1920, height: 1080}
logger.js:357 07:37:49.266 [INFO] [moqt:session:object-router] Stream read chunk {readNumber: 273, chunkSize: 3654, totalBytesReceived: 709302, done: false, firstBytes: '00 5f 0d 01 40 5d 01 04 81 47 c3 6c 5f 02 00 00'}
logger.js:357 07:37:49.269 [INFO] [moqt:session:object-router] Stream read chunk {readNumber: 274, chunkSize: 1176, totalBytesReceived: 710478, done: false, firstBytes: '48 4b cb 94 0b a5 3a 08 f0 d3 4d 4e 5a 3e da 16'}
logger.js:357 07:37:49.269 [INFO] [moqt:session:object-router] Stream read chunk {readNumber: 275, chunkSize: 1260, totalBytesReceived: 711738, done: false, firstBytes: '11 ab 4c c4 5f 46 dc ce 87 47 63 78 70 5a 8f 19'}
logger.js:357 07:37:49.273 [INFO] [moqt:session:object-router] Stream read chunk {readNumber: 276, chunkSize: 1862, totalBytesReceived: 713600, done: false, firstBytes: 'fb 5b 70 e3 97 ab 46 f5 64 a7 26 f8 af 33 35 e5'}
logger.js:357 07:37:49.273 [DEBUG] [moqt:session:object-router] Looking up subscription by trackAlias {lookupAlias: '0', found: true, knownAliases: Array(1)}
logger.js:357 07:37:49.273 [INFO] [moqt:session:object-router] Delivering object {subscriptionId: 2, groupId: 1812372262, objectId: 93, dataSize: 7949}
logger.js:357 07:37:49.274 [DEBUG] [moqt:media:subscribe-pipeline] Video arbiter stats {activeGroup: 1812372262, groupCount: 1, framesOutput: 91, groupsCompleted: 0, groupsSkipped: 0}
logger.js:357 07:37:49.300 [INFO] [moqt:session:object-router] Stream read chunk {readNumber: 277, chunkSize: 2352, totalBytesReceived: 715952, done: false, firstBytes: '00 5e 9c 01 40 5e 01 04 81 48 3c 20 5e 91 00 00'}
logger.js:357 07:37:49.302 [INFO] [moqt:session:object-router] Stream read chunk {readNumber: 278, chunkSize: 1302, totalBytesReceived: 717254, done: false, firstBytes: '85 8f fd 54 d0 7b 97 85 3d b1 77 17 b8 3b 77 3f'}
logger.js:357 07:37:49.309 [INFO] [moqt:session:object-router] Stream read chunk {readNumber: 279, chunkSize: 4185, totalBytesReceived: 721439, done: false, firstBytes: 'af c2 5d 3d 75 c7 57 da df f6 26 66 1f 5f eb d2'}
logger.js:357 07:37:49.309 [DEBUG] [moqt:session:object-router] Looking up subscription by trackAlias {lookupAlias: '0', found: true, knownAliases: Array(1)}
logger.js:357 07:37:49.309 [INFO] [moqt:session:object-router] Delivering object {subscriptionId: 2, groupId: 1812372262, objectId: 94, dataSize: 7836}
VideoRenderer.tsx:84 [VideoRenderer] Rendering stats {framesRendered: 90, frameWidth: 1920, frameHeight: 1080, timestamp: 92000}
logger.js:357 07:37:49.335 [INFO] [moqt:session:object-router] Stream read chunk {readNumber: 280, chunkSize: 1176, totalBytesReceived: 722615, done: false, firstBytes: '00 5e de 01 40 5f 01 04 81 48 c2 e4 5e d3 00 00'}
logger.js:357 07:37:49.337 [INFO] [moqt:session:object-router] Stream read chunk {readNumber: 281, chunkSize: 1260, totalBytesReceived: 723875, done: false, firstBytes: '51 5c 42 c9 d7 be bd 05 dd 6a 3a 0d 32 09 58 c8'}
logger.js:357 07:37:49.342 [INFO] [moqt:session:object-router] Stream read chunk {readNumber: 282, chunkSize: 2436, totalBytesReceived: 726311, done: false, firstBytes: 'ae b8 28 f4 b4 ac 7c be eb 93 b5 f0 4b bf df a6'}
logger.js:357 07:37:49.342 [INFO] [moqt:session:object-router] Stream read chunk {readNumber: 283, chunkSize: 1218, totalBytesReceived: 727529, done: false, firstBytes: 'eb 10 a0 01 56 b5 29 3d f7 a5 4e e3 3e 58 26 15'}
logger.js:357 07:37:49.343 [INFO] [moqt:session:object-router] Stream read chunk {readNumber: 284, chunkSize: 1815, totalBytesReceived: 729344, done: false, firstBytes: '10 5e 5a 7e 73 f1 7c de b3 93 28 e2 6d 5c 12 eb'}
logger.js:357 07:37:49.343 [DEBUG] [moqt:session:object-router] Looking up subscription by trackAlias {lookupAlias: '0', found: true, knownAliases: Array(1)}
logger.js:357 07:37:49.343 [INFO] [moqt:session:object-router] Delivering object {subscriptionId: 2, groupId: 1812372262, objectId: 95, dataSize: 7902}
logger.js:357 07:37:49.364 [INFO] [moqt:session:object-router] Stream read chunk {readNumber: 285, chunkSize: 1176, totalBytesReceived: 730520, done: false, firstBytes: '00 5e b4 01 40 60 01 04 81 49 48 7c 5e a9 00 00'}
logger.js:357 07:37:49.366 [INFO] [moqt:session:object-router] Stream read chunk {readNumber: 286, chunkSize: 2478, totalBytesReceived: 732998, done: false, firstBytes: 'aa d8 e7 d7 07 f9 79 3d 3b 02 60 31 cb d7 e2 77'}
logger.js:357 07:37:49.366 [INFO] [moqt:session:object-router] Stream read chunk {readNumber: 287, chunkSize: 1218, totalBytesReceived: 734216, done: false, firstBytes: 'ca c3 db d0 dd b5 e1 0a 7f bb ff 08 6d 6a 9f 75'}
logger.js:357 07:37:49.369 [INFO] [moqt:session:object-router] Stream read chunk {readNumber: 288, chunkSize: 2436, totalBytesReceived: 736652, done: false, firstBytes: '2c f4 51 17 6d 22 43 85 75 09 9f 8c b9 fd f9 b6'}
logger.js:357 07:37:49.369 [INFO] [moqt:session:object-router] Stream read chunk {readNumber: 289, chunkSize: 555, totalBytesReceived: 737207, done: false, firstBytes: 'da c4 7c b4 af f5 ec 15 eb 55 a4 dc d4 a8 ed a4'}
logger.js:357 07:37:49.370 [DEBUG] [moqt:session:object-router] Looking up subscription by trackAlias {lookupAlias: '0', found: true, knownAliases: Array(1)}
logger.js:357 07:37:49.370 [INFO] [moqt:session:object-router] Delivering object {subscriptionId: 2, groupId: 1812372262, objectId: 96, dataSize: 7860}
logger.js:357 07:37:49.398 [INFO] [moqt:session:object-router] Stream read chunk {readNumber: 290, chunkSize: 1218, totalBytesReceived: 738425, done: false, firstBytes: '00 5e a4 01 40 61 01 04 81 49 cb 58 5e 99 00 00'}
logger.js:357 07:37:49.399 [INFO] [moqt:session:object-router] Stream read chunk {readNumber: 291, chunkSize: 1176, totalBytesReceived: 739601, done: false, firstBytes: '6c fb 8a eb 5f 5a be ad f5 6a ea d3 77 ea ff d5'}
logger.js:357 07:37:49.400 [INFO] [moqt:session:object-router] Stream read chunk {readNumber: 292, chunkSize: 3696, totalBytesReceived: 743297, done: false, firstBytes: '4d 9d f6 30 14 d8 df d3 95 9b de 6d ba e1 6a f9'}
logger.js:357 07:37:49.401 [INFO] [moqt:session:object-router] Stream read chunk {readNumber: 293, chunkSize: 1757, totalBytesReceived: 745054, done: false, firstBytes: '8f 4a d6 fb ba e5 be f4 46 ca 33 4b af bf 6b e3'}
logger.js:357 07:37:49.401 [DEBUG] [moqt:session:object-router] Looking up subscription by trackAlias {lookupAlias: '0', found: true, knownAliases: Array(1)}
logger.js:357 07:37:49.401 [INFO] [moqt:session:object-router] Delivering object {subscriptionId: 2, groupId: 1812372262, objectId: 97, dataSize: 7844}
logger.js:357 07:37:49.433 [INFO] [moqt:session:object-router] Stream read chunk {readNumber: 294, chunkSize: 2436, totalBytesReceived: 747490, done: false, firstBytes: '00 5d ea 01 40 62 01 04 81 4a 52 1c 5d df 00 00'}
logger.js:357 07:37:49.437 [INFO] [moqt:session:object-router] Stream read chunk {readNumber: 295, chunkSize: 5225, totalBytesReceived: 752715, done: false, firstBytes: '4a cf 5b 8b ed 6b e3 08 ac 44 a8 35 72 f1 0d 12'}
logger.js:357 07:37:49.437 [DEBUG] [moqt:session:object-router] Looking up subscription by trackAlias {lookupAlias: '0', found: true, knownAliases: Array(1)}
logger.js:357 07:37:49.437 [INFO] [moqt:session:object-router] Delivering object {subscriptionId: 2, groupId: 1812372262, objectId: 98, dataSize: 7658}
logger.js:357 07:37:49.479 [INFO] [moqt:session:object-router] Stream read chunk {readNumber: 296, chunkSize: 10376, totalBytesReceived: 763091, done: false, firstBytes: '00 68 85 01 40 63 01 04 81 4a e6 28 68 7a 00 00'}
logger.js:357 07:37:49.479 [DEBUG] [moqt:session:object-router] Looking up subscription by trackAlias {lookupAlias: '0', found: true, knownAliases: Array(1)}
logger.js:357 07:37:49.479 [INFO] [moqt:session:object-router] Delivering object {subscriptionId: 2, groupId: 1812372262, objectId: 99, dataSize: 10373}
logger.js:357 07:37:49.503 [INFO] [moqt:session:object-router] Stream read chunk {readNumber: 297, chunkSize: 1176, totalBytesReceived: 764267, done: false, firstBytes: '00 5a fa 01 40 64 01 04 81 4b 50 cc 5a ef 00 00'}
logger.js:357 07:37:49.503 [INFO] [moqt:session:object-router] Stream read chunk {readNumber: 298, chunkSize: 1260, totalBytesReceived: 765527, done: false, firstBytes: 'fd 7b eb d0 af 5e 8d eb d7 81 42 ea bd f0 49 ef'}
logger.js:357 07:37:49.506 [INFO] [moqt:session:object-router] Stream read chunk {readNumber: 299, chunkSize: 4473, totalBytesReceived: 770000, done: false, firstBytes: '5f 5a af 8e 6b ae 90 25 f7 d7 5e 0d 57 a8 ff d7'}
logger.js:357 07:37:49.506 [DEBUG] [moqt:session:object-router] Looking up subscription by trackAlias {lookupAlias: '0', found: true, knownAliases: Array(1)}
logger.js:357 07:37:49.506 [INFO] [moqt:session:object-router] Delivering object {subscriptionId: 2, groupId: 1812372262, objectId: 100, dataSize: 6906}
logger.js:357 07:37:49.537 [INFO] [moqt:session:object-router] Stream read chunk {readNumber: 300, chunkSize: 7518, totalBytesReceived: 777518, done: false, firstBytes: '00 5d 5b 01 40 65 01 04 81 4b d9 84 5d 50 00 00'}
logger.js:357 07:37:49.537 [DEBUG] [moqt:session:object-router] Looking up subscription by trackAlias {lookupAlias: '0', found: true, knownAliases: Array(1)}
logger.js:357 07:37:49.537 [INFO] [moqt:session:object-router] Delivering object {subscriptionId: 2, groupId: 1812372262, objectId: 101, dataSize: 7515}
logger.js:357 07:37:49.565 [INFO] [moqt:session:object-router] Stream read chunk {readNumber: 301, chunkSize: 2436, totalBytesReceived: 779954, done: false, firstBytes: '00 68 cb 01 40 66 01 04 81 4c 55 58 68 c0 00 00'}
logger.js:357 07:37:49.566 [INFO] [moqt:session:object-router] Stream read chunk {readNumber: 302, chunkSize: 1218, totalBytesReceived: 781172, done: false, firstBytes: '31 27 84 7c ba fe 4a fa 96 c6 f8 9e af f5 ac eb'}
logger.js:357 07:37:49.567 [INFO] [moqt:session:object-router] Stream read chunk {readNumber: 303, chunkSize: 1176, totalBytesReceived: 782348, done: false, firstBytes: '4d 17 c9 95 8f 94 23 d3 6f bd b7 e6 d0 95 af 7d'}
logger.js:357 07:37:49.569 [INFO] [moqt:session:object-router] Stream read chunk {readNumber: 304, chunkSize: 2436, totalBytesReceived: 784784, done: false, firstBytes: '9e c4 73 75 78 be b5 f7 ad 62 5d 0f d5 be aa 4c'}
logger.js:357 07:37:49.571 [INFO] [moqt:session:object-router] Stream read chunk {readNumber: 305, chunkSize: 1648, totalBytesReceived: 786432, done: false, firstBytes: '03 08 08 75 eb 14 ff 56 7c 27 bf 5f d7 50 8f 5e'}
logger.js:357 07:37:49.571 [INFO] [moqt:session:object-router] Stream read chunk {readNumber: 306, chunkSize: 830, totalBytesReceived: 787262, done: false, firstBytes: '7c 15 f2 d4 c6 8c c6 bf 2e fe 5b fb 15 c1 55 57'}
logger.js:357 07:37:49.575 [INFO] [moqt:session:object-router] Stream read chunk {readNumber: 307, chunkSize: 702, totalBytesReceived: 787964, done: false, firstBytes: 'f8 fb 92 0f db a7 7d 7c 10 ef d8 fa d6 75 f0 7a'}
logger.js:357 07:37:49.575 [DEBUG] [moqt:session:object-router] Looking up subscription by trackAlias {lookupAlias: '0', found: true, knownAliases: Array(1)}
logger.js:357 07:37:49.575 [INFO] [moqt:session:object-router] Delivering object {subscriptionId: 2, groupId: 1812372262, objectId: 102, dataSize: 10443}
logger.js:357 07:37:49.598 [INFO] [moqt:session:object-router] Stream read chunk {readNumber: 308, chunkSize: 1218, totalBytesReceived: 789182, done: false, firstBytes: '00 5b 8c 01 40 67 01 04 81 4c d9 c4 5b 81 00 00'}
logger.js:357 07:37:49.598 [INFO] [moqt:session:object-router] Stream read chunk {readNumber: 309, chunkSize: 2394, totalBytesReceived: 791576, done: false, firstBytes: '3f d5 fe bd 9d 7e bd 17 83 0a ea df 56 fa b7 d5'}
logger.js:357 07:37:49.599 [INFO] [moqt:session:object-router] Stream read chunk {readNumber: 310, chunkSize: 1260, totalBytesReceived: 792836, done: false, firstBytes: 'd7 b1 0f 62 16 41 0f 5d 6b eb 7f ad 50 97 8f e0'}
logger.js:357 07:37:49.600 [INFO] [moqt:session:object-router] Stream read chunk {readNumber: 311, chunkSize: 1218, totalBytesReceived: 794054, done: false, firstBytes: '04 f7 fa 5b 60 a3 bf 9b 1b e0 b3 dd 73 be df 13'}
logger.js:357 07:37:49.603 [INFO] [moqt:session:object-router] Stream read chunk {readNumber: 312, chunkSize: 965, totalBytesReceived: 795019, done: false, firstBytes: '3d eb f5 54 df d6 20 47 89 26 63 f7 a0 4d ad 7a'}
logger.js:357 07:37:49.603 [DEBUG] [moqt:session:object-router] Looking up subscription by trackAlias {lookupAlias: '0', found: true, knownAliases: Array(1)}
logger.js:357 07:37:49.603 [INFO] [moqt:session:object-router] Delivering object {subscriptionId: 2, groupId: 1812372262, objectId: 103, dataSize: 7052}
logger.js:357 07:37:49.633 [INFO] [moqt:session:object-router] Stream read chunk {readNumber: 313, chunkSize: 4872, totalBytesReceived: 799891, done: false, firstBytes: '00 5d b2 01 40 68 01 04 81 4d 5e 94 5d a7 00 00'}
logger.js:357 07:37:49.637 [INFO] [moqt:session:object-router] Stream read chunk {readNumber: 314, chunkSize: 2733, totalBytesReceived: 802624, done: false, firstBytes: '23 76 7c 19 fc 0d 95 8c c2 da 7f 0b 0e 9a ab 2f'}
logger.js:357 07:37:49.637 [DEBUG] [moqt:session:object-router] Looking up subscription by trackAlias {lookupAlias: '0', found: true, knownAliases: Array(1)}
logger.js:357 07:37:49.637 [INFO] [moqt:session:object-router] Delivering object {subscriptionId: 2, groupId: 1812372262, objectId: 104, dataSize: 7602}
logger.js:357 07:37:49.666 [INFO] [moqt:session:object-router] Stream read chunk {readNumber: 315, chunkSize: 1218, totalBytesReceived: 803842, done: false, firstBytes: '00 68 98 01 40 69 01 04 81 4d df 7c 68 8d 00 00'}
logger.js:357 07:37:49.670 [INFO] [moqt:session:object-router] Stream read chunk {readNumber: 316, chunkSize: 2436, totalBytesReceived: 806278, done: false, firstBytes: 'b5 7d 6a ba b5 75 a8 47 ab c4 9d 5c 9d 5e 8f df'}
logger.js:357 07:37:49.673 [INFO] [moqt:session:object-router] Stream read chunk {readNumber: 317, chunkSize: 6741, totalBytesReceived: 813019, done: false, firstBytes: 'e2 f6 ab 55 5f 05 bd aa aa fb e0 9f dd ef ef 82'}
logger.js:357 07:37:49.673 [DEBUG] [moqt:session:object-router] Looking up subscription by trackAlias {lookupAlias: '0', found: true, knownAliases: Array(1)}
logger.js:357 07:37:49.673 [INFO] [moqt:session:object-router] Delivering object {subscriptionId: 2, groupId: 1812372262, objectId: 105, dataSize: 10392}
logger.js:357 07:37:49.704 [INFO] [moqt:session:object-router] Stream read chunk {readNumber: 318, chunkSize: 3654, totalBytesReceived: 816673, done: false, firstBytes: '00 5a d0 01 40 6a 01 04 81 4e 60 00 5a c5 00 00'}
logger.js:357 07:37:49.711 [INFO] [moqt:session:object-router] Stream read chunk {readNumber: 319, chunkSize: 3213, totalBytesReceived: 819886, done: false, firstBytes: 'b7 d2 e9 75 b1 44 cd c9 63 ac 9f e2 65 6e da 74'}
logger.js:357 07:37:49.711 [DEBUG] [moqt:session:object-router] Looking up subscription by trackAlias {lookupAlias: '0', found: true, knownAliases: Array(1)}
logger.js:357 07:37:49.711 [INFO] [moqt:session:object-router] Delivering object {subscriptionId: 2, groupId: 1812372262, objectId: 106, dataSize: 6864}
logger.js:357 07:37:49.735 [INFO] [moqt:session:object-router] Stream read chunk {readNumber: 320, chunkSize: 6090, totalBytesReceived: 825976, done: false, firstBytes: '00 5d dc 01 40 6b 01 04 81 4e e5 98 5d d1 00 00'}
logger.js:357 07:37:49.736 [INFO] [moqt:session:object-router] Stream read chunk {readNumber: 321, chunkSize: 1218, totalBytesReceived: 827194, done: false, firstBytes: 'fc 7e ba fb 2f c2 17 77 72 f2 77 25 ed ef e2 fb'}
logger.js:357 07:37:49.754 [INFO] [moqt:session:object-router] Stream read chunk {readNumber: 322, chunkSize: 339, totalBytesReceived: 827533, done: false, firstBytes: 'dc b8 34 fb df 5c 4d fe b6 77 9f 8a ef 76 ff 09'}
logger.js:357 07:37:49.754 [DEBUG] [moqt:session:object-router] Looking up subscription by trackAlias {lookupAlias: '0', found: true, knownAliases: Array(1)}
logger.js:357 07:37:49.754 [INFO] [moqt:session:object-router] Delivering object {subscriptionId: 2, groupId: 1812372262, objectId: 107, dataSize: 7644}
logger.js:357 07:37:49.766 [INFO] [moqt:session:object-router] Stream read chunk {readNumber: 323, chunkSize: 2436, totalBytesReceived: 829969, done: false, firstBytes: '00 67 3d 01 40 6c 01 04 81 4f 5e 4c 67 32 00 00'}
logger.js:357 07:37:49.767 [INFO] [moqt:session:object-router] Stream read chunk {readNumber: 324, chunkSize: 1218, totalBytesReceived: 831187, done: false, firstBytes: 'de d6 87 80 dd 1b 4d d3 7b 54 ac f9 70 49 f9 7a'}
logger.js:357 07:37:49.772 [INFO] [moqt:session:object-router] Stream read chunk {readNumber: 325, chunkSize: 2394, totalBytesReceived: 833581, done: false, firstBytes: '4d ef d0 2a 97 77 47 db 8a ba 49 b8 24 f4 9b e2'}
logger.js:357 07:37:49.774 [INFO] [moqt:session:object-router] Stream read chunk {readNumber: 326, chunkSize: 4000, totalBytesReceived: 837581, done: false, firstBytes: 'ff 33 1e 5d cb f2 71 1e ef df 04 f4 56 d3 3c 32'}
logger.js:357 07:37:49.774 [DEBUG] [moqt:session:object-router] Looking up subscription by trackAlias {lookupAlias: '0', found: true, knownAliases: Array(1)}
logger.js:357 07:37:49.774 [INFO] [moqt:session:object-router] Delivering object {subscriptionId: 2, groupId: 1812372262, objectId: 108, dataSize: 10045}
logger.js:357 07:37:49.799 [INFO] [moqt:session:object-router] Stream read chunk {readNumber: 327, chunkSize: 2436, totalBytesReceived: 840017, done: false, firstBytes: '00 59 86 01 40 6d 01 04 81 4f e1 f0 59 7b 00 00'}
logger.js:357 07:37:49.802 [INFO] [moqt:session:object-router] Stream read chunk {readNumber: 328, chunkSize: 3654, totalBytesReceived: 843671, done: false, firstBytes: 'ef fa b9 2b dd 45 69 f5 93 f9 7d 32 89 58 9e 12'}
logger.js:357 07:37:49.806 [INFO] [moqt:session:object-router] Stream read chunk {readNumber: 329, chunkSize: 447, totalBytesReceived: 844118, done: false, firstBytes: '23 64 ef be b2 f8 4b bf 78 9e bd e9 7a ee 4f 4b'}
logger.js:357 07:37:49.806 [DEBUG] [moqt:session:object-router] Looking up subscription by trackAlias {lookupAlias: '0', found: true, knownAliases: Array(1)}
logger.js:357 07:37:49.806 [INFO] [moqt:session:object-router] Delivering object {subscriptionId: 2, groupId: 1812372262, objectId: 109, dataSize: 6534}
logger.js:357 07:37:49.839 [INFO] [moqt:session:object-router] Stream read chunk {readNumber: 330, chunkSize: 9744, totalBytesReceived: 853862, done: false, firstBytes: '00 66 fb 01 40 6e 01 04 81 50 67 88 66 f0 00 00'}
logger.js:357 07:37:49.843 [INFO] [moqt:session:object-router] Stream read chunk {readNumber: 331, chunkSize: 238, totalBytesReceived: 854100, done: false, firstBytes: '33 79 64 37 8d f2 cd f6 75 27 c8 c6 c2 95 ad e7'}
logger.js:357 07:37:49.843 [DEBUG] [moqt:session:object-router] Looking up subscription by trackAlias {lookupAlias: '0', found: true, knownAliases: Array(1)}
logger.js:357 07:37:49.843 [INFO] [moqt:session:object-router] Delivering object {subscriptionId: 2, groupId: 1812372262, objectId: 110, dataSize: 9979}
logger.js:357 07:37:49.877 [INFO] [moqt:session:object-router] Stream read chunk {readNumber: 332, chunkSize: 3654, totalBytesReceived: 857754, done: false, firstBytes: '00 59 66 01 40 6f 01 04 81 50 ff 7c 59 5b 00 00'}
logger.js:357 07:37:49.881 [INFO] [moqt:session:object-router] Stream read chunk {readNumber: 333, chunkSize: 2851, totalBytesReceived: 860605, done: false, firstBytes: '0f f0 59 cd 1d f8 eb af 82 ea 4b f5 7e 76 09 bd'}
logger.js:357 07:37:49.881 [DEBUG] [moqt:session:object-router] Looking up subscription by trackAlias {lookupAlias: '0', found: true, knownAliases: Array(1)}
logger.js:357 07:37:49.881 [INFO] [moqt:session:object-router] Delivering object {subscriptionId: 2, groupId: 1812372262, objectId: 111, dataSize: 6502}
logger.js:357 07:37:49.902 [INFO] [moqt:session:object-router] Stream read chunk {readNumber: 334, chunkSize: 4872, totalBytesReceived: 865477, done: false, firstBytes: '00 67 8a 01 40 70 01 04 81 51 71 28 67 7f 00 00'}
logger.js:357 07:37:49.902 [INFO] [moqt:session:object-router] Stream read chunk {readNumber: 335, chunkSize: 1218, totalBytesReceived: 866695, done: false, firstBytes: '57 5e 9f 93 d3 5d 5b eb d3 70 8f af 7d fa 8b f7'}
logger.js:357 07:37:49.904 [INFO] [moqt:session:object-router] Stream read chunk {readNumber: 336, chunkSize: 1218, totalBytesReceived: 867913, done: false, firstBytes: '47 d6 2e 7b d5 ac 63 37 f5 f9 6e 7b 0a 7b a7 59'}
logger.js:357 07:37:49.908 [INFO] [moqt:session:object-router] Stream read chunk {readNumber: 337, chunkSize: 1218, totalBytesReceived: 869131, done: false, firstBytes: 'ad b4 d1 a2 39 ba dd 7e 6e cd 15 85 b8 be 93 a3'}
logger.js:357 07:37:49.910 [INFO] [moqt:session:object-router] Stream read chunk {readNumber: 338, chunkSize: 1599, totalBytesReceived: 870730, done: false, firstBytes: '46 cd 45 05 65 fe b5 ff 9d c4 55 d4 bd 77 ff 91'}
logger.js:357 07:37:49.910 [DEBUG] [moqt:session:object-router] Looking up subscription by trackAlias {lookupAlias: '0', found: true, knownAliases: Array(1)}
logger.js:357 07:37:49.910 [INFO] [moqt:session:object-router] Delivering object {subscriptionId: 2, groupId: 1812372262, objectId: 112, dataSize: 10122}
logger.js:357 07:37:49.935 [INFO] [moqt:session:object-router] Stream read chunk {readNumber: 339, chunkSize: 6090, totalBytesReceived: 876820, done: false, firstBytes: '00 5a 56 01 40 71 01 04 81 51 e8 4c 5a 4b 00 00'}
logger.js:357 07:37:49.936 [INFO] [moqt:session:object-router] Stream read chunk {readNumber: 340, chunkSize: 655, totalBytesReceived: 877475, done: false, firstBytes: '88 2d ff af 71 cf 6e 84 2f 7c bd b9 78 4b 35 17'}
logger.js:357 07:37:49.936 [DEBUG] [moqt:session:object-router] Looking up subscription by trackAlias {lookupAlias: '0', found: true, knownAliases: Array(1)}
logger.js:357 07:37:49.936 [INFO] [moqt:session:object-router] Delivering object {subscriptionId: 2, groupId: 1812372262, objectId: 113, dataSize: 6742}
logger.js:357 07:37:49.969 [INFO] [moqt:session:object-router] Stream read chunk {readNumber: 341, chunkSize: 2352, totalBytesReceived: 879827, done: false, firstBytes: '00 68 29 01 40 72 01 04 81 52 80 40 68 1e 00 00'}
logger.js:357 07:37:49.974 [INFO] [moqt:session:object-router] Stream read chunk {readNumber: 342, chunkSize: 7932, totalBytesReceived: 887759, done: false, firstBytes: '78 91 4f af 8b eb df 5e 88 eb d3 09 f3 f9 d6 25'}
logger.js:357 07:37:49.974 [DEBUG] [moqt:session:object-router] Looking up subscription by trackAlias {lookupAlias: '0', found: true, knownAliases: Array(1)}
logger.js:357 07:37:49.974 [INFO] [moqt:session:object-router] Delivering object {subscriptionId: 2, groupId: 1812372262, objectId: 114, dataSize: 10281}
logger.js:357 07:37:50.000 [INFO] [moqt:session:object-router] Stream read chunk {readNumber: 343, chunkSize: 3654, totalBytesReceived: 891413, done: false, firstBytes: '00 61 f9 01 40 73 01 04 81 52 f5 0c 61 ee 00 00'}
logger.js:357 07:37:50.004 [INFO] [moqt:session:object-router] Stream read chunk {readNumber: 344, chunkSize: 2436, totalBytesReceived: 893849, done: false, firstBytes: 'da a9 7a 5b b2 4d da fb ef f1 5b fd eb 64 08 df'}
logger.js:357 07:37:50.007 [INFO] [moqt:session:object-router] Stream read chunk {readNumber: 345, chunkSize: 2610, totalBytesReceived: 896459, done: false, firstBytes: 'bf 6c 28 31 14 74 ff 35 fa d6 6f 96 b5 dc 48 32'}
logger.js:357 07:37:50.007 [DEBUG] [moqt:session:object-router] Looking up subscription by trackAlias {lookupAlias: '0', found: true, knownAliases: Array(1)}
logger.js:357 07:37:50.007 [INFO] [moqt:session:object-router] Delivering object {subscriptionId: 2, groupId: 1812372262, objectId: 115, dataSize: 8697}
logger.js:357 07:37:50.040 [INFO] [moqt:session:object-router] Stream read chunk {readNumber: 346, chunkSize: 8526, totalBytesReceived: 904985, done: false, firstBytes: '00 6a 76 01 40 74 01 04 81 53 78 4c 6a 6b 00 00'}
logger.js:357 07:37:50.040 [INFO] [moqt:session:object-router] Stream read chunk {readNumber: 347, chunkSize: 1218, totalBytesReceived: 906203, done: false, firstBytes: 'f5 75 af ad 7d 6b 2e a7 b1 70 8b 31 e0 b3 26 2d'}
logger.js:357 07:37:50.041 [INFO] [moqt:session:object-router] Stream read chunk {readNumber: 348, chunkSize: 1129, totalBytesReceived: 907332, done: false, firstBytes: 'fb d7 5b 35 3d 3b 7a ae bd f5 ec 6e d2 75 2f b8'}
logger.js:357 07:37:50.041 [DEBUG] [moqt:session:object-router] Looking up subscription by trackAlias {lookupAlias: '0', found: true, knownAliases: Array(1)}
logger.js:357 07:37:50.041 [INFO] [moqt:session:object-router] Delivering object {subscriptionId: 2, groupId: 1812372262, objectId: 116, dataSize: 10870}
logger.js:357 07:37:50.065 [INFO] [moqt:session:object-router] Stream read chunk {readNumber: 349, chunkSize: 1176, totalBytesReceived: 908508, done: false, firstBytes: '00 67 27 01 40 75 01 04 81 53 f8 d0 67 1c 00 00'}
logger.js:357 07:37:50.067 [INFO] [moqt:session:object-router] Stream read chunk {readNumber: 350, chunkSize: 3696, totalBytesReceived: 912204, done: false, firstBytes: '53 75 e8 4b 03 42 b6 28 97 f5 ac 57 7d 5b ea df'}
logger.js:357 07:37:50.082 [INFO] [moqt:session:object-router] Stream read chunk {readNumber: 351, chunkSize: 1218, totalBytesReceived: 913422, done: false, firstBytes: 'ec 13 f8 e2 5b cb eb 5e 05 05 ac ef 8e f5 8a 58'}
logger.js:357 07:37:50.083 [INFO] [moqt:session:object-router] Stream read chunk {readNumber: 352, chunkSize: 3936, totalBytesReceived: 917358, done: false, firstBytes: '79 63 47 45 28 52 4f 68 e3 26 da 3f ed 0d dc 84'}
logger.js:357 07:37:50.084 [DEBUG] [moqt:session:object-router] Looking up subscription by trackAlias {lookupAlias: '0', found: true, knownAliases: Array(1)}
logger.js:357 07:37:50.084 [INFO] [moqt:session:object-router] Delivering object {subscriptionId: 2, groupId: 1812372262, objectId: 117, dataSize: 10023}
logger.js:357 07:37:50.099 [INFO] [moqt:session:object-router] Stream read chunk {readNumber: 353, chunkSize: 1169, totalBytesReceived: 918527, done: false, firstBytes: '00 68 d3 01 40 76 01 04 81 54 7a 1c 68 c8 00 00'}
logger.js:357 07:37:50.101 [INFO] [moqt:session:object-router] Stream read chunk {readNumber: 354, chunkSize: 2589, totalBytesReceived: 921116, done: false, firstBytes: '8e b2 75 78 42 37 0b 75 ef af 7d 7a 27 ad 4b 06'}
logger.js:357 07:37:50.103 [INFO] [moqt:session:object-router] Stream read chunk {readNumber: 355, chunkSize: 3696, totalBytesReceived: 924812, done: false, firstBytes: '9d d8 e3 b7 b0 56 09 56 a1 31 0f f2 6f e4 43 e2'}
logger.js:357 07:37:50.103 [INFO] [moqt:session:object-router] Stream read chunk {readNumber: 356, chunkSize: 1218, totalBytesReceived: 926030, done: false, firstBytes: '14 ea 7c b9 ad cf 72 ef 22 65 af 62 37 50 55 cf'}
logger.js:357 07:37:50.105 [INFO] [moqt:session:object-router] Stream read chunk {readNumber: 357, chunkSize: 1782, totalBytesReceived: 927812, done: false, firstBytes: 'f5 bf d5 e6 eb dc 77 98 61 7d f9 eb ad 72 45 49'}
logger.js:357 07:37:50.105 [DEBUG] [moqt:session:object-router] Looking up subscription by trackAlias {lookupAlias: '0', found: true, knownAliases: Array(1)}
logger.js:357 07:37:50.105 [INFO] [moqt:session:object-router] Delivering object {subscriptionId: 2, groupId: 1812372262, objectId: 118, dataSize: 10451}
logger.js:357 07:37:50.132 [INFO] [moqt:session:object-router] Stream read chunk {readNumber: 358, chunkSize: 2394, totalBytesReceived: 930206, done: false, firstBytes: '00 60 1f 01 40 77 01 04 81 54 fc f8 60 14 00 00'}
logger.js:357 07:37:50.132 [INFO] [moqt:session:object-router] Stream read chunk {readNumber: 359, chunkSize: 1260, totalBytesReceived: 931466, done: false, firstBytes: 'a4 09 62 eb 5a 56 b2 d4 38 25 84 7b f8 9e ee 2b'}
logger.js:357 07:37:50.136 [INFO] [moqt:session:object-router] Stream read chunk {readNumber: 360, chunkSize: 3654, totalBytesReceived: 935120, done: false, firstBytes: 'ff f3 0c 34 cd f0 7d 0b f3 65 25 ed 66 cf e7 55'}
logger.js:357 07:37:50.136 [INFO] [moqt:session:object-router] Stream read chunk {readNumber: 361, chunkSize: 918, totalBytesReceived: 936038, done: false, firstBytes: 'e6 d9 79 62 9b be ab 1b fc 54 45 cd ea 2e bc 49'}
logger.js:357 07:37:50.136 [DEBUG] [moqt:session:object-router] Looking up subscription by trackAlias {lookupAlias: '0', found: true, knownAliases: Array(1)}
logger.js:357 07:37:50.136 [INFO] [moqt:session:object-router] Delivering object {subscriptionId: 2, groupId: 1812372262, objectId: 119, dataSize: 8223}
logger.js:357 07:37:50.173 [INFO] [moqt:session:object-router] Stream read chunk {readNumber: 362, chunkSize: 7562, totalBytesReceived: 943600, done: false, firstBytes: '00 5d 87 01 40 78 01 04 81 55 7f 0c 5d 7c 00 00'}
logger.js:357 07:37:50.173 [DEBUG] [moqt:session:object-router] Looking up subscription by trackAlias {lookupAlias: '0', found: true, knownAliases: Array(1)}
logger.js:357 07:37:50.173 [INFO] [moqt:session:object-router] Delivering object {subscriptionId: 2, groupId: 1812372262, objectId: 120, dataSize: 7559}
logger.js:357 07:37:50.208 [INFO] [moqt:session:object-router] Stream read chunk {readNumber: 363, chunkSize: 1176, totalBytesReceived: 944776, done: false, firstBytes: '00 64 1b 01 40 79 01 04 81 56 27 cc 64 10 00 00'}
logger.js:357 07:37:50.211 [INFO] [moqt:session:object-router] Stream read chunk {readNumber: 364, chunkSize: 3688, totalBytesReceived: 948464, done: false, firstBytes: 'eb 51 1d 6a 0c 05 2e 29 ec 57 f5 ab eb 53 f5 e9'}
logger.js:357 07:37:50.214 [INFO] [moqt:session:object-router] Stream read chunk {readNumber: 365, chunkSize: 4382, totalBytesReceived: 952846, done: false, firstBytes: 'f1 71 ab b1 18 ad 28 a2 56 a2 66 e0 e0 10 82 4a'}
logger.js:357 07:37:50.214 [DEBUG] [moqt:session:object-router] Looking up subscription by trackAlias {lookupAlias: '0', found: true, knownAliases: Array(1)}
logger.js:357 07:37:50.214 [INFO] [moqt:session:object-router] Delivering object {subscriptionId: 2, groupId: 1812372262, objectId: 121, dataSize: 9243}
logger.js:357 07:37:50.237 [INFO] [moqt:session:object-router] Stream read chunk {readNumber: 366, chunkSize: 7280, totalBytesReceived: 960126, done: false, firstBytes: '00 5c 6d 01 40 7a 01 04 81 56 82 d0 5c 62 00 00'}
logger.js:357 07:37:50.237 [DEBUG] [moqt:session:object-router] Looking up subscription by trackAlias {lookupAlias: '0', found: true, knownAliases: Array(1)}
logger.js:357 07:37:50.237 [INFO] [moqt:session:object-router] Delivering object {subscriptionId: 2, groupId: 1812372262, objectId: 122, dataSize: 7277}
logger.js:357 07:37:50.252 [DEBUG] [moqt:media:video-decoder] Video decode stats {instanceId: 1, framesDecoded: 120, width: 1920, height: 1080}
logger.js:357 07:37:50.274 [INFO] [moqt:session:object-router] Stream read chunk {readNumber: 367, chunkSize: 7587, totalBytesReceived: 967713, done: false, firstBytes: '00 5d a0 01 40 7b 01 04 81 57 07 a0 5d 95 00 00'}
logger.js:357 07:37:50.274 [DEBUG] [moqt:session:object-router] Looking up subscription by trackAlias {lookupAlias: '0', found: true, knownAliases: Array(1)}
logger.js:357 07:37:50.274 [INFO] [moqt:session:object-router] Delivering object {subscriptionId: 2, groupId: 1812372262, objectId: 123, dataSize: 7584}
logger.js:357 07:37:50.298 [INFO] [moqt:session:object-router] Stream read chunk {readNumber: 368, chunkSize: 1218, totalBytesReceived: 968931, done: false, firstBytes: '00 60 e9 01 40 7c 01 04 81 57 8a 18 60 de 00 00'}
logger.js:357 07:37:50.300 [INFO] [moqt:session:object-router] Stream read chunk {readNumber: 369, chunkSize: 2394, totalBytesReceived: 971325, done: false, firstBytes: 'f0 80 8e 0b 8e ee 8e ae 22 f3 61 fa 15 c2 ff ea'}
logger.js:357 07:37:50.302 [INFO] [moqt:session:object-router] Stream read chunk {readNumber: 370, chunkSize: 1260, totalBytesReceived: 972585, done: false, firstBytes: 'bd f3 88 e3 ea d6 c1 ac 81 81 59 7e f7 24 08 a6'}
logger.js:357 07:37:50.306 [INFO] [moqt:session:object-router] Stream read chunk {readNumber: 371, chunkSize: 3556, totalBytesReceived: 976141, done: false, firstBytes: 'f5 89 f3 f9 bf 9f a0 25 02 3e 9f b3 27 fe 7f 04'}
logger.js:357 07:37:50.306 [DEBUG] [moqt:session:object-router] Looking up subscription by trackAlias {lookupAlias: '0', found: true, knownAliases: Array(1)}
logger.js:357 07:37:50.306 [INFO] [moqt:session:object-router] Delivering object {subscriptionId: 2, groupId: 1812372262, objectId: 124, dataSize: 8425}
logger.js:357 07:37:50.333 [INFO] [moqt:session:object-router] Stream read chunk {readNumber: 372, chunkSize: 2436, totalBytesReceived: 978577, done: false, firstBytes: '00 62 d7 01 40 7d 01 04 81 58 0c 90 62 cc 00 00'}
logger.js:357 07:37:50.336 [INFO] [moqt:session:object-router] Stream read chunk {readNumber: 373, chunkSize: 4872, totalBytesReceived: 983449, done: false, firstBytes: 'd8 06 4d 6b ca c9 bc 9c e4 bd 50 75 75 ca cf 79'}
logger.js:357 07:37:50.336 [INFO] [moqt:session:object-router] Stream read chunk {readNumber: 374, chunkSize: 1614, totalBytesReceived: 985063, done: false, firstBytes: 'ec 59 37 ce 4e 6f ff 86 83 1e 6f 37 ac 76 66 26'}
logger.js:357 07:37:50.336 [DEBUG] [moqt:session:object-router] Looking up subscription by trackAlias {lookupAlias: '0', found: true, knownAliases: Array(1)}
logger.js:357 07:37:50.336 [INFO] [moqt:session:object-router] Delivering object {subscriptionId: 2, groupId: 1812372262, objectId: 125, dataSize: 8919}
logger.js:357 07:37:50.367 [INFO] [moqt:session:object-router] Stream read chunk {readNumber: 375, chunkSize: 1218, totalBytesReceived: 986281, done: false, firstBytes: '00 5d 07 01 40 7e 01 04 81 58 8b 84 5c fc 00 00'}
logger.js:357 07:37:50.369 [INFO] [moqt:session:object-router] Stream read chunk {readNumber: 376, chunkSize: 4872, totalBytesReceived: 991153, done: false, firstBytes: '80 47 00 3f c0 32 5c 99 3c da 0e 38 a7 6c 14 df'}
logger.js:357 07:37:50.371 [INFO] [moqt:session:object-router] Stream read chunk {readNumber: 377, chunkSize: 1344, totalBytesReceived: 992497, done: false, firstBytes: 'ab 70 fd 7a 37 af ab fc 27 be ff 65 1d b4 da f4'}
logger.js:357 07:37:50.371 [DEBUG] [moqt:session:object-router] Looking up subscription by trackAlias {lookupAlias: '0', found: true, knownAliases: Array(1)}
logger.js:357 07:37:50.371 [INFO] [moqt:session:object-router] Delivering object {subscriptionId: 2, groupId: 1812372262, objectId: 126, dataSize: 7431}
logger.js:357 07:37:50.399 [INFO] [moqt:session:object-router] Stream read chunk {readNumber: 378, chunkSize: 4872, totalBytesReceived: 997369, done: false, firstBytes: '00 60 6c 01 40 7f 01 04 81 59 08 e8 60 61 00 00'}
logger.js:357 07:37:50.402 [INFO] [moqt:session:object-router] Stream read chunk {readNumber: 379, chunkSize: 3431, totalBytesReceived: 1000800, done: false, firstBytes: '80 30 59 cf 53 43 90 9f 7d bd 53 f7 fc 11 f4 e7'}
logger.js:357 07:37:50.402 [DEBUG] [moqt:session:object-router] Looking up subscription by trackAlias {lookupAlias: '0', found: true, knownAliases: Array(1)}
logger.js:357 07:37:50.402 [INFO] [moqt:session:object-router] Delivering object {subscriptionId: 2, groupId: 1812372262, objectId: 127, dataSize: 8300}
logger.js:357 07:37:50.432 [INFO] [moqt:session:object-router] Stream read chunk {readNumber: 380, chunkSize: 1218, totalBytesReceived: 1002018, done: false, firstBytes: '00 5e da 01 40 80 01 04 81 59 91 3c 5e cf 00 00'}
logger.js:357 07:37:50.433 [INFO] [moqt:session:object-router] Stream read chunk {readNumber: 381, chunkSize: 1176, totalBytesReceived: 1003194, done: false, firstBytes: '65 08 5b e5 ad 69 71 eb 57 8f 88 dc 77 fa a9 7a'}
logger.js:357 07:37:50.434 [INFO] [moqt:session:object-router] Stream read chunk {readNumber: 382, chunkSize: 1260, totalBytesReceived: 1004454, done: false, firstBytes: '5a aa 55 06 17 ef ea dc 63 04 9d 7f c2 7a 5f fd'}
logger.js:357 07:37:50.437 [INFO] [moqt:session:object-router] Stream read chunk {readNumber: 383, chunkSize: 4247, totalBytesReceived: 1008701, done: false, firstBytes: 'c1 0e bf 7c 5f ba f8 92 7e 09 bb de ef 57 d5 e8'}
logger.js:357 07:37:50.437 [DEBUG] [moqt:session:object-router] Looking up subscription by trackAlias {lookupAlias: '0', found: true, knownAliases: Array(1)}
logger.js:357 07:37:50.437 [INFO] [moqt:session:object-router] Delivering object {subscriptionId: 2, groupId: 1812372262, objectId: 128, dataSize: 7898}
logger.js:357 07:37:50.470 [INFO] [moqt:session:object-router] Stream read chunk {readNumber: 384, chunkSize: 7832, totalBytesReceived: 1016533, done: false, firstBytes: '00 5e 95 01 40 81 01 04 81 5a 0e 3c 5e 8a 00 00'}
logger.js:357 07:37:50.471 [DEBUG] [moqt:session:object-router] Looking up subscription by trackAlias {lookupAlias: '0', found: true, knownAliases: Array(1)}
logger.js:357 07:37:50.471 [INFO] [moqt:session:object-router] Delivering object {subscriptionId: 2, groupId: 1812372262, objectId: 129, dataSize: 7829}
logger.js:357 07:37:50.497 [INFO] [moqt:session:object-router] Stream read chunk {readNumber: 385, chunkSize: 1218, totalBytesReceived: 1017751, done: false, firstBytes: '00 61 5d 01 40 82 01 04 81 5a 8d f8 61 52 00 00'}
logger.js:357 07:37:50.500 [INFO] [moqt:session:object-router] Stream read chunk {readNumber: 386, chunkSize: 7326, totalBytesReceived: 1025077, done: false, firstBytes: '7c 43 fd 5f c3 b1 1d 5a 4e bd 11 4e 16 3a d1 f8'}
logger.js:357 07:37:50.500 [DEBUG] [moqt:session:object-router] Looking up subscription by trackAlias {lookupAlias: '0', found: true, knownAliases: Array(1)}
logger.js:357 07:37:50.500 [INFO] [moqt:session:object-router] Delivering object {subscriptionId: 2, groupId: 1812372262, objectId: 130, dataSize: 8541}
logger.js:357 07:37:50.533 [INFO] [moqt:session:object-router] Stream read chunk {readNumber: 387, chunkSize: 1176, totalBytesReceived: 1026253, done: false, firstBytes: '00 5d 84 01 40 83 01 04 81 5b 19 d0 5d 79 00 00'}
logger.js:357 07:37:50.540 [INFO] [moqt:session:object-router] Stream read chunk {readNumber: 388, chunkSize: 6383, totalBytesReceived: 1032636, done: false, firstBytes: '85 1e 88 55 8c 5d 63 15 df 14 a2 5f 1c e3 9b 6c'}
logger.js:357 07:37:50.540 [DEBUG] [moqt:session:object-router] Looking up subscription by trackAlias {lookupAlias: '0', found: true, knownAliases: Array(1)}
logger.js:357 07:37:50.540 [INFO] [moqt:session:object-router] Delivering object {subscriptionId: 2, groupId: 1812372262, objectId: 131, dataSize: 7556}
logger.js:357 07:37:50.573 [INFO] [moqt:session:object-router] Stream read chunk {readNumber: 389, chunkSize: 1176, totalBytesReceived: 1033812, done: false, firstBytes: '00 5e 84 01 40 84 01 04 81 5b ba c0 5e 79 00 00'}
logger.js:357 07:37:50.574 [INFO] [moqt:session:object-router] Stream read chunk {readNumber: 390, chunkSize: 1260, totalBytesReceived: 1035072, done: false, firstBytes: '59 31 7c 11 f5 f7 d7 b1 3f d7 a4 e6 df e2 0b 7e'}
logger.js:357 07:37:50.576 [INFO] [moqt:session:object-router] Stream read chunk {readNumber: 391, chunkSize: 2436, totalBytesReceived: 1037508, done: false, firstBytes: '28 f5 51 fa e8 29 7a d7 ed 82 1d 0f 6b 6e 2b c7'}
logger.js:357 07:37:50.578 [INFO] [moqt:session:object-router] Stream read chunk {readNumber: 392, chunkSize: 2943, totalBytesReceived: 1040451, done: false, firstBytes: '2f 2d 7b c2 6a d5 55 7f ad 5f 8d 3f 2f 1f bf d6'}
logger.js:357 07:37:50.578 [DEBUG] [moqt:session:object-router] Looking up subscription by trackAlias {lookupAlias: '0', found: true, knownAliases: Array(1)}
logger.js:357 07:37:50.578 [INFO] [moqt:session:object-router] Delivering object {subscriptionId: 2, groupId: 1812372262, objectId: 132, dataSize: 7812}
logger.js:357 07:37:50.599 [INFO] [moqt:session:object-router] Stream read chunk {readNumber: 393, chunkSize: 1176, totalBytesReceived: 1041627, done: false, firstBytes: '00 5e a7 01 40 85 01 04 81 5c 18 1c 5e 9c 00 00'}
logger.js:357 07:37:50.601 [INFO] [moqt:session:object-router] Stream read chunk {readNumber: 394, chunkSize: 6674, totalBytesReceived: 1048301, done: false, firstBytes: '45 2c bd 7b c0 d8 b7 fa d7 d4 7d 88 fe af 88 27'}
logger.js:357 07:37:50.601 [DEBUG] [moqt:session:object-router] Looking up subscription by trackAlias {lookupAlias: '0', found: true, knownAliases: Array(1)}
logger.js:357 07:37:50.601 [INFO] [moqt:session:object-router] Delivering object {subscriptionId: 2, groupId: 1812372262, objectId: 133, dataSize: 7847}
logger.js:357 07:37:50.632 [INFO] [moqt:session:object-router] Stream read chunk {readNumber: 395, chunkSize: 275, totalBytesReceived: 1048576, done: false, firstBytes: '00 5f 31 01 40 86 01 04 81 5c 9e e0 5f 26 00 00'}
logger.js:357 07:37:50.635 [INFO] [moqt:session:object-router] Stream read chunk {readNumber: 396, chunkSize: 7713, totalBytesReceived: 1056289, done: false, firstBytes: '1c 7e 18 12 4b 8e eb 59 d7 eb 51 47 dc bd 7a ff'}
logger.js:357 07:37:50.635 [DEBUG] [moqt:session:object-router] Looking up subscription by trackAlias {lookupAlias: '0', found: true, knownAliases: Array(1)}
logger.js:357 07:37:50.635 [INFO] [moqt:session:object-router] Delivering object {subscriptionId: 2, groupId: 1812372262, objectId: 134, dataSize: 7985}
logger.js:357 07:37:50.673 [INFO] [moqt:session:object-router] Stream read chunk {readNumber: 397, chunkSize: 8257, totalBytesReceived: 1064546, done: false, firstBytes: '00 60 3e 01 40 87 01 04 81 5d 24 14 60 33 00 00'}
logger.js:357 07:37:50.674 [DEBUG] [moqt:session:object-router] Looking up subscription by trackAlias {lookupAlias: '0', found: true, knownAliases: Array(1)}
logger.js:357 07:37:50.674 [INFO] [moqt:session:object-router] Delivering object {subscriptionId: 2, groupId: 1812372262, objectId: 135, dataSize: 8254}
logger.js:357 07:37:50.698 [INFO] [moqt:session:object-router] Stream read chunk {readNumber: 398, chunkSize: 6090, totalBytesReceived: 1070636, done: false, firstBytes: '00 5d 3e 01 40 88 01 04 81 5d 9e 58 5d 33 00 00'}
logger.js:357 07:37:50.699 [INFO] [moqt:session:object-router] Stream read chunk {readNumber: 399, chunkSize: 1218, totalBytesReceived: 1071854, done: false, firstBytes: '0b 43 51 b1 00 86 aa b1 df b0 c8 70 41 9d 7c 72'}
logger.js:357 07:37:50.700 [INFO] [moqt:session:object-router] Stream read chunk {readNumber: 400, chunkSize: 181, totalBytesReceived: 1072035, done: false, firstBytes: '4c 8d 9b d7 d5 4e 77 c2 8e 0d 7a 7f f9 61 2c 3e'}
logger.js:357 07:37:50.701 [DEBUG] [moqt:session:object-router] Looking up subscription by trackAlias {lookupAlias: '0', found: true, knownAliases: Array(1)}
logger.js:357 07:37:50.701 [INFO] [moqt:session:object-router] Delivering object {subscriptionId: 2, groupId: 1812372262, objectId: 136, dataSize: 7486}
logger.js:357 07:37:50.730 [INFO] [moqt:session:object-router] Stream read chunk {readNumber: 401, chunkSize: 1218, totalBytesReceived: 1073253, done: false, firstBytes: '00 5f 20 01 40 89 01 04 81 5e 1e 14 5f 15 00 00'}
logger.js:357 07:37:50.732 [INFO] [moqt:session:object-router] Stream read chunk {readNumber: 402, chunkSize: 1176, totalBytesReceived: 1074429, done: false, firstBytes: '4e 6a c4 4a 21 ec fc 6b e4 98 eb 42 77 06 e2 96'}
logger.js:357 07:37:50.734 [INFO] [moqt:session:object-router] Stream read chunk {readNumber: 403, chunkSize: 5577, totalBytesReceived: 1080006, done: false, firstBytes: 'ad 09 7f aa fa d5 75 a9 c5 78 95 c4 12 f3 93 17'}
logger.js:357 07:37:50.734 [DEBUG] [moqt:session:object-router] Looking up subscription by trackAlias {lookupAlias: '0', found: true, knownAliases: Array(1)}
logger.js:357 07:37:50.734 [INFO] [moqt:session:object-router] Delivering object {subscriptionId: 2, groupId: 1812372262, objectId: 137, dataSize: 7968}
logger.js:357 07:37:50.763 [INFO] [moqt:session:object-router] Stream read chunk {readNumber: 404, chunkSize: 1176, totalBytesReceived: 1081182, done: false, firstBytes: '00 60 17 01 40 8a 01 04 81 5e a2 e4 60 0c 00 00'}
logger.js:357 07:37:50.763 [INFO] [moqt:session:object-router] Stream read chunk {readNumber: 405, chunkSize: 1260, totalBytesReceived: 1082442, done: false, firstBytes: '55 f5 bf d6 b1 5d 8a 26 30 43 b9 04 ab 88 3f 29'}
logger.js:357 07:37:50.765 [INFO] [moqt:session:object-router] Stream read chunk {readNumber: 406, chunkSize: 1218, totalBytesReceived: 1083660, done: false, firstBytes: '7c d3 d7 50 e0 72 97 be bd f6 cd d4 0f a6 a6 98'}
logger.js:357 07:37:50.770 [INFO] [moqt:session:object-router] Stream read chunk {readNumber: 407, chunkSize: 4564, totalBytesReceived: 1088224, done: false, firstBytes: 'cf 2b 67 70 a2 83 00 f7 01 25 51 fc 03 7d 04 5a'}
logger.js:357 07:37:50.770 [DEBUG] [moqt:session:object-router] Looking up subscription by trackAlias {lookupAlias: '0', found: true, knownAliases: Array(1)}
logger.js:357 07:37:50.770 [INFO] [moqt:session:object-router] Delivering object {subscriptionId: 2, groupId: 1812372262, objectId: 138, dataSize: 8215}
logger.js:357 07:37:50.799 [INFO] [moqt:session:object-router] Stream read chunk {readNumber: 408, chunkSize: 2394, totalBytesReceived: 1090618, done: false, firstBytes: '00 5c bc 01 40 8b 01 04 81 5f 29 44 5c b1 00 00'}
logger.js:357 07:37:50.800 [INFO] [moqt:session:object-router] Stream read chunk {readNumber: 409, chunkSize: 3696, totalBytesReceived: 1094314, done: false, firstBytes: '63 6f f6 4e be c5 7b df f1 f7 fb df d8 47 27 cb'}
logger.js:357 07:37:50.800 [INFO] [moqt:session:object-router] Stream read chunk {readNumber: 410, chunkSize: 1218, totalBytesReceived: 1095532, done: false, firstBytes: 'dd 25 ef af 78 2e e0 af ac 57 9d 2d bc 31 c0 4b'}
logger.js:357 07:37:50.802 [INFO] [moqt:session:object-router] Stream read chunk {readNumber: 411, chunkSize: 51, totalBytesReceived: 1095583, done: false, firstBytes: '49 0d fe b5 33 4c d7 eb 1a f6 cf cb 70 95 dd fd'}
logger.js:357 07:37:50.802 [DEBUG] [moqt:session:object-router] Looking up subscription by trackAlias {lookupAlias: '0', found: true, knownAliases: Array(1)}
logger.js:357 07:37:50.802 [INFO] [moqt:session:object-router] Delivering object {subscriptionId: 2, groupId: 1812372262, objectId: 139, dataSize: 7356}
logger.js:357 07:37:50.833 [INFO] [moqt:session:object-router] Stream read chunk {readNumber: 412, chunkSize: 1218, totalBytesReceived: 1096801, done: false, firstBytes: '00 5b 38 01 40 8c 01 04 81 5f b0 d0 5b 2d 00 00'}
logger.js:357 07:37:50.833 [INFO] [moqt:session:object-router] Stream read chunk {readNumber: 413, chunkSize: 2352, totalBytesReceived: 1099153, done: false, firstBytes: 'a2 fa bc 27 0a 14 98 31 75 7c d2 52 7c 36 29 e6'}
logger.js:357 07:37:50.835 [INFO] [moqt:session:object-router] Stream read chunk {readNumber: 414, chunkSize: 1302, totalBytesReceived: 1100455, done: false, firstBytes: '68 83 fb 82 90 1a 00 1a 90 43 ea dc c0 a4 56 be'}
logger.js:357 07:37:50.836 [INFO] [moqt:session:object-router] Stream read chunk {readNumber: 415, chunkSize: 1218, totalBytesReceived: 1101673, done: false, firstBytes: '0c 00 10 a1 5d 3f 5c d2 f6 38 ce 4f 51 1c de a4'}
logger.js:357 07:37:50.836 [INFO] [moqt:session:object-router] Stream read chunk {readNumber: 416, chunkSize: 881, totalBytesReceived: 1102554, done: false, firstBytes: 'fe 40 e7 81 49 6b eb 58 9f 3e f8 64 18 50 a5 15'}
logger.js:357 07:37:50.836 [DEBUG] [moqt:session:object-router] Looking up subscription by trackAlias {lookupAlias: '0', found: true, knownAliases: Array(1)}
logger.js:357 07:37:50.836 [INFO] [moqt:session:object-router] Delivering object {subscriptionId: 2, groupId: 1812372262, objectId: 140, dataSize: 6968}
logger.js:357 07:37:50.867 [INFO] [moqt:session:object-router] Stream read chunk {readNumber: 417, chunkSize: 8795, totalBytesReceived: 1111349, done: false, firstBytes: '00 62 58 01 40 8d 01 04 81 60 27 2c 62 4d 00 00'}
logger.js:357 07:37:50.867 [DEBUG] [moqt:session:object-router] Looking up subscription by trackAlias {lookupAlias: '0', found: true, knownAliases: Array(1)}
logger.js:357 07:37:50.867 [INFO] [moqt:session:object-router] Delivering object {subscriptionId: 2, groupId: 1812372262, objectId: 141, dataSize: 8792}
logger.js:357 07:37:50.896 [INFO] [moqt:session:object-router] Stream read chunk {readNumber: 418, chunkSize: 1176, totalBytesReceived: 1112525, done: false, firstBytes: '00 5f 4f 01 40 8e 01 04 81 60 a7 b0 5f 44 00 00'}
logger.js:357 07:37:50.896 [INFO] [moqt:session:object-router] Stream read chunk {readNumber: 419, chunkSize: 2763, totalBytesReceived: 1115288, done: false, firstBytes: 'ee 33 0c 42 bc 23 d7 3f e6 6f 0b 1d e2 4e b7 d5'}
logger.js:357 07:37:50.898 [INFO] [moqt:session:object-router] Stream read chunk {readNumber: 420, chunkSize: 1260, totalBytesReceived: 1116548, done: false, firstBytes: 'eb eb f9 8b 70 54 c8 16 d0 11 65 a9 ed 8b 0f 07'}
logger.js:357 07:37:50.899 [INFO] [moqt:session:object-router] Stream read chunk {readNumber: 421, chunkSize: 2819, totalBytesReceived: 1119367, done: false, firstBytes: 'd5 a3 b8 ae e6 ca 45 63 f1 9a 57 8f c6 7c 7b 71'}
logger.js:357 07:37:50.900 [DEBUG] [moqt:session:object-router] Looking up subscription by trackAlias {lookupAlias: '0', found: true, knownAliases: Array(1)}
logger.js:357 07:37:50.900 [INFO] [moqt:session:object-router] Delivering object {subscriptionId: 2, groupId: 1812372262, objectId: 142, dataSize: 8015}
logger.js:357 07:37:50.935 [INFO] [moqt:session:object-router] Stream read chunk {readNumber: 422, chunkSize: 4872, totalBytesReceived: 1124239, done: false, firstBytes: '00 61 7a 01 40 8f 01 04 81 61 35 7c 61 6f 00 00'}
logger.js:357 07:37:50.940 [INFO] [moqt:session:object-router] Stream read chunk {readNumber: 423, chunkSize: 3701, totalBytesReceived: 1127940, done: false, firstBytes: 'aa 79 91 a3 d9 1b 30 53 0e 3a cc a9 e5 31 97 81'}
logger.js:357 07:37:50.940 [DEBUG] [moqt:session:object-router] Looking up subscription by trackAlias {lookupAlias: '0', found: true, knownAliases: Array(1)}
logger.js:357 07:37:50.940 [INFO] [moqt:session:object-router] Delivering object {subscriptionId: 2, groupId: 1812372262, objectId: 143, dataSize: 8570}
logger.js:357 07:37:50.967 [INFO] [moqt:session:object-router] Stream read chunk {readNumber: 424, chunkSize: 1218, totalBytesReceived: 1129158, done: false, firstBytes: '00 5d e8 01 40 90 01 04 81 61 af c0 5d dd 00 00'}
logger.js:357 07:37:50.968 [INFO] [moqt:session:object-router] Stream read chunk {readNumber: 425, chunkSize: 2352, totalBytesReceived: 1131510, done: false, firstBytes: 'c1 7f 09 ef df 27 ae bd 0a ff ab d0 ae 26 41 bb'}
logger.js:357 07:37:50.968 [INFO] [moqt:session:object-router] Stream read chunk {readNumber: 426, chunkSize: 1302, totalBytesReceived: 1132812, done: false, firstBytes: '25 f4 86 98 11 12 fe c2 c4 14 87 6f 5e fd f3 0b'}
logger.js:357 07:37:50.974 [INFO] [moqt:session:object-router] Stream read chunk {readNumber: 427, chunkSize: 1218, totalBytesReceived: 1134030, done: false, firstBytes: '73 fd 2a 51 a5 d1 b7 86 01 5d 30 32 80 46 18 26'}
logger.js:357 07:37:50.976 [INFO] [moqt:session:object-router] Stream read chunk {readNumber: 428, chunkSize: 1569, totalBytesReceived: 1135599, done: false, firstBytes: '58 e2 4b 94 62 b1 c8 de b1 44 bb fd 42 9e 9d 79'}
logger.js:357 07:37:50.976 [DEBUG] [moqt:session:object-router] Looking up subscription by trackAlias {lookupAlias: '0', found: true, knownAliases: Array(1)}
logger.js:357 07:37:50.976 [INFO] [moqt:session:object-router] Delivering object {subscriptionId: 2, groupId: 1812372262, objectId: 144, dataSize: 7656}
logger.js:357 07:37:50.997 [INFO] [moqt:session:object-router] Stream read chunk {readNumber: 429, chunkSize: 1218, totalBytesReceived: 1136817, done: false, firstBytes: '00 60 65 01 40 91 01 04 81 62 30 44 60 5a 00 00'}
logger.js:357 07:37:50.999 [INFO] [moqt:session:object-router] Stream read chunk {readNumber: 430, chunkSize: 3654, totalBytesReceived: 1140471, done: false, firstBytes: 'd4 fc d7 fe 5b f1 18 38 5e f1 9f 57 ae bd 13 87'}
logger.js:357 07:37:51.000 [INFO] [moqt:session:object-router] Stream read chunk {readNumber: 431, chunkSize: 2436, totalBytesReceived: 1142907, done: false, firstBytes: '48 09 e1 80 5e b7 e0 c8 0c 58 82 65 12 f9 fe 10'}
logger.js:357 07:37:51.010 [INFO] [moqt:session:object-router] Stream read chunk {readNumber: 432, chunkSize: 988, totalBytesReceived: 1143895, done: false, firstBytes: '5e 40 4b aa af 6d ce 63 08 eb b5 ee e6 ce b1 c5'}
logger.js:357 07:37:51.010 [DEBUG] [moqt:session:object-router] Looking up subscription by trackAlias {lookupAlias: '0', found: true, knownAliases: Array(1)}
logger.js:357 07:37:51.010 [INFO] [moqt:session:object-router] Delivering object {subscriptionId: 2, groupId: 1812372262, objectId: 145, dataSize: 8293}
logger.js:357 07:37:51.030 [INFO] [moqt:session:object-router] Stream read chunk {readNumber: 433, chunkSize: 1218, totalBytesReceived: 1145113, done: false, firstBytes: '00 5f d1 01 40 92 01 04 81 62 b3 e8 5f c6 00 00'}
logger.js:357 07:37:51.031 [INFO] [moqt:session:object-router] Stream read chunk {readNumber: 434, chunkSize: 1176, totalBytesReceived: 1146289, done: false, firstBytes: '6f fc bd fe 2f bf 67 13 07 67 e0 4d 1f f3 5f f9'}
logger.js:357 07:37:51.034 [INFO] [moqt:session:object-router] Stream read chunk {readNumber: 435, chunkSize: 5754, totalBytesReceived: 1152043, done: false, firstBytes: '93 7b a6 58 6c 07 b8 23 e1 5f aa 67 00 9e 80 f5'}
logger.js:357 07:37:51.034 [DEBUG] [moqt:session:object-router] Looking up subscription by trackAlias {lookupAlias: '0', found: true, knownAliases: Array(1)}
logger.js:357 07:37:51.034 [INFO] [moqt:session:object-router] Delivering object {subscriptionId: 2, groupId: 1812372262, objectId: 146, dataSize: 8145}
logger.js:357 07:37:51.065 [INFO] [moqt:session:object-router] Stream read chunk {readNumber: 436, chunkSize: 1218, totalBytesReceived: 1153261, done: false, firstBytes: '00 5f 2e 01 40 93 01 04 81 63 38 54 5f 23 00 00'}
logger.js:357 07:37:51.066 [INFO] [moqt:session:object-router] Stream read chunk {readNumber: 437, chunkSize: 2436, totalBytesReceived: 1155697, done: false, firstBytes: 'f5 47 73 f8 a7 72 8a e5 c3 11 07 e1 5d 57 37 78'}
logger.js:357 07:37:51.068 [INFO] [moqt:session:object-router] Stream read chunk {readNumber: 438, chunkSize: 4331, totalBytesReceived: 1160028, done: false, firstBytes: 'da f4 cf 19 e3 ba 71 a8 55 75 eb d4 b4 3e ed 82'}
logger.js:357 07:37:51.068 [DEBUG] [moqt:session:object-router] Looking up subscription by trackAlias {lookupAlias: '0', found: true, knownAliases: Array(1)}
logger.js:357 07:37:51.068 [INFO] [moqt:session:object-router] Delivering object {subscriptionId: 2, groupId: 1812372262, objectId: 147, dataSize: 7982}
logger.js:357 07:37:51.100 [INFO] [moqt:session:object-router] Stream read chunk {readNumber: 439, chunkSize: 4872, totalBytesReceived: 1164900, done: false, firstBytes: '00 5f 02 01 40 94 01 04 81 63 c1 0c 5e f7 00 00'}
logger.js:357 07:37:51.105 [INFO] [moqt:session:object-router] Stream read chunk {readNumber: 440, chunkSize: 1218, totalBytesReceived: 1166118, done: false, firstBytes: 'ab b2 a3 90 66 21 78 95 99 f0 f1 a5 b3 71 1f 5b'}
logger.js:357 07:37:51.105 [INFO] [moqt:session:object-router] Stream read chunk {readNumber: 441, chunkSize: 1851, totalBytesReceived: 1167969, done: false, firstBytes: '88 7e 12 60 96 ef 7e bd bc 58 74 17 6f 7d 6d c7'}
logger.js:357 07:37:51.106 [DEBUG] [moqt:session:object-router] Looking up subscription by trackAlias {lookupAlias: '0', found: true, knownAliases: Array(1)}
logger.js:357 07:37:51.106 [INFO] [moqt:session:object-router] Delivering object {subscriptionId: 2, groupId: 1812372262, objectId: 148, dataSize: 7938}
logger.js:357 07:37:51.129 [INFO] [moqt:session:object-router] Stream read chunk {readNumber: 442, chunkSize: 3, totalBytesReceived: 1167972, done: false, firstBytes: '00 00 03'}
logger.js:357 07:37:51.129 [INFO] [moqt:session:object-router] Received END_OF_GROUP {groupId: 1812372262, objectId: 149, trackAlias: '0'}
logger.js:357 07:37:51.134 [INFO] [moqt:session:object-router] Stream read chunk {readNumber: 443, chunkSize: 3, totalBytesReceived: 1167975, done: false, firstBytes: '00 00 03'}
logger.js:357 07:37:51.134 [INFO] [moqt:session:object-router] Received END_OF_GROUP {groupId: 1812372262, objectId: 150, trackAlias: '0'}
logger.js:357 07:37:51.134 [INFO] [moqt:session:object-router] Stream ended {totalBytesReceived: 1167975, totalReads: 444, objectCount: 151, headerParsed: true, trackAlias: '0'}
logger.js:357 07:37:51.135 [DEBUG] [moqt:session:object-router] Finished processing stream {objectCount: 151, trackAlias: 0n, groupId: 1812372262}
logger.js:360 07:37:51.170 [INFO] [moqt:session] Received unidirectional-stream event from transport
logger.js:360 07:37:51.170 [INFO] [moqt:session:object-router] Received incoming stream
logger.js:357 07:37:51.170 [INFO] [moqt:session:object-router] Stream read chunk {readNumber: 1, chunkSize: 7321, totalBytesReceived: 7321, done: false, firstBytes: '18 00 c0 00 00 00 6c 06 9b 27 80 00 75 08 41 40'}
logger.js:357 07:37:51.170 [INFO] [moqt:session:object-router] Incoming stream first bytes (draft-16) {viewLength: 7321, preview: '18 00 c0 00 00 00 6c 06 9b 27 80 00 75 08 41 40 95 01 04 81'}
logger.js:357 07:37:51.171 [INFO] [moqt:session:object-router] Decoded subgroup header (draft-16) {trackAlias: 0n, groupId: 1812372263, subgroupId: 0, endOfGroup: true, hasExtensions: false}
logger.js:357 07:37:51.171 [INFO] [moqt:session:object-router] Stream read chunk {readNumber: 2, chunkSize: 2440, totalBytesReceived: 9761, done: false, firstBytes: '2c cb ab f4 4a 69 85 3c 81 5d 3d ed d3 d7 fc a1'}
logger.js:357 07:37:51.172 [INFO] [moqt:session:object-router] Stream read chunk {readNumber: 3, chunkSize: 3829, totalBytesReceived: 13590, done: false, firstBytes: '8b b5 a5 41 9b bf 7b b4 4b 87 54 8b 78 fe 1f a0'}
logger.js:357 07:37:51.172 [DEBUG] [moqt:session:object-router] Looking up subscription by trackAlias {lookupAlias: '0', found: true, knownAliases: Array(1)}
logger.js:357 07:37:51.172 [INFO] [moqt:session:object-router] New group started {subscriptionId: 2, previousGroup: 1812372262, previousLastObject: 148, newGroup: 1812372263, newFirstObject: 0}
logger.js:357 07:37:51.172 [INFO] [moqt:session:object-router] Delivering object {subscriptionId: 2, groupId: 1812372263, objectId: 0, dataSize: 13576}
logger.js:357 07:37:51.198 [INFO] [moqt:session:object-router] Stream read chunk {readNumber: 4, chunkSize: 1220, totalBytesReceived: 14810, done: false, firstBytes: '00 47 d7 01 40 96 01 04 81 65 44 f0 47 cc 00 00'}
logger.js:357 07:37:51.203 [INFO] [moqt:session:object-router] Stream read chunk {readNumber: 5, chunkSize: 790, totalBytesReceived: 15600, done: false, firstBytes: 'c3 da 1e c3 da f1 8a f5 88 57 c0 70 01 cd 47 d8'}
logger.js:357 07:37:51.203 [DEBUG] [moqt:session:object-router] Looking up subscription by trackAlias {lookupAlias: '0', found: true, knownAliases: Array(1)}
logger.js:357 07:37:51.203 [INFO] [moqt:session:object-router] Delivering object {subscriptionId: 2, groupId: 1812372263, objectId: 1, dataSize: 2007}
logger.js:357 07:37:51.233 [INFO] [moqt:session:object-router] Stream read chunk {readNumber: 6, chunkSize: 1220, totalBytesReceived: 16820, done: false, firstBytes: '00 50 f2 01 40 97 01 04 81 65 c3 e4 50 e7 00 00'}
logger.js:357 07:37:51.234 [INFO] [moqt:session:object-router] Stream read chunk {readNumber: 7, chunkSize: 2436, totalBytesReceived: 19256, done: false, firstBytes: 'd6 b8 a4 5d ff 2f a3 2d 4d af ac a7 7c 47 f5 ec'}
logger.js:357 07:37:51.235 [INFO] [moqt:session:object-router] Stream read chunk {readNumber: 8, chunkSize: 685, totalBytesReceived: 19941, done: false, firstBytes: 'f7 b7 80 3b fe 02 53 bc 95 6a d9 7d f1 c8 9d eb'}
logger.js:357 07:37:51.235 [DEBUG] [moqt:session:object-router] Looking up subscription by trackAlias {lookupAlias: '0', found: true, knownAliases: Array(1)}
logger.js:357 07:37:51.235 [INFO] [moqt:session:object-router] Delivering object {subscriptionId: 2, groupId: 1812372263, objectId: 2, dataSize: 4338}
logger.js:357 07:37:51.264 [INFO] [moqt:session:object-router] Stream read chunk {readNumber: 9, chunkSize: 1218, totalBytesReceived: 21159, done: false, firstBytes: '00 64 a9 01 40 98 01 04 81 66 47 24 64 9e 00 00'}
logger.js:357 07:37:51.268 [INFO] [moqt:session:object-router] Stream read chunk {readNumber: 10, chunkSize: 4872, totalBytesReceived: 26031, done: false, firstBytes: '85 71 87 e7 15 e7 dc a7 e8 fd 1f a1 5e 7d d0 ae'}
logger.js:357 07:37:51.270 [INFO] [moqt:session:object-router] Stream read chunk {readNumber: 11, chunkSize: 3298, totalBytesReceived: 29329, done: false, firstBytes: '3c 98 77 27 e2 34 50 b9 5d 62 fd 7e cc 4f e5 cb'}
logger.js:357 07:37:51.270 [DEBUG] [moqt:session:object-router] Looking up subscription by trackAlias {lookupAlias: '0', found: true, knownAliases: Array(1)}
logger.js:357 07:37:51.270 [INFO] [moqt:session:object-router] Delivering object {subscriptionId: 2, groupId: 1812372263, objectId: 3, dataSize: 9385}
logger.js:357 07:37:51.275 [DEBUG] [moqt:media:video-decoder] New group started {groupId: 1812372263, previousGroupId: 1812372263}
logger.js:357 07:37:51.275 [DEBUG] [moqt:media:video-decoder] Received keyframe {keyframeCount: 2, groupId: 1812372263}
logger.js:357 07:37:51.275 [DEBUG] [moqt:media:subscribe-pipeline] Video arbiter stats {activeGroup: 1812372263, groupCount: 2, framesOutput: 121, groupsCompleted: 1, groupsSkipped: 0}
logger.js:357 07:37:51.308 [INFO] [moqt:session:object-router] Stream read chunk {readNumber: 12, chunkSize: 4885, totalBytesReceived: 34214, done: false, firstBytes: '00 53 12 01 40 99 01 04 81 66 ca c8 53 07 00 00'}
logger.js:357 07:37:51.308 [DEBUG] [moqt:session:object-router] Looking up subscription by trackAlias {lookupAlias: '0', found: true, knownAliases: Array(1)}
logger.js:357 07:37:51.308 [INFO] [moqt:session:object-router] Delivering object {subscriptionId: 2, groupId: 1812372263, objectId: 4, dataSize: 4882}
VideoRenderer.tsx:84 [VideoRenderer] Rendering stats {framesRendered: 120, frameWidth: 1920, frameHeight: 1080, timestamp: 151000}
logger.js:357 07:37:51.347 [INFO] [moqt:session:object-router] Stream read chunk {readNumber: 13, chunkSize: 4872, totalBytesReceived: 39086, done: false, firstBytes: '00 59 f8 01 40 9a 01 04 81 67 7f a4 59 ed 00 00'}
logger.js:357 07:37:51.349 [INFO] [moqt:session:object-router] Stream read chunk {readNumber: 14, chunkSize: 1779, totalBytesReceived: 40865, done: false, firstBytes: '9e 72 ff 35 26 08 62 8c 56 7c dc e7 f3 e7 b5 c8'}
logger.js:357 07:37:51.349 [DEBUG] [moqt:session:object-router] Looking up subscription by trackAlias {lookupAlias: '0', found: true, knownAliases: Array(1)}
logger.js:357 07:37:51.349 [INFO] [moqt:session:object-router] Delivering object {subscriptionId: 2, groupId: 1812372263, objectId: 5, dataSize: 6648}
logger.js:357 07:37:51.366 [INFO] [moqt:session:object-router] Stream read chunk {readNumber: 15, chunkSize: 3654, totalBytesReceived: 44519, done: false, firstBytes: '00 55 11 01 40 9b 01 04 81 67 cf 54 55 06 00 00'}
logger.js:357 07:37:51.367 [INFO] [moqt:session:object-router] Stream read chunk {readNumber: 16, chunkSize: 1742, totalBytesReceived: 46261, done: false, firstBytes: '3e 38 fc 56 2c 4f be f1 1d 6a 7e 6d 7f 2d 7e 0e'}
logger.js:357 07:37:51.367 [DEBUG] [moqt:session:object-router] Looking up subscription by trackAlias {lookupAlias: '0', found: true, knownAliases: Array(1)}
logger.js:357 07:37:51.367 [INFO] [moqt:session:object-router] Delivering object {subscriptionId: 2, groupId: 1812372263, objectId: 6, dataSize: 5393}
logger.js:357 07:37:51.400 [INFO] [moqt:session:object-router] Stream read chunk {readNumber: 17, chunkSize: 3654, totalBytesReceived: 49915, done: false, firstBytes: '00 5a 2e 01 40 9c 01 04 81 68 51 cc 5a 23 00 00'}
logger.js:357 07:37:51.402 [INFO] [moqt:session:object-router] Stream read chunk {readNumber: 18, chunkSize: 1176, totalBytesReceived: 51091, done: false, firstBytes: 'e3 ba 9a fe b2 68 42 d5 0a 13 7e 66 7f bd f5 c2'}
logger.js:357 07:37:51.402 [INFO] [moqt:session:object-router] Stream read chunk {readNumber: 19, chunkSize: 1875, totalBytesReceived: 52966, done: false, firstBytes: 'd5 4f 72 85 dd fe 13 40 8e fd 3a be 40 47 55 f8'}
logger.js:357 07:37:51.402 [DEBUG] [moqt:session:object-router] Looking up subscription by trackAlias {lookupAlias: '0', found: true, knownAliases: Array(1)}
logger.js:357 07:37:51.402 [INFO] [moqt:session:object-router] Delivering object {subscriptionId: 2, groupId: 1812372263, objectId: 7, dataSize: 6702}
logger.js:357 07:37:51.432 [INFO] [moqt:session:object-router] Stream read chunk {readNumber: 20, chunkSize: 2436, totalBytesReceived: 55402, done: false, firstBytes: '00 59 22 01 40 9d 01 04 81 68 d3 7c 59 17 00 00'}
logger.js:357 07:37:51.432 [INFO] [moqt:session:object-router] Stream read chunk {readNumber: 21, chunkSize: 1218, totalBytesReceived: 56620, done: false, firstBytes: '10 f0 9f cf e7 7f af 42 7d 5f ea f1 47 f1 c4 99'}
logger.js:357 07:37:51.434 [INFO] [moqt:session:object-router] Stream read chunk {readNumber: 22, chunkSize: 1176, totalBytesReceived: 57796, done: false, firstBytes: '59 b2 da df 21 fd ef df be 38 90 5d d0 a7 cc cc'}
logger.js:357 07:37:51.436 [INFO] [moqt:session:object-router] Stream read chunk {readNumber: 23, chunkSize: 1607, totalBytesReceived: 59403, done: false, firstBytes: 'c3 fb bc 1c 97 35 15 91 0e 81 35 f6 fc c2 02 d5'}
logger.js:357 07:37:51.436 [DEBUG] [moqt:session:object-router] Looking up subscription by trackAlias {lookupAlias: '0', found: true, knownAliases: Array(1)}
logger.js:357 07:37:51.436 [INFO] [moqt:session:object-router] Delivering object {subscriptionId: 2, groupId: 1812372263, objectId: 8, dataSize: 6434}
logger.js:357 07:37:51.466 [INFO] [moqt:session:object-router] Stream read chunk {readNumber: 24, chunkSize: 1218, totalBytesReceived: 60621, done: false, firstBytes: '00 58 bd 01 40 9e 01 04 81 69 57 20 58 b2 00 00'}
logger.js:357 07:37:51.469 [INFO] [moqt:session:object-router] Stream read chunk {readNumber: 25, chunkSize: 5118, totalBytesReceived: 65739, done: false, firstBytes: 'f1 5a 71 4b 8a 57 8a 58 2c ea ff 57 ae 4d f1 74'}
logger.js:357 07:37:51.469 [DEBUG] [moqt:session:object-router] Looking up subscription by trackAlias {lookupAlias: '0', found: true, knownAliases: Array(1)}
logger.js:357 07:37:51.469 [INFO] [moqt:session:object-router] Delivering object {subscriptionId: 2, groupId: 1812372263, objectId: 9, dataSize: 6333}
logger.js:357 07:37:51.509 [INFO] [moqt:session:object-router] Stream read chunk {readNumber: 26, chunkSize: 3612, totalBytesReceived: 69351, done: false, firstBytes: '00 59 1a 01 40 9f 01 04 81 69 ce a8 59 0f 00 00'}
logger.js:357 07:37:51.511 [INFO] [moqt:session:object-router] Stream read chunk {readNumber: 27, chunkSize: 2817, totalBytesReceived: 72168, done: false, firstBytes: 'b7 a0 45 a6 b6 e6 bb fe 28 d5 ad 3e 5f ba f2 8a'}
logger.js:357 07:37:51.511 [DEBUG] [moqt:session:object-router] Looking up subscription by trackAlias {lookupAlias: '0', found: true, knownAliases: Array(1)}
logger.js:357 07:37:51.511 [INFO] [moqt:session:object-router] Delivering object {subscriptionId: 2, groupId: 1812372263, objectId: 10, dataSize: 6426}
logger.js:357 07:37:51.530 [INFO] [moqt:session:object-router] Stream read chunk {readNumber: 28, chunkSize: 2352, totalBytesReceived: 74520, done: false, firstBytes: '00 6a e0 01 40 a0 01 04 81 6a 53 14 6a d5 00 00'}
logger.js:357 07:37:51.530 [INFO] [moqt:session:object-router] Stream read chunk {readNumber: 29, chunkSize: 2520, totalBytesReceived: 77040, done: false, firstBytes: 'b2 bf 9b 4b f0 9f ae ef e5 f4 89 d6 ad f1 ff 7e'}
logger.js:357 07:37:51.538 [INFO] [moqt:session:object-router] Stream read chunk {readNumber: 30, chunkSize: 2436, totalBytesReceived: 79476, done: false, firstBytes: 'b9 92 e2 3c b8 5a 96 8c 60 0f 13 89 ec 45 52 93'}
logger.js:357 07:37:51.540 [INFO] [moqt:session:object-router] Stream read chunk {readNumber: 31, chunkSize: 3654, totalBytesReceived: 83130, done: false, firstBytes: '4e 33 5a 2d 71 3d 52 fe cf 69 28 2b d7 4b 4f ab'}
logger.js:357 07:37:51.544 [INFO] [moqt:session:object-router] Stream read chunk {readNumber: 32, chunkSize: 17, totalBytesReceived: 83147, done: false, firstBytes: '97 70 57 ea aa aa bd 9d 41 35 7d 6a ef 60 87 d5'}
logger.js:357 07:37:51.544 [DEBUG] [moqt:session:object-router] Looking up subscription by trackAlias {lookupAlias: '0', found: true, knownAliases: Array(1)}
logger.js:357 07:37:51.544 [INFO] [moqt:session:object-router] Delivering object {subscriptionId: 2, groupId: 1812372263, objectId: 11, dataSize: 10976}
logger.js:357 07:37:51.566 [INFO] [moqt:session:object-router] Stream read chunk {readNumber: 33, chunkSize: 1218, totalBytesReceived: 84365, done: false, firstBytes: '00 5b 59 01 40 a1 01 04 81 6a da a0 5b 4e 00 00'}
logger.js:357 07:37:51.568 [INFO] [moqt:session:object-router] Stream read chunk {readNumber: 34, chunkSize: 2436, totalBytesReceived: 86801, done: false, firstBytes: '9d 46 43 c0 d8 dc 2f 51 d2 c9 bf c7 18 24 80 83'}
logger.js:357 07:37:51.570 [INFO] [moqt:session:object-router] Stream read chunk {readNumber: 35, chunkSize: 3350, totalBytesReceived: 90151, done: false, firstBytes: 'ab 38 02 2a 01 6b 99 28 9e 08 61 24 90 3d ba e6'}
logger.js:357 07:37:51.570 [DEBUG] [moqt:session:object-router] Looking up subscription by trackAlias {lookupAlias: '0', found: true, knownAliases: Array(1)}
logger.js:357 07:37:51.571 [INFO] [moqt:session:object-router] Delivering object {subscriptionId: 2, groupId: 1812372263, objectId: 12, dataSize: 7001}
logger.js:357 07:37:51.599 [INFO] [moqt:session:object-router] Stream read chunk {readNumber: 36, chunkSize: 1218, totalBytesReceived: 91369, done: false, firstBytes: '00 5b 40 01 40 a2 01 04 81 6b 5f 70 5b 35 00 00'}
logger.js:357 07:37:51.602 [INFO] [moqt:session:object-router] Stream read chunk {readNumber: 37, chunkSize: 3654, totalBytesReceived: 95023, done: false, firstBytes: 'c8 f9 f7 f1 1d 5e 09 4f c6 1f 8b 3f 1d d6 ab ad'}
logger.js:357 07:37:51.603 [INFO] [moqt:session:object-router] Stream read chunk {readNumber: 38, chunkSize: 1218, totalBytesReceived: 96241, done: false, firstBytes: '10 db 5f dc 01 b7 00 20 9a 14 4b 2c 34 1f 04 3b'}
logger.js:357 07:37:51.603 [INFO] [moqt:session:object-router] Stream read chunk {readNumber: 39, chunkSize: 889, totalBytesReceived: 97130, done: false, firstBytes: '2b ff 27 ae 6f 6f b9 7b c4 f1 3d 6a ab b0 bf bc'}
logger.js:357 07:37:51.604 [DEBUG] [moqt:session:object-router] Looking up subscription by trackAlias {lookupAlias: '0', found: true, knownAliases: Array(1)}
logger.js:357 07:37:51.604 [INFO] [moqt:session:object-router] Delivering object {subscriptionId: 2, groupId: 1812372263, objectId: 13, dataSize: 6976}
logger.js:357 07:37:51.633 [INFO] [moqt:session:object-router] Stream read chunk {readNumber: 40, chunkSize: 2394, totalBytesReceived: 99524, done: false, firstBytes: '00 64 7d 01 40 a3 01 04 81 6b e3 14 64 72 00 00'}
logger.js:357 07:37:51.642 [INFO] [moqt:session:object-router] Stream read chunk {readNumber: 41, chunkSize: 6950, totalBytesReceived: 106474, done: false, firstBytes: '9f df b7 cb e3 60 ac 78 1c e1 a8 27 ed cf ed a7'}
logger.js:357 07:37:51.642 [DEBUG] [moqt:session:object-router] Looking up subscription by trackAlias {lookupAlias: '0', found: true, knownAliases: Array(1)}
logger.js:357 07:37:51.643 [INFO] [moqt:session:object-router] Delivering object {subscriptionId: 2, groupId: 1812372263, objectId: 14, dataSize: 9341}
logger.js:357 07:37:51.665 [INFO] [moqt:session:object-router] Stream read chunk {readNumber: 42, chunkSize: 1176, totalBytesReceived: 107650, done: false, firstBytes: '00 61 78 01 40 a4 01 04 81 6c 5e e8 61 6d 00 00'}
logger.js:357 07:37:51.667 [INFO] [moqt:session:object-router] Stream read chunk {readNumber: 43, chunkSize: 2478, totalBytesReceived: 110128, done: false, firstBytes: '5f 3a e2 b9 7a f4 9f ea a2 0e 4f 81 46 24 4f 29'}
logger.js:357 07:37:51.673 [INFO] [moqt:session:object-router] Stream read chunk {readNumber: 44, chunkSize: 4917, totalBytesReceived: 115045, done: false, firstBytes: '01 bc 12 d7 df 6c 42 9f 22 94 47 cd ec 41 87 ec'}
logger.js:357 07:37:51.673 [DEBUG] [moqt:session:object-router] Looking up subscription by trackAlias {lookupAlias: '0', found: true, knownAliases: Array(1)}
logger.js:357 07:37:51.673 [INFO] [moqt:session:object-router] Delivering object {subscriptionId: 2, groupId: 1812372263, objectId: 15, dataSize: 8568}
logger.js:357 07:37:51.698 [INFO] [moqt:session:object-router] Stream read chunk {readNumber: 45, chunkSize: 2436, totalBytesReceived: 117481, done: false, firstBytes: '00 5f df 01 40 a5 01 04 81 6c e0 98 5f d4 00 00'}
logger.js:357 07:37:51.699 [INFO] [moqt:session:object-router] Stream read chunk {readNumber: 46, chunkSize: 1218, totalBytesReceived: 118699, done: false, firstBytes: 'f8 9f 57 f8 ae f2 66 10 f1 62 39 78 4f 4f 5d 3f'}
logger.js:357 07:37:51.702 [INFO] [moqt:session:object-router] Stream read chunk {readNumber: 47, chunkSize: 3654, totalBytesReceived: 122353, done: false, firstBytes: '07 a0 11 5f b6 6f 0d 72 fc 27 7f d6 39 d5 f8 3d'}
logger.js:357 07:37:51.706 [INFO] [moqt:session:object-router] Stream read chunk {readNumber: 48, chunkSize: 854, totalBytesReceived: 123207, done: false, firstBytes: 'eb f4 eb e0 b6 a2 ea bb eb 80 3c 90 0b 60 2e df'}
logger.js:357 07:37:51.706 [DEBUG] [moqt:session:object-router] Looking up subscription by trackAlias {lookupAlias: '0', found: true, knownAliases: Array(1)}
logger.js:357 07:37:51.706 [INFO] [moqt:session:object-router] Delivering object {subscriptionId: 2, groupId: 1812372263, objectId: 16, dataSize: 8159}
logger.js:357 07:37:51.734 [INFO] [moqt:session:object-router] Stream read chunk {readNumber: 49, chunkSize: 1218, totalBytesReceived: 124425, done: false, firstBytes: '00 5f ef 01 40 a6 01 04 81 6d 68 88 5f e4 00 00'}
logger.js:357 07:37:51.736 [INFO] [moqt:session:object-router] Stream read chunk {readNumber: 50, chunkSize: 6960, totalBytesReceived: 131385, done: false, firstBytes: '78 18 68 e4 ca 23 b1 2b 16 23 8b eb 54 77 70 a7'}
logger.js:357 07:37:51.736 [DEBUG] [moqt:session:object-router] Looking up subscription by trackAlias {lookupAlias: '0', found: true, knownAliases: Array(1)}
logger.js:357 07:37:51.736 [INFO] [moqt:session:object-router] Delivering object {subscriptionId: 2, groupId: 1812372263, objectId: 17, dataSize: 8175}
logger.js:357 07:37:51.766 [INFO] [moqt:session:object-router] Stream read chunk {readNumber: 51, chunkSize: 1218, totalBytesReceived: 132603, done: false, firstBytes: '00 60 42 01 40 a7 01 04 81 6d e9 d4 60 37 00 00'}
logger.js:357 07:37:51.768 [INFO] [moqt:session:object-router] Stream read chunk {readNumber: 52, chunkSize: 2436, totalBytesReceived: 135039, done: false, firstBytes: 'c5 13 af 5e fa f7 03 d5 7b 11 d9 c9 a3 ad 7f aa'}
logger.js:357 07:37:51.769 [INFO] [moqt:session:object-router] Stream read chunk {readNumber: 53, chunkSize: 2436, totalBytesReceived: 137475, done: false, firstBytes: 'c0 5f 04 01 27 b9 10 e1 e0 27 80 f4 0b 2a 5f ae'}
logger.js:357 07:37:51.769 [INFO] [moqt:session:object-router] Stream read chunk {readNumber: 54, chunkSize: 1218, totalBytesReceived: 138693, done: false, firstBytes: 'f7 7e bf d5 57 57 94 47 8a 5c 4a cf 70 87 73 77'}
logger.js:357 07:37:51.770 [INFO] [moqt:session:object-router] Stream read chunk {readNumber: 55, chunkSize: 953, totalBytesReceived: 139646, done: false, firstBytes: 'bb 37 7d 7c 4e 5c 7d ff ab 49 c9 ae f8 fb dd bd'}
logger.js:357 07:37:51.770 [DEBUG] [moqt:session:object-router] Looking up subscription by trackAlias {lookupAlias: '0', found: true, knownAliases: Array(1)}
logger.js:357 07:37:51.770 [INFO] [moqt:session:object-router] Delivering object {subscriptionId: 2, groupId: 1812372263, objectId: 18, dataSize: 8258}
logger.js:357 07:37:51.802 [INFO] [moqt:session:object-router] Stream read chunk {readNumber: 56, chunkSize: 7266, totalBytesReceived: 146912, done: false, firstBytes: '00 63 75 01 40 a8 01 04 81 6e 6b 84 63 6a 00 00'}
logger.js:357 07:37:51.804 [INFO] [moqt:session:object-router] Stream read chunk {readNumber: 57, chunkSize: 1814, totalBytesReceived: 148726, done: false, firstBytes: '6f 97 57 ab bd 2c 9c bb 5e a2 b7 eb bd 8c de fb'}
logger.js:357 07:37:51.804 [DEBUG] [moqt:session:object-router] Looking up subscription by trackAlias {lookupAlias: '0', found: true, knownAliases: Array(1)}
logger.js:357 07:37:51.804 [INFO] [moqt:session:object-router] Delivering object {subscriptionId: 2, groupId: 1812372263, objectId: 19, dataSize: 9077}
logger.js:357 07:37:51.832 [INFO] [moqt:session:object-router] Stream read chunk {readNumber: 58, chunkSize: 1218, totalBytesReceived: 149944, done: false, firstBytes: '00 5b fb 01 40 a9 01 04 81 6e ef 28 5b f0 00 00'}
logger.js:357 07:37:51.833 [INFO] [moqt:session:object-router] Stream read chunk {readNumber: 59, chunkSize: 2436, totalBytesReceived: 152380, done: false, firstBytes: '63 bc 2c 77 97 82 4d 77 fb eb f5 51 dc 12 74 ad'}
logger.js:357 07:37:51.835 [INFO] [moqt:session:object-router] Stream read chunk {readNumber: 60, chunkSize: 3512, totalBytesReceived: 155892, done: false, firstBytes: 'b6 30 3a 20 c0 86 bd ef fd 7a ba b7 d7 be bd f5'}
logger.js:357 07:37:51.835 [DEBUG] [moqt:session:object-router] Looking up subscription by trackAlias {lookupAlias: '0', found: true, knownAliases: Array(1)}
logger.js:357 07:37:51.835 [INFO] [moqt:session:object-router] Delivering object {subscriptionId: 2, groupId: 1812372263, objectId: 20, dataSize: 7163}
logger.js:357 07:37:51.866 [INFO] [moqt:session:object-router] Stream read chunk {readNumber: 61, chunkSize: 2394, totalBytesReceived: 158286, done: false, firstBytes: '00 5f a6 01 40 aa 01 04 81 6f 72 68 5f 9b 00 00'}
logger.js:357 07:37:51.868 [INFO] [moqt:session:object-router] Stream read chunk {readNumber: 62, chunkSize: 4914, totalBytesReceived: 163200, done: false, firstBytes: 'bb bd 72 f7 ae 4f 7f 7b f8 fd 2c af c4 42 bc 21'}
logger.js:357 07:37:51.868 [INFO] [moqt:session:object-router] Stream read chunk {readNumber: 63, chunkSize: 797, totalBytesReceived: 163997, done: false, firstBytes: 'f7 f2 74 ab bf 73 75 ae 60 12 42 a2 7d 39 7b d8'}
logger.js:357 07:37:51.868 [DEBUG] [moqt:session:object-router] Looking up subscription by trackAlias {lookupAlias: '0', found: true, knownAliases: Array(1)}
logger.js:357 07:37:51.868 [INFO] [moqt:session:object-router] Delivering object {subscriptionId: 2, groupId: 1812372263, objectId: 21, dataSize: 8102}
logger.js:357 07:37:51.901 [INFO] [moqt:session:object-router] Stream read chunk {readNumber: 64, chunkSize: 3654, totalBytesReceived: 167651, done: false, firstBytes: '00 5e ea 01 40 ab 01 04 81 6f f3 50 5e df 00 00'}
logger.js:357 07:37:51.902 [INFO] [moqt:session:object-router] Stream read chunk {readNumber: 65, chunkSize: 1176, totalBytesReceived: 168827, done: false, firstBytes: '80 1f 95 6e 0e c6 82 dd f5 ad b1 ce 09 01 aa 48'}
logger.js:357 07:37:51.904 [INFO] [moqt:session:object-router] Stream read chunk {readNumber: 66, chunkSize: 3087, totalBytesReceived: 171914, done: false, firstBytes: 'e1 1b 82 a5 a4 3e 2b 02 66 6a 7d 53 13 05 9b fb'}
logger.js:357 07:37:51.904 [DEBUG] [moqt:session:object-router] Looking up subscription by trackAlias {lookupAlias: '0', found: true, knownAliases: Array(1)}
logger.js:357 07:37:51.904 [INFO] [moqt:session:object-router] Delivering object {subscriptionId: 2, groupId: 1812372263, objectId: 22, dataSize: 7914}
logger.js:357 07:37:51.933 [INFO] [moqt:session:object-router] Stream read chunk {readNumber: 67, chunkSize: 1218, totalBytesReceived: 173132, done: false, firstBytes: '00 60 1f 01 40 ac 01 04 81 70 73 d4 60 14 00 00'}
logger.js:357 07:37:51.935 [INFO] [moqt:session:object-router] Stream read chunk {readNumber: 68, chunkSize: 2436, totalBytesReceived: 175568, done: false, firstBytes: 'f4 23 ce ee c5 3b c4 2c 6f 56 89 ea f8 a2 6c 4f'}
logger.js:357 07:37:51.937 [INFO] [moqt:session:object-router] Stream read chunk {readNumber: 69, chunkSize: 4572, totalBytesReceived: 180140, done: false, firstBytes: '5f 0e 98 27 bf d7 06 81 f0 4b 77 f5 ed 9f 0d 65'}
logger.js:357 07:37:51.937 [DEBUG] [moqt:session:object-router] Looking up subscription by trackAlias {lookupAlias: '0', found: true, knownAliases: Array(1)}
logger.js:357 07:37:51.937 [INFO] [moqt:session:object-router] Delivering object {subscriptionId: 2, groupId: 1812372263, objectId: 23, dataSize: 8223}
logger.js:357 07:37:51.965 [INFO] [moqt:session:object-router] Stream read chunk {readNumber: 70, chunkSize: 1218, totalBytesReceived: 181358, done: false, firstBytes: '00 5f ed 01 40 ad 01 04 81 70 f2 c8 5f e2 00 00'}
logger.js:357 07:37:51.966 [INFO] [moqt:session:object-router] Stream read chunk {readNumber: 71, chunkSize: 1176, totalBytesReceived: 182534, done: false, firstBytes: '7a 09 84 ac 82 b8 24 eb d0 a7 5a 90 43 f0 13 f5'}
logger.js:357 07:37:51.968 [INFO] [moqt:session:object-router] Stream read chunk {readNumber: 72, chunkSize: 4914, totalBytesReceived: 187448, done: false, firstBytes: '7e 3c 14 82 ba f7 bf af a8 4e 2f 37 fd ac 5d 85'}
logger.js:357 07:37:51.971 [INFO] [moqt:session:object-router] Stream read chunk {readNumber: 73, chunkSize: 868, totalBytesReceived: 188316, done: false, firstBytes: '10 bf d2 49 dd 2e 66 2e ef bd 76 1b 99 f4 c2 3e'}
logger.js:357 07:37:51.971 [DEBUG] [moqt:session:object-router] Looking up subscription by trackAlias {lookupAlias: '0', found: true, knownAliases: Array(1)}
logger.js:357 07:37:51.971 [INFO] [moqt:session:object-router] Delivering object {subscriptionId: 2, groupId: 1812372263, objectId: 24, dataSize: 8173}
logger.js:357 07:37:52.004 [INFO] [moqt:session:object-router] Stream read chunk {readNumber: 74, chunkSize: 8051, totalBytesReceived: 196367, done: false, firstBytes: '00 5f 70 01 40 ae 01 04 81 71 7e 3c 5f 65 00 00'}
logger.js:357 07:37:52.004 [DEBUG] [moqt:session:object-router] Looking up subscription by trackAlias {lookupAlias: '0', found: true, knownAliases: Array(1)}
logger.js:357 07:37:52.004 [INFO] [moqt:session:object-router] Delivering object {subscriptionId: 2, groupId: 1812372263, objectId: 25, dataSize: 8048}
logger.js:357 07:37:52.041 [INFO] [moqt:session:object-router] Stream read chunk {readNumber: 75, chunkSize: 2635, totalBytesReceived: 199002, done: false, firstBytes: '00 5f 92 01 40 af 01 04 81 72 15 04 5f 87 00 00'}
logger.js:357 07:37:52.042 [INFO] [moqt:session:object-router] Stream read chunk {readNumber: 76, chunkSize: 5450, totalBytesReceived: 204452, done: false, firstBytes: '3e f1 58 29 71 a8 92 44 fe 01 68 03 d2 f6 33 25'}
logger.js:357 07:37:52.042 [DEBUG] [moqt:session:object-router] Looking up subscription by trackAlias {lookupAlias: '0', found: true, knownAliases: Array(1)}
logger.js:357 07:37:52.042 [INFO] [moqt:session:object-router] Delivering object {subscriptionId: 2, groupId: 1812372263, objectId: 26, dataSize: 8082}
logger.js:357 07:37:52.067 [INFO] [moqt:session:object-router] Stream read chunk {readNumber: 77, chunkSize: 3654, totalBytesReceived: 208106, done: false, firstBytes: '00 60 02 01 40 b0 01 04 81 72 81 38 5f f7 00 00'}
logger.js:357 07:37:52.069 [INFO] [moqt:session:object-router] Stream read chunk {readNumber: 78, chunkSize: 2436, totalBytesReceived: 210542, done: false, firstBytes: '19 85 00 05 5d 8c 50 51 29 3b 80 a0 03 40 21 aa'}
logger.js:357 07:37:52.069 [INFO] [moqt:session:object-router] Stream read chunk {readNumber: 79, chunkSize: 1218, totalBytesReceived: 211760, done: false, firstBytes: 'af f0 bb 9c 00 e4 d7 fa fd d8 92 7e af f5 79 0e'}
logger.js:357 07:37:52.076 [INFO] [moqt:session:object-router] Stream read chunk {readNumber: 80, chunkSize: 889, totalBytesReceived: 212649, done: false, firstBytes: '96 2b 1b f3 5f 6e b5 fb b3 e6 e6 aa e2 7a d7 fe'}
logger.js:357 07:37:52.077 [DEBUG] [moqt:session:object-router] Looking up subscription by trackAlias {lookupAlias: '0', found: true, knownAliases: Array(1)}
logger.js:357 07:37:52.077 [INFO] [moqt:session:object-router] Delivering object {subscriptionId: 2, groupId: 1812372263, objectId: 27, dataSize: 8194}
logger.js:357 07:37:52.100 [INFO] [moqt:session:object-router] Stream read chunk {readNumber: 81, chunkSize: 1218, totalBytesReceived: 213867, done: false, firstBytes: '00 60 19 01 40 b1 01 04 81 72 ff c8 60 0e 00 00'}
logger.js:357 07:37:52.100 [INFO] [moqt:session:object-router] Stream read chunk {readNumber: 82, chunkSize: 1176, totalBytesReceived: 215043, done: false, firstBytes: '51 dd e3 c4 76 7f ff 55 5d 5b ea d8 85 54 23 fa'}
logger.js:357 07:37:52.100 [INFO] [moqt:session:object-router] Stream read chunk {readNumber: 83, chunkSize: 1260, totalBytesReceived: 216303, done: false, firstBytes: 'f4 70 0e c2 a0 17 43 82 40 ed 75 f7 5f a3 0f f5'}
logger.js:357 07:37:52.101 [INFO] [moqt:session:object-router] Stream read chunk {readNumber: 84, chunkSize: 1176, totalBytesReceived: 217479, done: false, firstBytes: 'e2 ea a2 38 a1 7d 6b 1f 18 01 cc d0 8f b7 4d 9b'}
logger.js:357 07:37:52.106 [INFO] [moqt:session:object-router] Stream read chunk {readNumber: 85, chunkSize: 2478, totalBytesReceived: 219957, done: false, firstBytes: 'ef d7 7d e1 03 e2 5e 7e bd 27 5a ae ad 15 c2 3d'}
logger.js:357 07:37:52.107 [INFO] [moqt:session:object-router] Stream read chunk {readNumber: 86, chunkSize: 912, totalBytesReceived: 220869, done: false, firstBytes: 'b7 57 1e 56 d7 17 c0 55 80 70 97 b1 3e 77 fa 8e'}
logger.js:357 07:37:52.108 [DEBUG] [moqt:session:object-router] Looking up subscription by trackAlias {lookupAlias: '0', found: true, knownAliases: Array(1)}
logger.js:357 07:37:52.108 [INFO] [moqt:session:object-router] Delivering object {subscriptionId: 2, groupId: 1812372263, objectId: 28, dataSize: 8217}
logger.js:357 07:37:52.129 [INFO] [moqt:session:object-router] Stream read chunk {readNumber: 87, chunkSize: 1176, totalBytesReceived: 222045, done: false, firstBytes: '00 62 95 01 40 b2 01 04 81 73 7a 70 62 8a 00 00'}
logger.js:357 07:37:52.131 [INFO] [moqt:session:object-router] Stream read chunk {readNumber: 88, chunkSize: 2478, totalBytesReceived: 224523, done: false, firstBytes: '5a 7e 11 ea d1 62 b9 8e f4 27 a3 f1 02 49 fa f4'}
logger.js:357 07:37:52.132 [INFO] [moqt:session:object-router] Stream read chunk {readNumber: 89, chunkSize: 1176, totalBytesReceived: 225699, done: false, firstBytes: '7f aa 88 ea f1 82 09 b3 52 16 60 b4 3c 8b cd d3'}
logger.js:357 07:37:52.132 [INFO] [moqt:session:object-router] Stream read chunk {readNumber: 90, chunkSize: 1260, totalBytesReceived: 226959, done: false, firstBytes: 'af e5 eb f0 49 7e d1 67 5c eb 9d e3 ba b4 23 fe'}
logger.js:357 07:37:52.135 [INFO] [moqt:session:object-router] Stream read chunk {readNumber: 91, chunkSize: 2436, totalBytesReceived: 229395, done: false, firstBytes: '3f cb 67 c2 1c be d8 d6 a3 e2 6a ab aa ae 75 11'}
logger.js:357 07:37:52.135 [INFO] [moqt:session:object-router] Stream read chunk {readNumber: 92, chunkSize: 330, totalBytesReceived: 229725, done: false, firstBytes: 'ed 34 23 85 be bd 89 5c 47 89 5b 3b ad b6 1a 82'}
logger.js:357 07:37:52.135 [DEBUG] [moqt:session:object-router] Looking up subscription by trackAlias {lookupAlias: '0', found: true, knownAliases: Array(1)}
logger.js:357 07:37:52.135 [INFO] [moqt:session:object-router] Delivering object {subscriptionId: 2, groupId: 1812372263, objectId: 29, dataSize: 8853}
logger.js:357 07:37:52.171 [INFO] [moqt:session:object-router] Stream read chunk {readNumber: 93, chunkSize: 4830, totalBytesReceived: 234555, done: false, firstBytes: '00 5f 25 01 40 b3 01 04 81 73 ff 40 5f 1a 00 00'}
logger.js:357 07:37:52.173 [INFO] [moqt:session:object-router] Stream read chunk {readNumber: 94, chunkSize: 3146, totalBytesReceived: 237701, done: false, firstBytes: '8b eb af 8c b3 3f 6c 6a 55 bf 66 bf b9 6e d4 2a'}
logger.js:357 07:37:52.173 [DEBUG] [moqt:session:object-router] Looking up subscription by trackAlias {lookupAlias: '0', found: true, knownAliases: Array(1)}
logger.js:357 07:37:52.173 [INFO] [moqt:session:object-router] Delivering object {subscriptionId: 2, groupId: 1812372263, objectId: 30, dataSize: 7973}
logger.js:357 07:37:52.200 [INFO] [moqt:session:object-router] Stream read chunk {readNumber: 95, chunkSize: 3654, totalBytesReceived: 241355, done: false, firstBytes: '00 60 4e 01 40 b4 01 04 81 74 85 a0 60 43 00 00'}
logger.js:357 07:37:52.200 [INFO] [moqt:session:object-router] Stream read chunk {readNumber: 96, chunkSize: 1176, totalBytesReceived: 242531, done: false, firstBytes: 'e6 f2 cd ea a3 1e f3 b3 7a 93 ab d7 26 ba ea d2'}
logger.js:357 07:37:52.200 [INFO] [moqt:session:object-router] Stream read chunk {readNumber: 97, chunkSize: 1260, totalBytesReceived: 243791, done: false, firstBytes: '10 4c a2 bf 92 bf 11 d5 38 22 f6 df e0 9a bd 7b'}
logger.js:357 07:37:52.201 [INFO] [moqt:session:object-router] Stream read chunk {readNumber: 98, chunkSize: 1218, totalBytesReceived: 245009, done: false, firstBytes: 'da fc 11 6f ff 74 74 13 d2 d2 26 35 d3 66 14 3f'}
logger.js:357 07:37:52.202 [INFO] [moqt:session:object-router] Stream read chunk {readNumber: 99, chunkSize: 965, totalBytesReceived: 245974, done: false, firstBytes: 'b2 73 6f be 6f 58 ac a4 12 f5 7f aa fa d5 75 a9'}
logger.js:357 07:37:52.202 [DEBUG] [moqt:session:object-router] Looking up subscription by trackAlias {lookupAlias: '0', found: true, knownAliases: Array(1)}
logger.js:357 07:37:52.202 [INFO] [moqt:session:object-router] Delivering object {subscriptionId: 2, groupId: 1812372263, objectId: 31, dataSize: 8270}
logger.js:357 07:37:52.232 [INFO] [moqt:session:object-router] Stream read chunk {readNumber: 100, chunkSize: 1218, totalBytesReceived: 247192, done: false, firstBytes: '00 60 8b 01 40 b5 01 04 81 75 05 5c 60 80 00 00'}
logger.js:357 07:37:52.233 [INFO] [moqt:session:object-router] Stream read chunk {readNumber: 101, chunkSize: 2436, totalBytesReceived: 249628, done: false, firstBytes: 'e9 45 3c 10 1f bf f5 ef af 62 96 fa b4 48 8e 41'}
logger.js:357 07:37:52.235 [INFO] [moqt:session:object-router] Stream read chunk {readNumber: 102, chunkSize: 3654, totalBytesReceived: 253282, done: false, firstBytes: 'd7 35 f4 4c 81 6a 49 7a dc cd ff 63 e7 82 3e f6'}
logger.js:357 07:37:52.237 [INFO] [moqt:session:object-router] Stream read chunk {readNumber: 103, chunkSize: 1026, totalBytesReceived: 254308, done: false, firstBytes: 'fd e9 2f ef b5 f7 a3 f5 9b 97 7d 72 6f 9b fd 6a'}
logger.js:357 07:37:52.237 [DEBUG] [moqt:session:object-router] Looking up subscription by trackAlias {lookupAlias: '0', found: true, knownAliases: Array(1)}
logger.js:357 07:37:52.237 [INFO] [moqt:session:object-router] Delivering object {subscriptionId: 2, groupId: 1812372263, objectId: 32, dataSize: 8331}
logger.js:357 07:37:52.252 [DEBUG] [moqt:media:video-decoder] Video decode stats {instanceId: 1, framesDecoded: 150, width: 1920, height: 1080}
logger.js:357 07:37:52.264 [INFO] [moqt:session:object-router] Stream read chunk {readNumber: 104, chunkSize: 1218, totalBytesReceived: 255526, done: false, firstBytes: '00 60 4d 01 40 b6 01 04 81 75 86 44 60 42 00 00'}
logger.js:357 07:37:52.267 [INFO] [moqt:session:object-router] Stream read chunk {readNumber: 105, chunkSize: 6618, totalBytesReceived: 262144, done: false, firstBytes: 'a0 b8 49 30 5d 82 8f 0c 5c 15 68 63 fb eb df 5e'}
logger.js:357 07:37:52.267 [INFO] [moqt:session:object-router] Stream read chunk {readNumber: 106, chunkSize: 436, totalBytesReceived: 262580, done: false, firstBytes: '00 f6 82 8d fd ff e1 ea bb 82 7a b7 04 00 59 5f'}
logger.js:357 07:37:52.267 [DEBUG] [moqt:session:object-router] Looking up subscription by trackAlias {lookupAlias: '0', found: true, knownAliases: Array(1)}
logger.js:357 07:37:52.267 [INFO] [moqt:session:object-router] Delivering object {subscriptionId: 2, groupId: 1812372263, objectId: 33, dataSize: 8269}
logger.js:357 07:37:52.283 [DEBUG] [moqt:media:subscribe-pipeline] Video arbiter stats {activeGroup: 1812372263, groupCount: 2, framesOutput: 151, groupsCompleted: 1, groupsSkipped: 0}
logger.js:357 07:37:52.301 [INFO] [moqt:session:object-router] Stream read chunk {readNumber: 107, chunkSize: 7946, totalBytesReceived: 270526, done: false, firstBytes: '00 5f 07 01 40 b7 01 04 81 76 0a b0 5e fc 00 00'}
logger.js:357 07:37:52.301 [DEBUG] [moqt:session:object-router] Looking up subscription by trackAlias {lookupAlias: '0', found: true, knownAliases: Array(1)}
logger.js:357 07:37:52.301 [INFO] [moqt:session:object-router] Delivering object {subscriptionId: 2, groupId: 1812372263, objectId: 34, dataSize: 7943}
VideoRenderer.tsx:84 [VideoRenderer] Rendering stats {framesRendered: 150, frameWidth: 1920, frameHeight: 1080, timestamp: 181000}
logger.js:357 07:37:52.331 [INFO] [moqt:session:object-router] Stream read chunk {readNumber: 108, chunkSize: 1176, totalBytesReceived: 271702, done: false, firstBytes: '00 5e f5 01 40 b8 01 04 81 76 8f e4 5e ea 00 00'}
logger.js:357 07:37:52.332 [INFO] [moqt:session:object-router] Stream read chunk {readNumber: 109, chunkSize: 1260, totalBytesReceived: 272962, done: false, firstBytes: 'a4 c3 b2 f5 e9 05 3c 9d 5a 5f f5 5f 5e 9b ab c4'}
logger.js:357 07:37:52.336 [INFO] [moqt:session:object-router] Stream read chunk {readNumber: 110, chunkSize: 5492, totalBytesReceived: 278454, done: false, firstBytes: 'ab 06 60 a6 5e a2 eb 7f 55 46 56 68 52 be b5 55'}
logger.js:357 07:37:52.336 [DEBUG] [moqt:session:object-router] Looking up subscription by trackAlias {lookupAlias: '0', found: true, knownAliases: Array(1)}
logger.js:357 07:37:52.336 [INFO] [moqt:session:object-router] Delivering object {subscriptionId: 2, groupId: 1812372263, objectId: 35, dataSize: 7925}
logger.js:357 07:37:52.372 [INFO] [moqt:session:object-router] Stream read chunk {readNumber: 111, chunkSize: 7796, totalBytesReceived: 286250, done: false, firstBytes: '00 5e 71 01 40 b9 01 04 81 77 11 f8 5e 66 00 00'}
logger.js:357 07:37:52.372 [DEBUG] [moqt:session:object-router] Looking up subscription by trackAlias {lookupAlias: '0', found: true, knownAliases: Array(1)}
logger.js:357 07:37:52.372 [INFO] [moqt:session:object-router] Delivering object {subscriptionId: 2, groupId: 1812372263, objectId: 36, dataSize: 7793}
logger.js:357 07:37:52.416 [INFO] [moqt:session:object-router] Stream read chunk {readNumber: 112, chunkSize: 4872, totalBytesReceived: 291122, done: false, firstBytes: '00 5f 8a 01 40 ba 01 04 81 77 b8 c4 5f 7f 00 00'}
logger.js:357 07:37:52.418 [INFO] [moqt:session:object-router] Stream read chunk {readNumber: 113, chunkSize: 3205, totalBytesReceived: 294327, done: false, firstBytes: 'c0 46 0a b7 df d7 7e 8c 09 3a eb 80 8b 00 8e 63'}
logger.js:357 07:37:52.418 [DEBUG] [moqt:session:object-router] Looking up subscription by trackAlias {lookupAlias: '0', found: true, knownAliases: Array(1)}
logger.js:357 07:37:52.418 [INFO] [moqt:session:object-router] Delivering object {subscriptionId: 2, groupId: 1812372263, objectId: 37, dataSize: 8074}
logger.js:357 07:37:52.431 [INFO] [moqt:session:object-router] Stream read chunk {readNumber: 114, chunkSize: 2352, totalBytesReceived: 296679, done: false, firstBytes: '00 61 0b 01 40 bb 01 04 81 78 11 0c 61 00 00 00'}
logger.js:357 07:37:52.431 [INFO] [moqt:session:object-router] Stream read chunk {readNumber: 115, chunkSize: 1302, totalBytesReceived: 297981, done: false, firstBytes: 'e5 e2 66 a6 af df 7a fb 97 d3 0b 75 79 f8 43 da'}
logger.js:357 07:37:52.432 [INFO] [moqt:session:object-router] Stream read chunk {readNumber: 116, chunkSize: 1218, totalBytesReceived: 299199, done: false, firstBytes: '3c 01 42 03 b0 57 5f bd 57 47 0f 01 06 02 a8 15'}
logger.js:357 07:37:52.434 [INFO] [moqt:session:object-router] Stream read chunk {readNumber: 117, chunkSize: 3590, totalBytesReceived: 302789, done: false, firstBytes: 'bd 70 50 01 e4 51 cc 77 11 8b c6 b8 9d 1b 43 e0'}
logger.js:357 07:37:52.434 [DEBUG] [moqt:session:object-router] Looking up subscription by trackAlias {lookupAlias: '0', found: true, knownAliases: Array(1)}
logger.js:357 07:37:52.434 [INFO] [moqt:session:object-router] Delivering object {subscriptionId: 2, groupId: 1812372263, objectId: 38, dataSize: 8459}
logger.js:357 07:37:52.466 [INFO] [moqt:session:object-router] Stream read chunk {readNumber: 118, chunkSize: 1218, totalBytesReceived: 304007, done: false, firstBytes: '00 60 70 01 40 bc 01 04 81 78 98 98 60 65 00 00'}
logger.js:357 07:37:52.466 [INFO] [moqt:session:object-router] Stream read chunk {readNumber: 119, chunkSize: 2352, totalBytesReceived: 306359, done: false, firstBytes: 'd5 2d 2f df 77 2d 3f 5e aa 66 a5 f0 1d 60 9d 7b'}
logger.js:357 07:37:52.468 [INFO] [moqt:session:object-router] Stream read chunk {readNumber: 120, chunkSize: 4737, totalBytesReceived: 311096, done: false, firstBytes: 'a2 53 5e 02 20 65 d3 11 11 14 7f 94 98 31 b1 90'}
logger.js:357 07:37:52.468 [DEBUG] [moqt:session:object-router] Looking up subscription by trackAlias {lookupAlias: '0', found: true, knownAliases: Array(1)}
logger.js:357 07:37:52.468 [INFO] [moqt:session:object-router] Delivering object {subscriptionId: 2, groupId: 1812372263, objectId: 39, dataSize: 8304}
logger.js:357 07:37:52.500 [INFO] [moqt:session:object-router] Stream read chunk {readNumber: 121, chunkSize: 1218, totalBytesReceived: 312314, done: false, firstBytes: '00 5f 1c 01 40 bd 01 04 81 79 1e 94 5f 11 00 00'}
logger.js:357 07:37:52.503 [INFO] [moqt:session:object-router] Stream read chunk {readNumber: 122, chunkSize: 4830, totalBytesReceived: 317144, done: false, firstBytes: 'd6 be b5 1d 86 16 b8 1a b8 a5 9f ad 44 f5 af aa'}
logger.js:357 07:37:52.504 [INFO] [moqt:session:object-router] Stream read chunk {readNumber: 123, chunkSize: 1919, totalBytesReceived: 319063, done: false, firstBytes: 'dd 5e 8e b6 77 7f 04 9e 6c ad 80 81 01 ec 03 0c'}
logger.js:357 07:37:52.504 [DEBUG] [moqt:session:object-router] Looking up subscription by trackAlias {lookupAlias: '0', found: true, knownAliases: Array(1)}
logger.js:357 07:37:52.504 [INFO] [moqt:session:object-router] Delivering object {subscriptionId: 2, groupId: 1812372263, objectId: 40, dataSize: 7964}
logger.js:357 07:37:52.532 [INFO] [moqt:session:object-router] Stream read chunk {readNumber: 124, chunkSize: 3654, totalBytesReceived: 322717, done: false, firstBytes: '00 60 56 01 40 be 01 04 81 79 9a cc 60 4b 00 00'}
logger.js:357 07:37:52.534 [INFO] [moqt:session:object-router] Stream read chunk {readNumber: 125, chunkSize: 1176, totalBytesReceived: 323893, done: false, firstBytes: 'bf af 89 e9 f4 e3 f9 7d 35 d5 e3 7a bf d5 e4 eb'}
logger.js:357 07:37:52.536 [INFO] [moqt:session:object-router] Stream read chunk {readNumber: 126, chunkSize: 1260, totalBytesReceived: 325153, done: false, firstBytes: '8f ee 02 62 14 eb e2 b5 59 55 fd c7 14 bd 71 0a'}
logger.js:357 07:37:52.537 [INFO] [moqt:session:object-router] Stream read chunk {readNumber: 127, chunkSize: 2191, totalBytesReceived: 327344, done: false, firstBytes: '09 fb df b1 8d 37 be 10 eb 5f 5a fa d4 b5 5a 93'}
logger.js:357 07:37:52.537 [DEBUG] [moqt:session:object-router] Looking up subscription by trackAlias {lookupAlias: '0', found: true, knownAliases: Array(1)}
logger.js:357 07:37:52.537 [INFO] [moqt:session:object-router] Delivering object {subscriptionId: 2, groupId: 1812372263, objectId: 41, dataSize: 8278}
logger.js:357 07:37:52.563 [INFO] [moqt:session:object-router] Stream read chunk {readNumber: 128, chunkSize: 336, totalBytesReceived: 327680, done: false, firstBytes: '00 60 46 01 40 bf 01 04 81 7a 1a 24 60 3b 00 00'}
logger.js:357 07:37:52.570 [INFO] [moqt:session:object-router] Stream read chunk {readNumber: 129, chunkSize: 7929, totalBytesReceived: 335609, done: false, firstBytes: 'a5 11 df 57 ce ae 18 ea ff 57 86 cf c2 c7 78 b3'}
logger.js:357 07:37:52.571 [DEBUG] [moqt:session:object-router] Looking up subscription by trackAlias {lookupAlias: '0', found: true, knownAliases: Array(1)}
logger.js:357 07:37:52.571 [INFO] [moqt:session:object-router] Delivering object {subscriptionId: 2, groupId: 1812372263, objectId: 42, dataSize: 8262}
logger.js:357 07:37:52.601 [INFO] [moqt:session:object-router] Stream read chunk {readNumber: 130, chunkSize: 1218, totalBytesReceived: 336827, done: false, firstBytes: '00 5f ee 01 40 c0 01 04 81 7a 9f bc 5f e3 00 00'}
logger.js:357 07:37:52.603 [INFO] [moqt:session:object-router] Stream read chunk {readNumber: 131, chunkSize: 6959, totalBytesReceived: 343786, done: false, firstBytes: '78 7b be f0 43 d7 be bd 2f 5a fa bc dd 6b eb 53'}
logger.js:357 07:37:52.603 [DEBUG] [moqt:session:object-router] Looking up subscription by trackAlias {lookupAlias: '0', found: true, knownAliases: Array(1)}
logger.js:357 07:37:52.603 [INFO] [moqt:session:object-router] Delivering object {subscriptionId: 2, groupId: 1812372263, objectId: 43, dataSize: 8174}
logger.js:357 07:37:52.632 [INFO] [moqt:session:object-router] Stream read chunk {readNumber: 132, chunkSize: 1218, totalBytesReceived: 345004, done: false, firstBytes: '00 5e 79 01 40 c1 01 04 81 7b 22 fc 5e 6e 00 00'}
logger.js:357 07:37:52.632 [INFO] [moqt:session:object-router] Stream read chunk {readNumber: 133, chunkSize: 1176, totalBytesReceived: 346180, done: false, firstBytes: '37 d7 a3 04 12 fc 4d 73 75 5e c5 f6 ad 5a 85 28'}
logger.js:357 07:37:52.633 [INFO] [moqt:session:object-router] Stream read chunk {readNumber: 134, chunkSize: 2436, totalBytesReceived: 348616, done: false, firstBytes: 'aa 11 1b 51 58 bc 51 29 e0 10 50 17 20 86 fc 73'}
logger.js:357 07:37:52.635 [INFO] [moqt:session:object-router] Stream read chunk {readNumber: 135, chunkSize: 2478, totalBytesReceived: 351094, done: false, firstBytes: '05 1a 45 9e 97 ef 82 6f 69 32 d3 61 e0 87 6b ef'}
logger.js:357 07:37:52.637 [INFO] [moqt:session:object-router] Stream read chunk {readNumber: 136, chunkSize: 496, totalBytesReceived: 351590, done: false, firstBytes: '4c 95 9b dd cf e8 13 82 ef 37 5e d2 f0 43 2f 8b'}
logger.js:357 07:37:52.637 [DEBUG] [moqt:session:object-router] Looking up subscription by trackAlias {lookupAlias: '0', found: true, knownAliases: Array(1)}
logger.js:357 07:37:52.637 [INFO] [moqt:session:object-router] Delivering object {subscriptionId: 2, groupId: 1812372263, objectId: 44, dataSize: 7801}
logger.js:357 07:37:52.667 [INFO] [moqt:session:object-router] Stream read chunk {readNumber: 137, chunkSize: 3654, totalBytesReceived: 355244, done: false, firstBytes: '00 5f 29 01 40 c2 01 04 81 7b a8 f8 5f 1e 00 00'}
logger.js:357 07:37:52.668 [INFO] [moqt:session:object-router] Stream read chunk {readNumber: 138, chunkSize: 1176, totalBytesReceived: 356420, done: false, firstBytes: '19 04 5b ed 8d c2 03 d6 56 6f ff f9 22 9c d9 c3'}
logger.js:357 07:37:52.670 [INFO] [moqt:session:object-router] Stream read chunk {readNumber: 139, chunkSize: 3150, totalBytesReceived: 359570, done: false, firstBytes: 'cc 24 56 2d fe 57 6c e9 dd 36 2c 82 94 64 99 12'}
logger.js:357 07:37:52.670 [DEBUG] [moqt:session:object-router] Looking up subscription by trackAlias {lookupAlias: '0', found: true, knownAliases: Array(1)}
logger.js:357 07:37:52.670 [INFO] [moqt:session:object-router] Delivering object {subscriptionId: 2, groupId: 1812372263, objectId: 45, dataSize: 7977}
logger.js:357 07:37:52.706 [INFO] [moqt:session:object-router] Stream read chunk {readNumber: 140, chunkSize: 7622, totalBytesReceived: 367192, done: false, firstBytes: '00 5d c3 01 40 c3 01 04 81 7c 20 e4 5d b8 00 00'}
logger.js:357 07:37:52.706 [DEBUG] [moqt:session:object-router] Looking up subscription by trackAlias {lookupAlias: '0', found: true, knownAliases: Array(1)}
logger.js:357 07:37:52.706 [INFO] [moqt:session:object-router] Delivering object {subscriptionId: 2, groupId: 1812372263, objectId: 46, dataSize: 7619}
logger.js:357 07:37:52.741 [INFO] [moqt:session:object-router] Stream read chunk {readNumber: 141, chunkSize: 1218, totalBytesReceived: 368410, done: false, firstBytes: '00 5e 43 01 40 c4 01 04 81 7c cc 60 5e 38 00 00'}
logger.js:357 07:37:52.742 [INFO] [moqt:session:object-router] Stream read chunk {readNumber: 142, chunkSize: 1176, totalBytesReceived: 369586, done: false, firstBytes: '51 7c db 7f 8a f3 7e ab 82 bf 49 af 4b ef 82 ee'}
logger.js:357 07:37:52.743 [INFO] [moqt:session:object-router] Stream read chunk {readNumber: 143, chunkSize: 1260, totalBytesReceived: 370846, done: false, firstBytes: '63 36 7f 35 d5 61 26 07 f0 0a 96 62 76 9e 09 51'}
logger.js:357 07:37:52.746 [INFO] [moqt:session:object-router] Stream read chunk {readNumber: 144, chunkSize: 4096, totalBytesReceived: 374942, done: false, firstBytes: 'a2 7d 3e 9f bb bf e5 bf 29 de 2f 66 e9 cb d6 a2'}
logger.js:357 07:37:52.746 [DEBUG] [moqt:session:object-router] Looking up subscription by trackAlias {lookupAlias: '0', found: true, knownAliases: Array(1)}
logger.js:357 07:37:52.746 [INFO] [moqt:session:object-router] Delivering object {subscriptionId: 2, groupId: 1812372263, objectId: 47, dataSize: 7747}
logger.js:357 07:37:52.765 [INFO] [moqt:session:object-router] Stream read chunk {readNumber: 145, chunkSize: 1176, totalBytesReceived: 376118, done: false, firstBytes: '00 5d ad 01 40 c5 01 04 81 7d 28 90 5d a2 00 00'}
logger.js:357 07:37:52.766 [INFO] [moqt:session:object-router] Stream read chunk {readNumber: 146, chunkSize: 4914, totalBytesReceived: 381032, done: false, firstBytes: '7e 97 91 0b f4 79 69 d3 17 eb 2e 2f e5 bf 5c be'}
logger.js:357 07:37:52.768 [INFO] [moqt:session:object-router] Stream read chunk {readNumber: 147, chunkSize: 1510, totalBytesReceived: 382542, done: false, firstBytes: 'd5 62 e4 c3 53 fb 93 4b f1 1e eb ef 34 10 da 47'}
logger.js:357 07:37:52.768 [DEBUG] [moqt:session:object-router] Looking up subscription by trackAlias {lookupAlias: '0', found: true, knownAliases: Array(1)}
logger.js:357 07:37:52.768 [INFO] [moqt:session:object-router] Delivering object {subscriptionId: 2, groupId: 1812372263, objectId: 48, dataSize: 7597}
logger.js:357 07:37:52.799 [INFO] [moqt:session:object-router] Stream read chunk {readNumber: 148, chunkSize: 1218, totalBytesReceived: 383760, done: false, firstBytes: '00 64 d7 01 40 c6 01 04 81 7d ac 34 64 cc 00 00'}
logger.js:357 07:37:52.801 [INFO] [moqt:session:object-router] Stream read chunk {readNumber: 149, chunkSize: 6090, totalBytesReceived: 389850, done: false, firstBytes: 'bc ef 11 fe ab ea dd 81 c2 84 78 8e c4 7f 57 fa'}
logger.js:357 07:37:52.802 [INFO] [moqt:session:object-router] Stream read chunk {readNumber: 150, chunkSize: 2126, totalBytesReceived: 391976, done: false, firstBytes: '13 6b f5 7d 91 92 2b a7 de af 5c 13 75 f5 ef 12'}
logger.js:357 07:37:52.802 [DEBUG] [moqt:session:object-router] Looking up subscription by trackAlias {lookupAlias: '0', found: true, knownAliases: Array(1)}
logger.js:357 07:37:52.802 [INFO] [moqt:session:object-router] Delivering object {subscriptionId: 2, groupId: 1812372263, objectId: 49, dataSize: 9431}
logger.js:357 07:37:52.833 [INFO] [moqt:session:object-router] Stream read chunk {readNumber: 151, chunkSize: 1240, totalBytesReceived: 393216, done: false, firstBytes: '00 5c 86 01 40 c7 01 04 81 7e 34 24 5c 7b 00 00'}
logger.js:357 07:37:52.835 [INFO] [moqt:session:object-router] Stream read chunk {readNumber: 152, chunkSize: 3654, totalBytesReceived: 396870, done: false, firstBytes: '66 9a 8c 5d d1 81 0e e4 be 05 16 24 08 6c 0c 71'}
logger.js:357 07:37:52.837 [INFO] [moqt:session:object-router] Stream read chunk {readNumber: 153, chunkSize: 2411, totalBytesReceived: 399281, done: false, firstBytes: 'ea 4e 23 5f 55 d6 f8 42 a5 fd 2d ff af 73 eb af'}
logger.js:357 07:37:52.837 [DEBUG] [moqt:session:object-router] Looking up subscription by trackAlias {lookupAlias: '0', found: true, knownAliases: Array(1)}
logger.js:357 07:37:52.837 [INFO] [moqt:session:object-router] Delivering object {subscriptionId: 2, groupId: 1812372263, objectId: 50, dataSize: 7302}
logger.js:357 07:37:52.864 [INFO] [moqt:session:object-router] Stream read chunk {readNumber: 154, chunkSize: 1176, totalBytesReceived: 400457, done: false, firstBytes: '00 64 5a 01 40 c8 01 04 81 7e ad 3c 64 4f 00 00'}
logger.js:357 07:37:52.865 [INFO] [moqt:session:object-router] Stream read chunk {readNumber: 155, chunkSize: 42, totalBytesReceived: 400499, done: false, firstBytes: 'cb d5 a8 ea e3 c4 f1 1d 5e 6c 0b 10 a7 5a 93 ad'}
logger.js:357 07:37:52.865 [INFO] [moqt:session:object-router] Stream read chunk {readNumber: 156, chunkSize: 1176, totalBytesReceived: 401675, done: false, firstBytes: 'b8 11 23 7f 5a 98 4a be 05 2c dc 11 7b bf d7 be'}
logger.js:357 07:37:52.867 [INFO] [moqt:session:object-router] Stream read chunk {readNumber: 157, chunkSize: 6132, totalBytesReceived: 407807, done: false, firstBytes: '0d ef fc d7 ea 8c 5b be ec a4 f7 5d 58 e1 54 a6'}
logger.js:357 07:37:52.869 [INFO] [moqt:session:object-router] Stream read chunk {readNumber: 158, chunkSize: 783, totalBytesReceived: 408590, done: false, firstBytes: 'e0 93 7e b9 3f 04 7e f5 f1 7b fb c4 ac 67 3b dd'}
logger.js:357 07:37:52.869 [DEBUG] [moqt:session:object-router] Looking up subscription by trackAlias {lookupAlias: '0', found: true, knownAliases: Array(1)}
logger.js:357 07:37:52.869 [INFO] [moqt:session:object-router] Delivering object {subscriptionId: 2, groupId: 1812372263, objectId: 51, dataSize: 9306}
logger.js:357 07:37:52.896 [INFO] [moqt:session:object-router] Stream read chunk {readNumber: 159, chunkSize: 1218, totalBytesReceived: 409808, done: false, firstBytes: '00 58 9e 01 40 c9 01 04 81 7f 2d 5c 58 93 00 00'}
logger.js:357 07:37:52.897 [INFO] [moqt:session:object-router] Stream read chunk {readNumber: 160, chunkSize: 1176, totalBytesReceived: 410984, done: false, firstBytes: '5a 3c 5d fe 0f 78 18 1e 9b fc 63 ae 40 ce 6c ef'}
logger.js:357 07:37:52.897 [INFO] [moqt:session:object-router] Stream read chunk {readNumber: 161, chunkSize: 1260, totalBytesReceived: 412244, done: false, firstBytes: 'd7 e2 69 7d 64 e2 b5 eb 5e 3c 13 6b 5b f5 d2 ee'}
logger.js:357 07:37:52.900 [INFO] [moqt:session:object-router] Stream read chunk {readNumber: 162, chunkSize: 2651, totalBytesReceived: 414895, done: false, firstBytes: '77 be 66 87 da 1f 9f 17 4d 53 4e bd 7a 8e 4e 29'}
logger.js:357 07:37:52.900 [DEBUG] [moqt:session:object-router] Looking up subscription by trackAlias {lookupAlias: '0', found: true, knownAliases: Array(1)}
logger.js:357 07:37:52.900 [INFO] [moqt:session:object-router] Delivering object {subscriptionId: 2, groupId: 1812372263, objectId: 52, dataSize: 6302}
logger.js:357 07:37:52.934 [INFO] [moqt:session:object-router] Stream read chunk {readNumber: 163, chunkSize: 2436, totalBytesReceived: 417331, done: false, firstBytes: '00 62 d8 01 40 ca 01 04 81 7f b9 fc 62 cd 00 00'}
logger.js:357 07:37:52.936 [INFO] [moqt:session:object-router] Stream read chunk {readNumber: 164, chunkSize: 4872, totalBytesReceived: 422203, done: false, firstBytes: '24 61 06 02 dc 07 5a be 68 7f 5d 00 30 ff a7 60'}
logger.js:357 07:37:52.936 [INFO] [moqt:session:object-router] Stream read chunk {readNumber: 165, chunkSize: 1615, totalBytesReceived: 423818, done: false, firstBytes: 'ff 7f be b7 a0 4f db 5d 0c 9d b4 62 e6 ee f6 d2'}
logger.js:357 07:37:52.936 [DEBUG] [moqt:session:object-router] Looking up subscription by trackAlias {lookupAlias: '0', found: true, knownAliases: Array(1)}
logger.js:357 07:37:52.937 [INFO] [moqt:session:object-router] Delivering object {subscriptionId: 2, groupId: 1812372263, objectId: 53, dataSize: 8920}
logger.js:357 07:37:52.967 [INFO] [moqt:session:object-router] Stream read chunk {readNumber: 166, chunkSize: 1218, totalBytesReceived: 425036, done: false, firstBytes: '00 60 7b 01 40 cb 01 04 81 80 3a 1c 60 70 00 00'}
logger.js:357 07:37:52.968 [INFO] [moqt:session:object-router] Stream read chunk {readNumber: 167, chunkSize: 1176, totalBytesReceived: 426212, done: false, firstBytes: 'df 57 be af 08 1f 84 3a b4 c7 27 3f 0a 75 eb ea'}
logger.js:357 07:37:52.971 [INFO] [moqt:session:object-router] Stream read chunk {readNumber: 168, chunkSize: 5924, totalBytesReceived: 432136, done: false, firstBytes: '16 e6 d7 a8 9b ab 51 39 ba f6 fd c6 f5 ea b9 36'}
logger.js:357 07:37:52.971 [DEBUG] [moqt:session:object-router] Looking up subscription by trackAlias {lookupAlias: '0', found: true, knownAliases: Array(1)}
logger.js:357 07:37:52.971 [INFO] [moqt:session:object-router] Delivering object {subscriptionId: 2, groupId: 1812372263, objectId: 54, dataSize: 8315}
logger.js:357 07:37:53.000 [INFO] [moqt:session:object-router] Stream read chunk {readNumber: 169, chunkSize: 3654, totalBytesReceived: 435790, done: false, firstBytes: '00 61 8a 01 40 cc 01 04 81 80 bc 30 61 7f 00 00'}
logger.js:357 07:37:53.002 [INFO] [moqt:session:object-router] Stream read chunk {readNumber: 170, chunkSize: 4872, totalBytesReceived: 440662, done: false, firstBytes: 'ad 45 75 aa ea f2 9f 85 3e 7f eb 55 d6 ab ab 7d'}
logger.js:357 07:37:53.006 [INFO] [moqt:session:object-router] Stream read chunk {readNumber: 171, chunkSize: 63, totalBytesReceived: 440725, done: false, firstBytes: '4e 9d 1d f1 2a f3 be 72 5b 9c 9e 47 c7 ad 9e 12'}
logger.js:357 07:37:53.006 [DEBUG] [moqt:session:object-router] Looking up subscription by trackAlias {lookupAlias: '0', found: true, knownAliases: Array(1)}
logger.js:357 07:37:53.006 [INFO] [moqt:session:object-router] Delivering object {subscriptionId: 2, groupId: 1812372263, objectId: 55, dataSize: 8586}
logger.js:357 07:37:53.040 [INFO] [moqt:session:object-router] Stream read chunk {readNumber: 172, chunkSize: 8710, totalBytesReceived: 449435, done: false, firstBytes: '00 62 03 01 40 cd 01 04 81 81 3f d4 61 f8 00 00'}
logger.js:357 07:37:53.041 [DEBUG] [moqt:session:object-router] Looking up subscription by trackAlias {lookupAlias: '0', found: true, knownAliases: Array(1)}
logger.js:357 07:37:53.041 [INFO] [moqt:session:object-router] Delivering object {subscriptionId: 2, groupId: 1812372263, objectId: 56, dataSize: 8707}
logger.js:357 07:37:53.075 [INFO] [moqt:session:object-router] Stream read chunk {readNumber: 173, chunkSize: 1218, totalBytesReceived: 450653, done: false, firstBytes: '00 63 eb 01 40 ce 01 04 81 81 df fc 63 e0 00 00'}
logger.js:357 07:37:53.076 [INFO] [moqt:session:object-router] Stream read chunk {readNumber: 174, chunkSize: 7308, totalBytesReceived: 457961, done: false, firstBytes: 'a3 fe ad 47 e1 0e b5 3f 56 90 e4 bb 83 ac 27 d5'}
logger.js:357 07:37:53.078 [INFO] [moqt:session:object-router] Stream read chunk {readNumber: 175, chunkSize: 672, totalBytesReceived: 458633, done: false, firstBytes: '7b ee f3 33 30 6d 66 60 f6 18 af af da 0f 43 50'}
logger.js:357 07:37:53.078 [DEBUG] [moqt:session:object-router] Looking up subscription by trackAlias {lookupAlias: '0', found: true, knownAliases: Array(1)}
logger.js:357 07:37:53.078 [INFO] [moqt:session:object-router] Delivering object {subscriptionId: 2, groupId: 1812372263, objectId: 57, dataSize: 9195}
logger.js:357 07:37:53.099 [INFO] [moqt:session:object-router] Stream read chunk {readNumber: 176, chunkSize: 2555, totalBytesReceived: 461188, done: false, firstBytes: '00 5e 6f 01 40 cf 01 04 81 82 3d bc 5e 64 00 00'}
logger.js:357 07:37:53.101 [INFO] [moqt:session:object-router] Stream read chunk {readNumber: 177, chunkSize: 3654, totalBytesReceived: 464842, done: false, firstBytes: '5f 04 3e b5 f0 49 ee d8 82 4b 49 95 77 ff e8 2d'}
logger.js:357 07:37:53.103 [INFO] [moqt:session:object-router] Stream read chunk {readNumber: 178, chunkSize: 1218, totalBytesReceived: 466060, done: false, firstBytes: '17 55 5f 7c 0d 80 69 5a 3b 88 74 a2 9c 43 91 4b'}
logger.js:357 07:37:53.107 [INFO] [moqt:session:object-router] Stream read chunk {readNumber: 179, chunkSize: 367, totalBytesReceived: 466427, done: false, firstBytes: 'ae c7 12 0e fd b1 c4 b7 5f 52 6f af be bd f5 1d'}
logger.js:357 07:37:53.107 [DEBUG] [moqt:session:object-router] Looking up subscription by trackAlias {lookupAlias: '0', found: true, knownAliases: Array(1)}
logger.js:357 07:37:53.107 [INFO] [moqt:session:object-router] Delivering object {subscriptionId: 2, groupId: 1812372263, objectId: 58, dataSize: 7791}
logger.js:357 07:37:53.133 [INFO] [moqt:session:object-router] Stream read chunk {readNumber: 180, chunkSize: 1218, totalBytesReceived: 467645, done: false, firstBytes: '00 5f 86 01 40 d0 01 04 81 82 c4 80 5f 7b 00 00'}
logger.js:357 07:37:53.137 [INFO] [moqt:session:object-router] Stream read chunk {readNumber: 181, chunkSize: 6855, totalBytesReceived: 474500, done: false, firstBytes: 'd7 ab af 4d 83 89 cf fc bd e2 fa b7 d7 a3 3a d4'}
logger.js:357 07:37:53.137 [DEBUG] [moqt:session:object-router] Looking up subscription by trackAlias {lookupAlias: '0', found: true, knownAliases: Array(1)}
logger.js:357 07:37:53.137 [INFO] [moqt:session:object-router] Delivering object {subscriptionId: 2, groupId: 1812372263, objectId: 59, dataSize: 8070}
logger.js:357 07:37:53.166 [INFO] [moqt:session:object-router] Stream read chunk {readNumber: 182, chunkSize: 1218, totalBytesReceived: 475718, done: false, firstBytes: '00 60 21 01 40 d1 01 04 81 83 47 c0 60 16 00 00'}
logger.js:357 07:37:53.169 [INFO] [moqt:session:object-router] Stream read chunk {readNumber: 183, chunkSize: 7010, totalBytesReceived: 482728, done: false, firstBytes: 'ad 21 df c0 c0 b5 5d 6a ba d7 d6 a3 b0 15 18 82'}
logger.js:357 07:37:53.169 [DEBUG] [moqt:session:object-router] Looking up subscription by trackAlias {lookupAlias: '0', found: true, knownAliases: Array(1)}
logger.js:357 07:37:53.169 [INFO] [moqt:session:object-router] Delivering object {subscriptionId: 2, groupId: 1812372263, objectId: 60, dataSize: 8225}
logger.js:357 07:37:53.202 [INFO] [moqt:session:object-router] Stream read chunk {readNumber: 184, chunkSize: 3654, totalBytesReceived: 486382, done: false, firstBytes: '00 5f aa 01 40 d2 01 04 81 83 cd bc 5f 9f 00 00'}
logger.js:357 07:37:53.205 [INFO] [moqt:session:object-router] Stream read chunk {readNumber: 185, chunkSize: 1218, totalBytesReceived: 487600, done: false, firstBytes: 'bb f4 60 3f d7 e0 8b 7e b8 63 5c bd ef ab 5f 04'}
logger.js:357 07:37:53.206 [INFO] [moqt:session:object-router] Stream read chunk {readNumber: 186, chunkSize: 3237, totalBytesReceived: 490837, done: false, firstBytes: 'c8 f2 a8 d5 b4 2e 54 73 cf cb b2 a7 8f 90 b4 f7'}
logger.js:357 07:37:53.206 [DEBUG] [moqt:session:object-router] Looking up subscription by trackAlias {lookupAlias: '0', found: true, knownAliases: Array(1)}
logger.js:357 07:37:53.206 [INFO] [moqt:session:object-router] Delivering object {subscriptionId: 2, groupId: 1812372263, objectId: 61, dataSize: 8106}
logger.js:357 07:37:53.235 [INFO] [moqt:session:object-router] Stream read chunk {readNumber: 187, chunkSize: 3654, totalBytesReceived: 494491, done: false, firstBytes: '00 5e b0 01 40 d3 01 04 81 84 4f 08 5e a5 00 00'}
logger.js:357 07:37:53.241 [INFO] [moqt:session:object-router] Stream read chunk {readNumber: 188, chunkSize: 4205, totalBytesReceived: 498696, done: false, firstBytes: 'a6 84 80 fb 7f d6 2e 2f 47 76 01 f4 0e 03 90 2a'}
logger.js:357 07:37:53.241 [DEBUG] [moqt:session:object-router] Looking up subscription by trackAlias {lookupAlias: '0', found: true, knownAliases: Array(1)}
logger.js:357 07:37:53.241 [INFO] [moqt:session:object-router] Delivering object {subscriptionId: 2, groupId: 1812372263, objectId: 62, dataSize: 7856}
logger.js:357 07:37:53.244 [DEBUG] [moqt:media:video-decoder] Video decode stats {instanceId: 1, framesDecoded: 180, width: 1920, height: 1080}
logger.js:357 07:37:53.267 [INFO] [moqt:session:object-router] Stream read chunk {readNumber: 189, chunkSize: 1176, totalBytesReceived: 499872, done: false, firstBytes: '00 5e 91 01 40 d4 01 04 81 84 d0 54 5e 86 00 00'}
logger.js:357 07:37:53.269 [INFO] [moqt:session:object-router] Stream read chunk {readNumber: 190, chunkSize: 6132, totalBytesReceived: 506004, done: false, firstBytes: '8c 47 02 18 ae 2b f2 35 6f ab 50 8e ba bc 15 88'}
logger.js:357 07:37:53.272 [INFO] [moqt:session:object-router] Stream read chunk {readNumber: 191, chunkSize: 520, totalBytesReceived: 506524, done: false, firstBytes: '7f aa be ad 13 d6 be b5 27 5e fa f4 5f 57 cf fd'}
logger.js:357 07:37:53.272 [DEBUG] [moqt:session:object-router] Looking up subscription by trackAlias {lookupAlias: '0', found: true, knownAliases: Array(1)}
logger.js:357 07:37:53.272 [INFO] [moqt:session:object-router] Delivering object {subscriptionId: 2, groupId: 1812372263, objectId: 63, dataSize: 7825}
logger.js:357 07:37:53.275 [DEBUG] [moqt:media:subscribe-pipeline] Video arbiter stats {activeGroup: 1812372263, groupCount: 2, framesOutput: 181, groupsCompleted: 1, groupsSkipped: 0}
logger.js:357 07:37:53.298 [INFO] [moqt:session:object-router] Stream read chunk {readNumber: 192, chunkSize: 1218, totalBytesReceived: 507742, done: false, firstBytes: '00 5f 57 01 40 d5 01 04 81 85 50 74 5f 4c 00 00'}
logger.js:357 07:37:53.300 [INFO] [moqt:session:object-router] Stream read chunk {readNumber: 193, chunkSize: 1176, totalBytesReceived: 508918, done: false, firstBytes: 'eb 59 fa 3a bc 53 b8 57 af 42 ff ea a1 e1 0e e6'}
logger.js:357 07:37:53.302 [INFO] [moqt:session:object-router] Stream read chunk {readNumber: 194, chunkSize: 5632, totalBytesReceived: 514550, done: false, firstBytes: 'eb d2 c8 dd 7e 2d 88 b7 f5 f8 2e b7 5e ff c9 69'}
logger.js:357 07:37:53.302 [DEBUG] [moqt:session:object-router] Looking up subscription by trackAlias {lookupAlias: '0', found: true, knownAliases: Array(1)}
logger.js:357 07:37:53.302 [INFO] [moqt:session:object-router] Delivering object {subscriptionId: 2, groupId: 1812372263, objectId: 64, dataSize: 8023}
logger.js:357 07:37:53.339 [INFO] [moqt:session:object-router] Stream read chunk {readNumber: 195, chunkSize: 7541, totalBytesReceived: 522091, done: false, firstBytes: '00 5d 72 01 40 d6 01 04 81 85 d2 88 5d 67 00 00'}
logger.js:357 07:37:53.339 [DEBUG] [moqt:session:object-router] Looking up subscription by trackAlias {lookupAlias: '0', found: true, knownAliases: Array(1)}
logger.js:357 07:37:53.339 [INFO] [moqt:session:object-router] Delivering object {subscriptionId: 2, groupId: 1812372263, objectId: 65, dataSize: 7538}
VideoRenderer.tsx:84 [VideoRenderer] Rendering stats {framesRendered: 180, frameWidth: 1920, frameHeight: 1080, timestamp: 212000}
logger.js:357 07:37:53.368 [INFO] [moqt:session:object-router] Stream read chunk {readNumber: 196, chunkSize: 2197, totalBytesReceived: 524288, done: false, firstBytes: '00 5a 4f 01 40 d7 01 04 81 86 55 c8 5a 44 00 00'}
logger.js:357 07:37:53.370 [INFO] [moqt:session:object-router] Stream read chunk {readNumber: 197, chunkSize: 4541, totalBytesReceived: 528829, done: false, firstBytes: 'b2 f7 f7 3f 5a 8b f9 f5 0c 77 a5 fb b3 eb 40 bb'}
logger.js:357 07:37:53.371 [DEBUG] [moqt:session:object-router] Looking up subscription by trackAlias {lookupAlias: '0', found: true, knownAliases: Array(1)}
logger.js:357 07:37:53.371 [INFO] [moqt:session:object-router] Delivering object {subscriptionId: 2, groupId: 1812372263, objectId: 66, dataSize: 6735}
logger.js:357 07:37:53.400 [INFO] [moqt:session:object-router] Stream read chunk {readNumber: 198, chunkSize: 1218, totalBytesReceived: 530047, done: false, firstBytes: '00 63 a0 01 40 d8 01 04 81 86 d5 e8 63 95 00 00'}
logger.js:357 07:37:53.400 [INFO] [moqt:session:object-router] Stream read chunk {readNumber: 199, chunkSize: 1218, totalBytesReceived: 531265, done: false, firstBytes: '38 3a c8 7f 81 53 31 dd d7 5a fa d6 2b ce bc 09'}
logger.js:357 07:37:53.404 [INFO] [moqt:session:object-router] Stream read chunk {readNumber: 200, chunkSize: 6687, totalBytesReceived: 537952, done: false, firstBytes: 'a9 24 18 13 e6 da ff 5e a1 1e 23 fa d5 f5 68 ae'}
logger.js:357 07:37:53.404 [DEBUG] [moqt:session:object-router] Looking up subscription by trackAlias {lookupAlias: '0', found: true, knownAliases: Array(1)}
logger.js:357 07:37:53.404 [INFO] [moqt:session:object-router] Delivering object {subscriptionId: 2, groupId: 1812372263, objectId: 67, dataSize: 9120}
logger.js:357 07:37:53.439 [INFO] [moqt:session:object-router] Stream read chunk {readNumber: 201, chunkSize: 1218, totalBytesReceived: 539170, done: false, firstBytes: '00 5f dd 01 40 d9 01 04 81 87 5b 1c 5f d2 00 00'}
logger.js:357 07:37:53.442 [INFO] [moqt:session:object-router] Stream read chunk {readNumber: 202, chunkSize: 4872, totalBytesReceived: 544042, done: false, firstBytes: '59 7f d5 44 75 7f ab fd 5f 3b bc 46 e3 ba bf 81'}
logger.js:357 07:37:53.443 [INFO] [moqt:session:object-router] Stream read chunk {readNumber: 203, chunkSize: 2070, totalBytesReceived: 546112, done: false, firstBytes: '58 05 e1 7b 87 80 b0 09 62 b6 de b5 a3 f3 11 14'}
logger.js:357 07:37:53.443 [DEBUG] [moqt:session:object-router] Looking up subscription by trackAlias {lookupAlias: '0', found: true, knownAliases: Array(1)}
logger.js:357 07:37:53.443 [INFO] [moqt:session:object-router] Delivering object {subscriptionId: 2, groupId: 1812372263, objectId: 68, dataSize: 8157}
logger.js:357 07:37:53.473 [INFO] [moqt:session:object-router] Stream read chunk {readNumber: 204, chunkSize: 2436, totalBytesReceived: 548548, done: false, firstBytes: '00 60 4b 01 40 da 01 04 81 87 e1 18 60 40 00 00'}
logger.js:357 07:37:53.474 [INFO] [moqt:session:object-router] Stream read chunk {readNumber: 205, chunkSize: 2436, totalBytesReceived: 550984, done: false, firstBytes: 'f8 7c 0a aa f5 d5 fe af 9f 4f d7 a2 3a f7 d7 aa'}
logger.js:357 07:37:53.477 [INFO] [moqt:session:object-router] Stream read chunk {readNumber: 206, chunkSize: 3398, totalBytesReceived: 554382, done: false, firstBytes: 'bc dd af a2 b2 d3 f8 fa c7 96 c4 34 f9 bf 43 2a'}
logger.js:357 07:37:53.477 [DEBUG] [moqt:session:object-router] Looking up subscription by trackAlias {lookupAlias: '0', found: true, knownAliases: Array(1)}
logger.js:357 07:37:53.477 [INFO] [moqt:session:object-router] Delivering object {subscriptionId: 2, groupId: 1812372263, objectId: 69, dataSize: 8267}
logger.js:357 07:37:53.502 [INFO] [moqt:session:object-router] Stream read chunk {readNumber: 207, chunkSize: 3654, totalBytesReceived: 558036, done: false, firstBytes: '00 62 57 01 40 db 01 04 81 88 61 9c 62 4c 00 00'}
logger.js:357 07:37:53.507 [INFO] [moqt:session:object-router] Stream read chunk {readNumber: 208, chunkSize: 3654, totalBytesReceived: 561690, done: false, firstBytes: 'fd 5f eb 5f 5a fa a9 4f c7 75 ef af 59 d6 ce f5'}
logger.js:357 07:37:53.508 [INFO] [moqt:session:object-router] Stream read chunk {readNumber: 209, chunkSize: 1218, totalBytesReceived: 562908, done: false, firstBytes: '98 04 8c 03 a0 0b ab f5 54 69 cd bf c9 84 bd 8a'}
logger.js:357 07:37:53.512 [INFO] [moqt:session:object-router] Stream read chunk {readNumber: 210, chunkSize: 268, totalBytesReceived: 563176, done: false, firstBytes: 'e7 50 6a d0 7a bc 25 d7 b3 ae 6f 06 6f 87 61 7f'}
logger.js:357 07:37:53.512 [DEBUG] [moqt:session:object-router] Looking up subscription by trackAlias {lookupAlias: '0', found: true, knownAliases: Array(1)}
logger.js:357 07:37:53.512 [INFO] [moqt:session:object-router] Delivering object {subscriptionId: 2, groupId: 1812372263, objectId: 70, dataSize: 8791}
logger.js:357 07:37:53.536 [INFO] [moqt:session:object-router] Stream read chunk {readNumber: 211, chunkSize: 1218, totalBytesReceived: 564394, done: false, firstBytes: '00 62 d9 01 40 dc 01 04 81 88 e4 14 62 ce 00 00'}
logger.js:357 07:37:53.541 [INFO] [moqt:session:object-router] Stream read chunk {readNumber: 212, chunkSize: 7706, totalBytesReceived: 572100, done: false, firstBytes: '82 b9 85 3d 75 e8 ce bd ff aa 98 47 0e 0a 5c 52'}
logger.js:357 07:37:53.541 [DEBUG] [moqt:session:object-router] Looking up subscription by trackAlias {lookupAlias: '0', found: true, knownAliases: Array(1)}
logger.js:357 07:37:53.541 [INFO] [moqt:session:object-router] Delivering object {subscriptionId: 2, groupId: 1812372263, objectId: 71, dataSize: 8921}
logger.js:357 07:37:53.569 [INFO] [moqt:session:object-router] Stream read chunk {readNumber: 213, chunkSize: 1218, totalBytesReceived: 573318, done: false, firstBytes: '00 62 fb 01 40 dd 01 04 81 89 67 54 62 f0 00 00'}
logger.js:357 07:37:53.575 [INFO] [moqt:session:object-router] Stream read chunk {readNumber: 214, chunkSize: 7740, totalBytesReceived: 581058, done: false, firstBytes: 'f0 34 41 34 0a 5b 3e e3 ba f4 2d fe ab e6 ee fe'}
logger.js:357 07:37:53.576 [DEBUG] [moqt:session:object-router] Looking up subscription by trackAlias {lookupAlias: '0', found: true, knownAliases: Array(1)}
logger.js:357 07:37:53.576 [INFO] [moqt:session:object-router] Delivering object {subscriptionId: 2, groupId: 1812372263, objectId: 72, dataSize: 8955}
logger.js:357 07:37:53.601 [INFO] [moqt:session:object-router] Stream read chunk {readNumber: 215, chunkSize: 3654, totalBytesReceived: 584712, done: false, firstBytes: '00 5c 2e 01 40 de 01 04 81 89 e3 28 5c 23 00 00'}
logger.js:357 07:37:53.608 [INFO] [moqt:session:object-router] Stream read chunk {readNumber: 216, chunkSize: 2436, totalBytesReceived: 587148, done: false, firstBytes: '01 8a 02 98 9e b5 55 5c c1 60 4d ba d7 d7 1b 04'}
logger.js:357 07:37:53.611 [INFO] [moqt:session:object-router] Stream read chunk {readNumber: 217, chunkSize: 1127, totalBytesReceived: 588275, done: false, firstBytes: 'c3 63 d3 62 37 da df 50 43 dc b8 dd 6b ad 67 59'}
logger.js:357 07:37:53.611 [DEBUG] [moqt:session:object-router] Looking up subscription by trackAlias {lookupAlias: '0', found: true, knownAliases: Array(1)}
logger.js:357 07:37:53.611 [INFO] [moqt:session:object-router] Delivering object {subscriptionId: 2, groupId: 1812372263, objectId: 73, dataSize: 7214}
logger.js:357 07:37:53.638 [INFO] [moqt:session:object-router] Stream read chunk {readNumber: 218, chunkSize: 8857, totalBytesReceived: 597132, done: false, firstBytes: '00 66 26 01 40 df 01 04 81 8a 62 e4 66 1b 00 00'}
logger.js:357 07:37:53.644 [INFO] [moqt:session:object-router] Stream read chunk {readNumber: 219, chunkSize: 912, totalBytesReceived: 598044, done: false, firstBytes: '95 d3 b8 2d e9 25 a1 db eb d2 67 7b fe 08 6f db'}
logger.js:357 07:37:53.644 [DEBUG] [moqt:session:object-router] Looking up subscription by trackAlias {lookupAlias: '0', found: true, knownAliases: Array(1)}
logger.js:357 07:37:53.644 [INFO] [moqt:session:object-router] Delivering object {subscriptionId: 2, groupId: 1812372263, objectId: 74, dataSize: 9766}
logger.js:357 07:37:53.666 [INFO] [moqt:session:object-router] Stream read chunk {readNumber: 220, chunkSize: 1218, totalBytesReceived: 599262, done: false, firstBytes: '00 5c f1 01 40 e0 01 04 81 8a e2 a0 5c e6 00 00'}
logger.js:357 07:37:53.669 [INFO] [moqt:session:object-router] Stream read chunk {readNumber: 221, chunkSize: 4872, totalBytesReceived: 604134, done: false, firstBytes: '39 39 ff e4 df 7c de ba 75 d5 f4 24 64 69 bb c9'}
logger.js:357 07:37:53.672 [INFO] [moqt:session:object-router] Stream read chunk {readNumber: 222, chunkSize: 1218, totalBytesReceived: 605352, done: false, firstBytes: '1c 71 3b ce ad 44 f2 9f f8 22 f5 ee a5 93 a5 77'}
logger.js:357 07:37:53.675 [INFO] [moqt:session:object-router] Stream read chunk {readNumber: 223, chunkSize: 104, totalBytesReceived: 605456, done: false, firstBytes: '53 fe c2 7c 1e bd 8c 7c eb 9f c4 2e 23 fa be 2f'}
logger.js:357 07:37:53.675 [DEBUG] [moqt:session:object-router] Looking up subscription by trackAlias {lookupAlias: '0', found: true, knownAliases: Array(1)}
logger.js:357 07:37:53.675 [INFO] [moqt:session:object-router] Delivering object {subscriptionId: 2, groupId: 1812372263, objectId: 75, dataSize: 7409}
logger.js:357 07:37:53.699 [INFO] [moqt:session:object-router] Stream read chunk {readNumber: 224, chunkSize: 1218, totalBytesReceived: 606674, done: false, firstBytes: '00 5f 20 01 40 e1 01 04 81 8b 64 50 5f 15 00 00'}
logger.js:357 07:37:53.700 [INFO] [moqt:session:object-router] Stream read chunk {readNumber: 225, chunkSize: 2436, totalBytesReceived: 609110, done: false, firstBytes: 'f1 1c 45 4f ef 5f c2 5d 6f ed 23 fe f9 a8 bb 60'}
logger.js:357 07:37:53.703 [INFO] [moqt:session:object-router] Stream read chunk {readNumber: 226, chunkSize: 2436, totalBytesReceived: 611546, done: false, firstBytes: 'd7 04 37 ef f2 6b be b5 f5 79 b0 f9 3a fc bd bb'}
logger.js:357 07:37:53.704 [INFO] [moqt:session:object-router] Stream read chunk {readNumber: 227, chunkSize: 1218, totalBytesReceived: 612764, done: false, firstBytes: '3f ef 8d 2c 6b a6 c7 c1 5e c6 eb 27 fa cf 7c dd'}
logger.js:357 07:37:53.704 [INFO] [moqt:session:object-router] Stream read chunk {readNumber: 228, chunkSize: 663, totalBytesReceived: 613427, done: false, firstBytes: '01 a4 84 45 6f df a0 20 90 18 b0 5d 5f ea df 0a'}
logger.js:357 07:37:53.704 [DEBUG] [moqt:session:object-router] Looking up subscription by trackAlias {lookupAlias: '0', found: true, knownAliases: Array(1)}
logger.js:357 07:37:53.705 [INFO] [moqt:session:object-router] Delivering object {subscriptionId: 2, groupId: 1812372263, objectId: 76, dataSize: 7968}
logger.js:357 07:37:53.742 [INFO] [moqt:session:object-router] Stream read chunk {readNumber: 229, chunkSize: 7966, totalBytesReceived: 621393, done: false, firstBytes: '00 5f 1b 01 40 e2 01 04 81 8b f0 28 5f 10 00 00'}
logger.js:357 07:37:53.742 [DEBUG] [moqt:session:object-router] Looking up subscription by trackAlias {lookupAlias: '0', found: true, knownAliases: Array(1)}
logger.js:357 07:37:53.742 [INFO] [moqt:session:object-router] Delivering object {subscriptionId: 2, groupId: 1812372263, objectId: 77, dataSize: 7963}
logger.js:357 07:37:53.782 [INFO] [moqt:session:object-router] Stream read chunk {readNumber: 230, chunkSize: 7967, totalBytesReceived: 629360, done: false, firstBytes: '00 5f 1c 01 40 e3 01 04 81 8c 6e 54 5f 11 00 00'}
logger.js:357 07:37:53.782 [DEBUG] [moqt:session:object-router] Looking up subscription by trackAlias {lookupAlias: '0', found: true, knownAliases: Array(1)}
logger.js:357 07:37:53.782 [INFO] [moqt:session:object-router] Delivering object {subscriptionId: 2, groupId: 1812372263, objectId: 78, dataSize: 7964}
logger.js:357 07:37:53.809 [INFO] [moqt:session:object-router] Stream read chunk {readNumber: 231, chunkSize: 3654, totalBytesReceived: 633014, done: false, firstBytes: '00 5c 80 01 40 e4 01 04 81 8d 02 60 5c 75 00 00'}
logger.js:357 07:37:53.811 [INFO] [moqt:session:object-router] Stream read chunk {readNumber: 232, chunkSize: 1218, totalBytesReceived: 634232, done: false, firstBytes: 'a1 e1 3b bd dd f9 b4 f9 9a e8 b8 66 9d 20 76 eb'}
logger.js:357 07:37:53.819 [INFO] [moqt:session:object-router] Stream read chunk {readNumber: 233, chunkSize: 1218, totalBytesReceived: 635450, done: false, firstBytes: 'bd 72 fa df 39 6f fc be fe 5d 7f 77 fe b5 e5 13'}
logger.js:357 07:37:53.820 [INFO] [moqt:session:object-router] Stream read chunk {readNumber: 234, chunkSize: 1209, totalBytesReceived: 636659, done: false, firstBytes: 'ff fe aa 51 1d f5 e8 8d 84 fb 24 b5 ed 8a af df'}
logger.js:357 07:37:53.820 [DEBUG] [moqt:session:object-router] Looking up subscription by trackAlias {lookupAlias: '0', found: true, knownAliases: Array(1)}
logger.js:357 07:37:53.820 [INFO] [moqt:session:object-router] Delivering object {subscriptionId: 2, groupId: 1812372263, objectId: 79, dataSize: 7296}
logger.js:357 07:37:53.834 [INFO] [moqt:session:object-router] Stream read chunk {readNumber: 235, chunkSize: 1218, totalBytesReceived: 637877, done: false, firstBytes: '00 66 1b 01 40 e5 01 04 81 8d 70 24 66 10 00 00'}
logger.js:357 07:37:53.834 [INFO] [moqt:session:object-router] Stream read chunk {readNumber: 236, chunkSize: 3654, totalBytesReceived: 641531, done: false, firstBytes: 'a1 0a 2f eb d4 23 be bd f5 50 c1 c9 8d 3e e3 4e'}
logger.js:357 07:37:53.841 [INFO] [moqt:session:object-router] Stream read chunk {readNumber: 237, chunkSize: 1218, totalBytesReceived: 642749, done: false, firstBytes: 'f5 f7 c1 37 ad 6b d6 21 69 e6 82 7c 2e fa 62 9d'}
logger.js:357 07:37:53.845 [INFO] [moqt:session:object-router] Stream read chunk {readNumber: 238, chunkSize: 3668, totalBytesReceived: 646417, done: false, firstBytes: '0c 51 81 35 a2 1f 8e 0f 1e 45 7c fd 21 3c 38 70'}
logger.js:357 07:37:53.845 [DEBUG] [moqt:session:object-router] Looking up subscription by trackAlias {lookupAlias: '0', found: true, knownAliases: Array(1)}
logger.js:357 07:37:53.845 [INFO] [moqt:session:object-router] Delivering object {subscriptionId: 2, groupId: 1812372263, objectId: 80, dataSize: 9755}
logger.js:357 07:37:53.870 [INFO] [moqt:session:object-router] Stream read chunk {readNumber: 239, chunkSize: 1218, totalBytesReceived: 647635, done: false, firstBytes: '00 5d 09 01 40 e6 01 04 81 8d f8 14 5c fe 00 00'}
logger.js:357 07:37:53.870 [INFO] [moqt:session:object-router] Stream read chunk {readNumber: 240, chunkSize: 1218, totalBytesReceived: 648853, done: false, firstBytes: 'b4 87 e1 01 4b 20 8d ca 77 97 ab 44 1d 7e bd 1d'}
logger.js:357 07:37:53.871 [INFO] [moqt:session:object-router] Stream read chunk {readNumber: 241, chunkSize: 1218, totalBytesReceived: 650071, done: false, firstBytes: 'b0 df ea f8 a7 13 f1 44 85 6b 3b cb d7 a5 ef 6b'}
logger.js:357 07:37:53.872 [INFO] [moqt:session:object-router] Stream read chunk {readNumber: 242, chunkSize: 1176, totalBytesReceived: 651247, done: false, firstBytes: 'ab e0 33 c0 4f ab ee 04 c0 1c 60 28 c1 2f 7d 3f'}
logger.js:357 07:37:53.872 [INFO] [moqt:session:object-router] Stream read chunk {readNumber: 243, chunkSize: 1260, totalBytesReceived: 652507, done: false, firstBytes: 'ea fe 19 57 e0 43 05 c1 2d 7d 78 a0 86 63 89 d2'}
logger.js:357 07:37:53.873 [INFO] [moqt:session:object-router] Stream read chunk {readNumber: 244, chunkSize: 1218, totalBytesReceived: 653725, done: false, firstBytes: 'af 5d 5e ba d7 d6 be b5 f0 49 df 5f 04 7d e4 4e'}
logger.js:357 07:37:53.884 [INFO] [moqt:session:object-router] Stream read chunk {readNumber: 245, chunkSize: 128, totalBytesReceived: 653853, done: false, firstBytes: 'ff 0b 0f f8 23 bd ef 9b e2 5f 0f 05 11 71 e5 9f'}
logger.js:357 07:37:53.884 [DEBUG] [moqt:session:object-router] Looking up subscription by trackAlias {lookupAlias: '0', found: true, knownAliases: Array(1)}
logger.js:357 07:37:53.884 [INFO] [moqt:session:object-router] Delivering object {subscriptionId: 2, groupId: 1812372263, objectId: 81, dataSize: 7433}
logger.js:357 07:37:53.900 [INFO] [moqt:session:object-router] Stream read chunk {readNumber: 246, chunkSize: 2725, totalBytesReceived: 656578, done: false, firstBytes: '00 5e 4b 01 40 e7 01 04 81 8e 71 f4 5e 40 00 00'}
logger.js:357 07:37:53.907 [INFO] [moqt:session:object-router] Stream read chunk {readNumber: 247, chunkSize: 3654, totalBytesReceived: 660232, done: false, firstBytes: 'ab 39 39 fc 72 93 b9 9f 58 a7 d8 05 6f d0 82 77'}
logger.js:357 07:37:53.908 [INFO] [moqt:session:object-router] Stream read chunk {readNumber: 248, chunkSize: 1379, totalBytesReceived: 661611, done: false, firstBytes: '8c 4f 09 cb eb c3 ea fc ff 3c dd 6a 4e 6e ff 17'}
logger.js:357 07:37:53.908 [DEBUG] [moqt:session:object-router] Looking up subscription by trackAlias {lookupAlias: '0', found: true, knownAliases: Array(1)}
logger.js:357 07:37:53.908 [INFO] [moqt:session:object-router] Delivering object {subscriptionId: 2, groupId: 1812372263, objectId: 82, dataSize: 7755}
logger.js:357 07:37:53.933 [INFO] [moqt:session:object-router] Stream read chunk {readNumber: 249, chunkSize: 1218, totalBytesReceived: 662829, done: false, firstBytes: '00 66 b1 01 40 e8 01 04 81 8e f3 40 66 a6 00 00'}
logger.js:357 07:37:53.939 [INFO] [moqt:session:object-router] Stream read chunk {readNumber: 250, chunkSize: 8690, totalBytesReceived: 671519, done: false, firstBytes: '88 fe af 13 01 25 c4 2b c5 2e 23 af f5 57 d6 a3'}
logger.js:357 07:37:53.939 [DEBUG] [moqt:session:object-router] Looking up subscription by trackAlias {lookupAlias: '0', found: true, knownAliases: Array(1)}
logger.js:357 07:37:53.939 [INFO] [moqt:session:object-router] Delivering object {subscriptionId: 2, groupId: 1812372263, objectId: 83, dataSize: 9905}
logger.js:357 07:37:53.969 [INFO] [moqt:session:object-router] Stream read chunk {readNumber: 251, chunkSize: 6090, totalBytesReceived: 677609, done: false, firstBytes: '00 5c b6 01 40 e9 01 04 81 8f 79 3c 5c ab 00 00'}
logger.js:357 07:37:53.970 [INFO] [moqt:session:object-router] Stream read chunk {readNumber: 252, chunkSize: 1218, totalBytesReceived: 678827, done: false, firstBytes: 'ff b7 66 d7 eb 5a a3 f8 0b 94 6d 55 78 0e 10 43'}
logger.js:357 07:37:53.973 [INFO] [moqt:session:object-router] Stream read chunk {readNumber: 253, chunkSize: 45, totalBytesReceived: 678872, done: false, firstBytes: '67 f5 6f af 4f df ba 9f f5 ed 7c bd 5f 16 fe ee'}
logger.js:357 07:37:53.973 [DEBUG] [moqt:session:object-router] Looking up subscription by trackAlias {lookupAlias: '0', found: true, knownAliases: Array(1)}
logger.js:357 07:37:53.973 [INFO] [moqt:session:object-router] Delivering object {subscriptionId: 2, groupId: 1812372263, objectId: 84, dataSize: 7350}
logger.js:357 07:37:54.004 [INFO] [moqt:session:object-router] Stream read chunk {readNumber: 254, chunkSize: 6048, totalBytesReceived: 684920, done: false, firstBytes: '00 5d 74 01 40 ea 01 04 81 90 00 64 5d 69 00 00'}
logger.js:357 07:37:54.005 [INFO] [moqt:session:object-router] Stream read chunk {readNumber: 255, chunkSize: 1495, totalBytesReceived: 686415, done: false, firstBytes: 'e2 6c 3e 77 0a 39 46 6c 57 f8 2b b7 fb df d7 51'}
logger.js:357 07:37:54.005 [DEBUG] [moqt:session:object-router] Looking up subscription by trackAlias {lookupAlias: '0', found: true, knownAliases: Array(1)}
logger.js:357 07:37:54.005 [INFO] [moqt:session:object-router] Delivering object {subscriptionId: 2, groupId: 1812372263, objectId: 85, dataSize: 7540}
logger.js:357 07:37:54.036 [INFO] [moqt:session:object-router] Stream read chunk {readNumber: 256, chunkSize: 3654, totalBytesReceived: 690069, done: false, firstBytes: '00 5d c3 01 40 eb 01 04 81 90 82 14 5d b8 00 00'}
logger.js:357 07:37:54.039 [INFO] [moqt:session:object-router] Stream read chunk {readNumber: 257, chunkSize: 2352, totalBytesReceived: 692421, done: false, firstBytes: 'ee eb fd 55 72 f5 fa bc 26 72 5f d6 b3 f8 b7 f6'}
logger.js:357 07:37:54.041 [INFO] [moqt:session:object-router] Stream read chunk {readNumber: 258, chunkSize: 1616, totalBytesReceived: 694037, done: false, firstBytes: '55 47 fe 0f 40 e0 a8 ee 29 cc c6 0a 00 56 82 3a'}
logger.js:357 07:37:54.041 [DEBUG] [moqt:session:object-router] Looking up subscription by trackAlias {lookupAlias: '0', found: true, knownAliases: Array(1)}
logger.js:357 07:37:54.041 [INFO] [moqt:session:object-router] Delivering object {subscriptionId: 2, groupId: 1812372263, objectId: 86, dataSize: 7619}
logger.js:357 07:37:54.066 [INFO] [moqt:session:object-router] Stream read chunk {readNumber: 259, chunkSize: 2394, totalBytesReceived: 696431, done: false, firstBytes: '00 65 54 01 40 ec 01 04 81 91 01 08 65 49 00 00'}
logger.js:357 07:37:54.066 [INFO] [moqt:session:object-router] Stream read chunk {readNumber: 260, chunkSize: 1260, totalBytesReceived: 697691, done: false, firstBytes: '58 e8 4a eb 8e 17 d6 9b dd f0 45 be c5 09 77 d5'}
logger.js:357 07:37:54.072 [INFO] [moqt:session:object-router] Stream read chunk {readNumber: 261, chunkSize: 1176, totalBytesReceived: 698867, done: false, firstBytes: '2a a7 21 fb d7 af ae e1 4b b7 ae af 0b 56 aa 5d'}
logger.js:357 07:37:54.074 [INFO] [moqt:session:object-router] Stream read chunk {readNumber: 262, chunkSize: 4729, totalBytesReceived: 703596, done: false, firstBytes: 'e5 ec 3b eb 51 89 4a 34 b6 2c 9c a7 e3 ba f4 bd'}
logger.js:357 07:37:54.075 [DEBUG] [moqt:session:object-router] Looking up subscription by trackAlias {lookupAlias: '0', found: true, knownAliases: Array(1)}
logger.js:357 07:37:54.075 [INFO] [moqt:session:object-router] Delivering object {subscriptionId: 2, groupId: 1812372263, objectId: 87, dataSize: 9556}
logger.js:357 07:37:54.103 [INFO] [moqt:session:object-router] Stream read chunk {readNumber: 263, chunkSize: 1218, totalBytesReceived: 704814, done: false, firstBytes: '00 5c c5 01 40 ed 01 04 81 91 8c 7c 5c ba 00 00'}
logger.js:357 07:37:54.107 [INFO] [moqt:session:object-router] Stream read chunk {readNumber: 264, chunkSize: 1218, totalBytesReceived: 706032, done: false, firstBytes: 'da cd 92 67 ed 7c 14 5d e9 74 ba b8 ed ed 3b fd'}
logger.js:357 07:37:54.109 [INFO] [moqt:session:object-router] Stream read chunk {readNumber: 265, chunkSize: 4932, totalBytesReceived: 710964, done: false, firstBytes: '6b 17 36 6a 17 aa cf 6e 0a 40 49 82 18 a0 dc b7'}
logger.js:357 07:37:54.109 [DEBUG] [moqt:session:object-router] Looking up subscription by trackAlias {lookupAlias: '0', found: true, knownAliases: Array(1)}
logger.js:357 07:37:54.109 [INFO] [moqt:session:object-router] Delivering object {subscriptionId: 2, groupId: 1812372263, objectId: 88, dataSize: 7365}
logger.js:357 07:37:54.137 [INFO] [moqt:session:object-router] Stream read chunk {readNumber: 266, chunkSize: 1218, totalBytesReceived: 712182, done: false, firstBytes: '00 65 cf 01 40 ee 01 04 81 92 17 28 65 c4 00 00'}
logger.js:357 07:37:54.144 [INFO] [moqt:session:object-router] Stream read chunk {readNumber: 267, chunkSize: 1218, totalBytesReceived: 713400, done: false, firstBytes: 'ef df 2f 7f ab 57 cf c4 f5 ef af 49 81 b2 8e 4b'}
logger.js:357 07:37:54.149 [INFO] [moqt:session:object-router] Stream read chunk {readNumber: 268, chunkSize: 1218, totalBytesReceived: 714618, done: false, firstBytes: '60 8f de 5f 57 b6 50 93 96 f7 ae 4d ff 15 ef 7e'}
logger.js:357 07:37:54.152 [INFO] [moqt:session:object-router] Stream read chunk {readNumber: 269, chunkSize: 6028, totalBytesReceived: 720646, done: false, firstBytes: 'b9 92 d6 7f 39 44 ee bd 16 f4 70 57 77 ed 2a eb'}
logger.js:357 07:37:54.152 [DEBUG] [moqt:session:object-router] Looking up subscription by trackAlias {lookupAlias: '0', found: true, knownAliases: Array(1)}
logger.js:357 07:37:54.152 [INFO] [moqt:session:object-router] Delivering object {subscriptionId: 2, groupId: 1812372263, objectId: 89, dataSize: 9679}
logger.js:357 07:37:54.164 [INFO] [moqt:session:object-router] Stream read chunk {readNumber: 270, chunkSize: 250, totalBytesReceived: 720896, done: false, firstBytes: '00 5d 7f 01 40 ef 01 04 81 92 87 a8 5d 74 00 00'}
logger.js:357 07:37:54.172 [INFO] [moqt:session:object-router] Stream read chunk {readNumber: 271, chunkSize: 4872, totalBytesReceived: 725768, done: false, firstBytes: '0e 4c 21 d6 a3 bf d5 67 e1 43 f3 f5 ab ea f1 1d'}
logger.js:357 07:37:54.173 [INFO] [moqt:session:object-router] Stream read chunk {readNumber: 272, chunkSize: 1176, totalBytesReceived: 726944, done: false, firstBytes: '0a b2 b2 3b 99 6f b7 5a bc 9d 7a 41 2f 31 df 39'}
logger.js:357 07:37:54.175 [INFO] [moqt:session:object-router] Stream read chunk {readNumber: 273, chunkSize: 1256, totalBytesReceived: 728200, done: false, firstBytes: '5a fa d6 9d 14 9c d4 ae 5d 55 7c 29 93 ef df bd'}
logger.js:357 07:37:54.175 [DEBUG] [moqt:session:object-router] Looking up subscription by trackAlias {lookupAlias: '0', found: true, knownAliases: Array(1)}
logger.js:357 07:37:54.175 [INFO] [moqt:session:object-router] Delivering object {subscriptionId: 2, groupId: 1812372263, objectId: 90, dataSize: 7551}
logger.js:357 07:37:54.200 [INFO] [moqt:session:object-router] Stream read chunk {readNumber: 274, chunkSize: 1218, totalBytesReceived: 729418, done: false, firstBytes: '00 5e b2 01 40 f0 01 04 81 93 0d a4 5e a7 00 00'}
logger.js:357 07:37:54.201 [INFO] [moqt:session:object-router] Stream read chunk {readNumber: 275, chunkSize: 2436, totalBytesReceived: 731854, done: false, firstBytes: 'fe 75 ae b5 13 de f9 85 13 89 25 c1 0e 0c 37 c4'}
logger.js:357 07:37:54.209 [INFO] [moqt:session:object-router] Stream read chunk {readNumber: 276, chunkSize: 4207, totalBytesReceived: 736061, done: false, firstBytes: 'fc 14 73 61 b1 de af 7c 65 da cd 4d b1 7e 56 9b'}
logger.js:357 07:37:54.209 [DEBUG] [moqt:session:object-router] Looking up subscription by trackAlias {lookupAlias: '0', found: true, knownAliases: Array(1)}
logger.js:357 07:37:54.209 [INFO] [moqt:session:object-router] Delivering object {subscriptionId: 2, groupId: 1812372263, objectId: 91, dataSize: 7858}
logger.js:357 07:37:54.269 [DEBUG] [moqt:media:video-decoder] Video decode stats {instanceId: 1, framesDecoded: 210, width: 1920, height: 1080}
logger.js:357 07:37:54.283 [DEBUG] [moqt:media:subscribe-pipeline] Video arbiter stats {activeGroup: 1812372263, groupCount: 2, framesOutput: 211, groupsCompleted: 1, groupsSkipped: 0}
logger.js:357 07:37:54.291 [INFO] [moqt:session:object-router] Stream read chunk {readNumber: 277, chunkSize: 2436, totalBytesReceived: 738497, done: false, firstBytes: '00 60 0c 01 40 f1 01 04 81 93 9d 00 60 01 00 00'}
logger.js:357 07:37:54.309 [INFO] [moqt:session:object-router] Stream read chunk {readNumber: 278, chunkSize: 2436, totalBytesReceived: 740933, done: false, firstBytes: '57 ea f8 a5 c4 af d5 e2 7a fe 37 88 df 77 fa 11'}
logger.js:357 07:37:54.312 [INFO] [moqt:session:object-router] Stream read chunk {readNumber: 279, chunkSize: 10623, totalBytesReceived: 751556, done: false, firstBytes: '9b 27 10 e3 72 ff 4b 91 22 53 39 17 21 f1 e4 76'}
logger.js:357 07:37:54.312 [DEBUG] [moqt:session:object-router] Looking up subscription by trackAlias {lookupAlias: '0', found: true, knownAliases: Array(1)}
logger.js:357 07:37:54.312 [INFO] [moqt:session:object-router] Delivering object {subscriptionId: 2, groupId: 1812372263, objectId: 92, dataSize: 8204}
logger.js:357 07:37:54.312 [DEBUG] [moqt:session:object-router] Looking up subscription by trackAlias {lookupAlias: '0', found: true, knownAliases: Array(1)}
logger.js:357 07:37:54.312 [INFO] [moqt:session:object-router] Delivering object {subscriptionId: 2, groupId: 1812372263, objectId: 93, dataSize: 7285}
logger.js:357 07:37:54.314 [INFO] [moqt:session:object-router] Stream read chunk {readNumber: 280, chunkSize: 2352, totalBytesReceived: 753908, done: false, firstBytes: '00 65 ed 01 40 f3 01 04 81 94 a9 c0 65 e2 00 00'}
logger.js:357 07:37:54.314 [INFO] [moqt:session:object-router] Stream read chunk {readNumber: 281, chunkSize: 1302, totalBytesReceived: 755210, done: false, firstBytes: 'ff ab df 5e b1 3d f1 5a fd 6e c4 3f ad 56 c5 6d'}
logger.js:357 07:37:54.316 [INFO] [moqt:session:object-router] Stream read chunk {readNumber: 282, chunkSize: 1218, totalBytesReceived: 756428, done: false, firstBytes: '2a ff 7c 11 f4 4e e8 58 fa 88 ff 5a fa bc 2a 75'}
logger.js:357 07:37:54.318 [INFO] [moqt:session:object-router] Stream read chunk {readNumber: 283, chunkSize: 1218, totalBytesReceived: 757646, done: false, firstBytes: '00 55 39 2b 56 5a 1a a4 96 49 32 ed 0b 83 17 27'}
logger.js:357 07:37:54.321 [INFO] [moqt:session:object-router] Stream read chunk {readNumber: 284, chunkSize: 1218, totalBytesReceived: 758864, done: false, firstBytes: '5f 13 06 b6 21 75 e6 3f 21 df 3b cc 77 2f 97 4f'}
logger.js:357 07:37:54.322 [INFO] [moqt:session:object-router] Stream read chunk {readNumber: 285, chunkSize: 1218, totalBytesReceived: 760082, done: false, firstBytes: '51 de 8e f2 75 ec 5b de 6e ad d3 f8 25 de fd fb'}
logger.js:357 07:37:54.328 [INFO] [moqt:session:object-router] Stream read chunk {readNumber: 286, chunkSize: 1186, totalBytesReceived: 761268, done: false, firstBytes: 'e0 93 dd 2a 1b c1 3e b6 df bf c1 27 9b bf c1 47'}
logger.js:357 07:37:54.328 [DEBUG] [moqt:session:object-router] Looking up subscription by trackAlias {lookupAlias: '0', found: true, knownAliases: Array(1)}
logger.js:357 07:37:54.328 [INFO] [moqt:session:object-router] Delivering object {subscriptionId: 2, groupId: 1812372263, objectId: 94, dataSize: 9709}
logger.js:357 07:37:54.339 [INFO] [moqt:session:object-router] Stream read chunk {readNumber: 287, chunkSize: 2436, totalBytesReceived: 763704, done: false, firstBytes: '00 5a e6 01 40 f4 01 04 81 95 1a 40 5a db 00 00'}
logger.js:357 07:37:54.343 [INFO] [moqt:session:object-router] Stream read chunk {readNumber: 288, chunkSize: 4453, totalBytesReceived: 768157, done: false, firstBytes: 'fc d6 82 c7 31 11 7f fd 08 eb af ad 1c e3 89 03'}
logger.js:357 07:37:54.343 [DEBUG] [moqt:session:object-router] Looking up subscription by trackAlias {lookupAlias: '0', found: true, knownAliases: Array(1)}
logger.js:357 07:37:54.343 [INFO] [moqt:session:object-router] Delivering object {subscriptionId: 2, groupId: 1812372263, objectId: 95, dataSize: 6886}
logger.js:357 07:37:54.376 [INFO] [moqt:session:object-router] Stream read chunk {readNumber: 289, chunkSize: 2436, totalBytesReceived: 770593, done: false, firstBytes: '00 64 b5 01 40 f5 01 04 81 95 b1 d0 64 aa 00 00'}
logger.js:357 07:37:54.376 [INFO] [moqt:session:object-router] Stream read chunk {readNumber: 290, chunkSize: 1218, totalBytesReceived: 771811, done: false, firstBytes: 'e9 c1 9f 0f af e0 93 a4 49 34 96 84 d2 2d a6 f9'}
logger.js:357 07:37:54.377 [INFO] [moqt:session:object-router] Stream read chunk {readNumber: 291, chunkSize: 1218, totalBytesReceived: 773029, done: false, firstBytes: 'f2 02 3b ae 8f d6 0e 98 28 ee eb 2e 3d f8 e0 3a'}
logger.js:357 07:37:54.383 [INFO] [moqt:session:object-router] Stream read chunk {readNumber: 292, chunkSize: 1176, totalBytesReceived: 774205, done: false, firstBytes: 'd6 2f 86 3a ec c3 51 43 89 9e ff e0 9b ce 1d 3c'}
logger.js:357 07:37:54.383 [INFO] [moqt:session:object-router] Stream read chunk {readNumber: 293, chunkSize: 1260, totalBytesReceived: 775465, done: false, firstBytes: '90 21 d7 7e 02 b8 70 22 aa aa ff 3e 9d 80 60 80'}
logger.js:357 07:37:54.384 [INFO] [moqt:session:object-router] Stream read chunk {readNumber: 294, chunkSize: 2092, totalBytesReceived: 777557, done: false, firstBytes: 'dd ef dd ec 11 77 c7 f6 4f 7f 11 de fd 9f be 09'}
logger.js:357 07:37:54.384 [DEBUG] [moqt:session:object-router] Looking up subscription by trackAlias {lookupAlias: '0', found: true, knownAliases: Array(1)}
logger.js:357 07:37:54.384 [INFO] [moqt:session:object-router] Delivering object {subscriptionId: 2, groupId: 1812372263, objectId: 96, dataSize: 9397}
logger.js:357 07:37:54.404 [INFO] [moqt:session:object-router] Stream read chunk {readNumber: 295, chunkSize: 1218, totalBytesReceived: 778775, done: false, firstBytes: '00 5b a3 01 40 f6 01 04 81 96 21 ec 5b 98 00 00'}
logger.js:357 07:37:54.406 [INFO] [moqt:session:object-router] Stream read chunk {readNumber: 296, chunkSize: 3654, totalBytesReceived: 782429, done: false, firstBytes: '04 bb ef ea eb 27 26 be 0c 12 d5 3b 63 8d a7 eb'}
logger.js:357 07:37:54.411 [INFO] [moqt:session:object-router] Stream read chunk {readNumber: 297, chunkSize: 2206, totalBytesReceived: 784635, done: false, firstBytes: '1c 10 ee ef 62 60 18 d0 04 4a 0a ef ad 5d be a5'}
logger.js:357 07:37:54.411 [DEBUG] [moqt:session:object-router] Looking up subscription by trackAlias {lookupAlias: '0', found: true, knownAliases: Array(1)}
logger.js:357 07:37:54.411 [INFO] [moqt:session:object-router] Delivering object {subscriptionId: 2, groupId: 1812372263, objectId: 97, dataSize: 7075}
VideoRenderer.tsx:84 [VideoRenderer] Rendering stats {framesRendered: 210, frameWidth: 1920, frameHeight: 1080, timestamp: 243000}
logger.js:357 07:37:54.438 [INFO] [moqt:session:object-router] Stream read chunk {readNumber: 298, chunkSize: 1218, totalBytesReceived: 785853, done: false, firstBytes: '00 65 eb 01 40 f7 01 04 81 96 b3 a0 65 e0 00 00'}
logger.js:357 07:37:54.446 [INFO] [moqt:session:object-router] Stream read chunk {readNumber: 299, chunkSize: 579, totalBytesReceived: 786432, done: false, firstBytes: 'c4 15 41 96 24 4b be 3c 1c af 4b d6 b8 13 37 d7'}
logger.js:357 07:37:54.446 [INFO] [moqt:session:object-router] Stream read chunk {readNumber: 300, chunkSize: 7308, totalBytesReceived: 793740, done: false, firstBytes: '32 35 ea eb de e3 7a d5 6e ce bf fa ab 11 c4 f0'}
logger.js:357 07:37:54.448 [INFO] [moqt:session:object-router] Stream read chunk {readNumber: 301, chunkSize: 605, totalBytesReceived: 794345, done: false, firstBytes: 'fd 75 ea e0 93 7e aa 8e fd 0c bc b5 f1 44 c4 71'}
logger.js:357 07:37:54.448 [DEBUG] [moqt:session:object-router] Looking up subscription by trackAlias {lookupAlias: '0', found: true, knownAliases: Array(1)}
logger.js:357 07:37:54.448 [INFO] [moqt:session:object-router] Delivering object {subscriptionId: 2, groupId: 1812372263, objectId: 98, dataSize: 9707}
logger.js:357 07:37:54.474 [INFO] [moqt:session:object-router] Stream read chunk {readNumber: 302, chunkSize: 1218, totalBytesReceived: 795563, done: false, firstBytes: '00 5c c6 01 40 f8 01 04 81 97 30 a0 5c bb 00 00'}
logger.js:357 07:37:54.476 [INFO] [moqt:session:object-router] Stream read chunk {readNumber: 303, chunkSize: 2429, totalBytesReceived: 797992, done: false, firstBytes: '76 9f a7 d9 90 ff 1f 17 b3 dd fb f7 ef e5 df 7a'}
logger.js:357 07:37:54.478 [INFO] [moqt:session:object-router] Stream read chunk {readNumber: 304, chunkSize: 2436, totalBytesReceived: 800428, done: false, firstBytes: '4c 6a b5 58 a2 41 96 c9 77 7f 9e 08 b7 d9 9c 97'}
logger.js:357 07:37:54.482 [INFO] [moqt:session:object-router] Stream read chunk {readNumber: 305, chunkSize: 1286, totalBytesReceived: 801714, done: false, firstBytes: '42 cd 33 1c 43 e4 04 1e 21 cd 32 d2 2a 9e bd bf'}
logger.js:357 07:37:54.482 [DEBUG] [moqt:session:object-router] Looking up subscription by trackAlias {lookupAlias: '0', found: true, knownAliases: Array(1)}
logger.js:357 07:37:54.483 [INFO] [moqt:session:object-router] Delivering object {subscriptionId: 2, groupId: 1812372263, objectId: 99, dataSize: 7366}
logger.js:357 07:37:54.524 [INFO] [moqt:session:object-router] Stream read chunk {readNumber: 306, chunkSize: 7882, totalBytesReceived: 809596, done: false, firstBytes: '00 5e c7 01 40 f9 01 04 81 97 ec 84 5e bc 00 00'}
logger.js:357 07:37:54.524 [DEBUG] [moqt:session:object-router] Looking up subscription by trackAlias {lookupAlias: '0', found: true, knownAliases: Array(1)}
logger.js:357 07:37:54.524 [INFO] [moqt:session:object-router] Delivering object {subscriptionId: 2, groupId: 1812372263, objectId: 100, dataSize: 7879}
logger.js:357 07:37:54.538 [INFO] [moqt:session:object-router] Stream read chunk {readNumber: 307, chunkSize: 4872, totalBytesReceived: 814468, done: false, firstBytes: '00 65 ab 01 40 fa 01 04 81 98 2a 3c 65 a0 00 00'}
logger.js:357 07:37:54.538 [INFO] [moqt:session:object-router] Stream read chunk {readNumber: 308, chunkSize: 2352, totalBytesReceived: 816820, done: false, firstBytes: '25 4e bc 25 da 36 3f b2 a7 13 eb 5f e2 75 f5 d6'}
logger.js:357 07:37:54.538 [INFO] [moqt:session:object-router] Stream read chunk {readNumber: 309, chunkSize: 1302, totalBytesReceived: 818122, done: false, firstBytes: '2f 03 c1 d5 1d e1 b3 82 db fe a8 c5 60 dc 1f 62'}
logger.js:357 07:37:54.544 [INFO] [moqt:session:object-router] Stream read chunk {readNumber: 310, chunkSize: 1120, totalBytesReceived: 819242, done: false, firstBytes: 'f3 c1 27 ab ee 0c 60 8d 7b c3 7f 04 9e f5 99 f8'}
logger.js:357 07:37:54.544 [DEBUG] [moqt:session:object-router] Looking up subscription by trackAlias {lookupAlias: '0', found: true, knownAliases: Array(1)}
logger.js:357 07:37:54.545 [INFO] [moqt:session:object-router] Delivering object {subscriptionId: 2, groupId: 1812372263, objectId: 101, dataSize: 9643}
logger.js:357 07:37:54.572 [INFO] [moqt:session:object-router] Stream read chunk {readNumber: 311, chunkSize: 1176, totalBytesReceived: 820418, done: false, firstBytes: '00 5d e0 01 40 fb 01 04 81 98 a7 3c 5d d5 00 00'}
logger.js:357 07:37:54.573 [INFO] [moqt:session:object-router] Stream read chunk {readNumber: 312, chunkSize: 42, totalBytesReceived: 820460, done: false, firstBytes: 'd7 a2 ba b4 28 2b 82 7e bd ee 6e b5 f5 69 ba f5'}
logger.js:357 07:37:54.573 [INFO] [moqt:session:object-router] Stream read chunk {readNumber: 313, chunkSize: 1176, totalBytesReceived: 821636, done: false, firstBytes: '52 a5 cb eb 80 ca 1c bd 15 d7 a0 8f ad 44 a8 33'}
logger.js:357 07:37:54.575 [INFO] [moqt:session:object-router] Stream read chunk {readNumber: 314, chunkSize: 4914, totalBytesReceived: 826550, done: false, firstBytes: 'b3 80 5d 81 88 4b 17 dd fc 03 40 0f 81 17 7a 3b'}
logger.js:357 07:37:54.579 [INFO] [moqt:session:object-router] Stream read chunk {readNumber: 315, chunkSize: 343, totalBytesReceived: 826893, done: false, firstBytes: '77 e1 ca b5 75 7f ae bb 5f 5a e9 2d 79 87 ed fd'}
logger.js:357 07:37:54.579 [DEBUG] [moqt:session:object-router] Looking up subscription by trackAlias {lookupAlias: '0', found: true, knownAliases: Array(1)}
logger.js:357 07:37:54.579 [INFO] [moqt:session:object-router] Delivering object {subscriptionId: 2, groupId: 1812372263, objectId: 102, dataSize: 7648}
logger.js:357 07:37:54.608 [INFO] [moqt:session:object-router] Stream read chunk {readNumber: 316, chunkSize: 1176, totalBytesReceived: 828069, done: false, firstBytes: '00 5f dc 01 40 fc 01 04 81 99 3e cc 5f d1 00 00'}
logger.js:357 07:37:54.610 [INFO] [moqt:session:object-router] Stream read chunk {readNumber: 317, chunkSize: 2478, totalBytesReceived: 830547, done: false, firstBytes: 'd2 ae 2d 69 72 4d 2d d5 8c 28 49 cb ed 7e 9d b4'}
logger.js:357 07:37:54.614 [INFO] [moqt:session:object-router] Stream read chunk {readNumber: 318, chunkSize: 4505, totalBytesReceived: 835052, done: false, firstBytes: '97 4e 7c fb 58 3d 03 28 22 f7 1f 1d cd 54 5f 82'}
logger.js:357 07:37:54.614 [DEBUG] [moqt:session:object-router] Looking up subscription by trackAlias {lookupAlias: '0', found: true, knownAliases: Array(1)}
logger.js:357 07:37:54.614 [INFO] [moqt:session:object-router] Delivering object {subscriptionId: 2, groupId: 1812372263, objectId: 103, dataSize: 8156}
logger.js:357 07:37:54.642 [INFO] [moqt:session:object-router] Stream read chunk {readNumber: 319, chunkSize: 1218, totalBytesReceived: 836270, done: false, firstBytes: '00 61 57 01 40 fd 01 04 81 99 c3 38 61 4c 00 00'}
logger.js:357 07:37:54.649 [INFO] [moqt:session:object-router] Stream read chunk {readNumber: 320, chunkSize: 4872, totalBytesReceived: 841142, done: false, firstBytes: 'af 57 56 a1 dd a5 14 4e 2b c5 72 f5 e8 df e0 64'}
logger.js:357 07:37:54.653 [INFO] [moqt:session:object-router] Stream read chunk {readNumber: 321, chunkSize: 1218, totalBytesReceived: 842360, done: false, firstBytes: 'b7 f7 d5 b3 93 dc 21 d8 dc cc bf a7 af 7d 5f ea'}
logger.js:357 07:37:54.654 [INFO] [moqt:session:object-router] Stream read chunk {readNumber: 322, chunkSize: 1230, totalBytesReceived: 843590, done: false, firstBytes: '71 77 b5 a5 d4 1e 01 81 02 ae be f7 e2 e3 03 a1'}
logger.js:357 07:37:54.654 [DEBUG] [moqt:session:object-router] Looking up subscription by trackAlias {lookupAlias: '0', found: true, knownAliases: Array(1)}
logger.js:357 07:37:54.654 [INFO] [moqt:session:object-router] Delivering object {subscriptionId: 2, groupId: 1812372263, objectId: 104, dataSize: 8535}
logger.js:357 07:37:54.676 [INFO] [moqt:session:object-router] Stream read chunk {readNumber: 323, chunkSize: 1218, totalBytesReceived: 844808, done: false, firstBytes: '00 61 fb 01 40 fe 01 04 81 9a 45 4c 61 f0 00 00'}
logger.js:357 07:37:54.677 [INFO] [moqt:session:object-router] Stream read chunk {readNumber: 324, chunkSize: 2436, totalBytesReceived: 847244, done: false, firstBytes: '3f 29 c9 93 ab 47 f5 e9 fa f7 d7 be bd 2f f1 ca'}
logger.js:357 07:37:54.681 [INFO] [moqt:session:object-router] Stream read chunk {readNumber: 325, chunkSize: 1176, totalBytesReceived: 848420, done: false, firstBytes: '6f c4 f5 af 5c 5f b7 6f f2 57 9d 23 23 82 6e 6c'}
logger.js:357 07:37:54.682 [INFO] [moqt:session:object-router] Stream read chunk {readNumber: 326, chunkSize: 3872, totalBytesReceived: 852292, done: false, firstBytes: 'f8 22 be f5 9b 45 5a 1e 13 aa 10 d1 ac 8e fe f0'}
logger.js:357 07:37:54.682 [DEBUG] [moqt:session:object-router] Looking up subscription by trackAlias {lookupAlias: '0', found: true, knownAliases: Array(1)}
logger.js:357 07:37:54.682 [INFO] [moqt:session:object-router] Delivering object {subscriptionId: 2, groupId: 1812372263, objectId: 105, dataSize: 8699}
logger.js:357 07:37:54.706 [INFO] [moqt:session:object-router] Stream read chunk {readNumber: 327, chunkSize: 2394, totalBytesReceived: 854686, done: false, firstBytes: '00 5e d8 01 40 ff 01 04 81 9a b1 e4 5e cd 00 00'}
logger.js:357 07:37:54.706 [INFO] [moqt:session:object-router] Stream read chunk {readNumber: 328, chunkSize: 1260, totalBytesReceived: 855946, done: false, firstBytes: '3d 95 ab 7d ae 3e 4e bf 7d 64 a5 96 ff 4a 6c 9d'}
logger.js:357 07:37:54.709 [INFO] [moqt:session:object-router] Stream read chunk {readNumber: 329, chunkSize: 2436, totalBytesReceived: 858382, done: false, firstBytes: 'bf 6f 9c 21 5a e9 15 8d 7d 13 ea 3d 87 ba 40 a2'}
logger.js:357 07:37:54.711 [INFO] [moqt:session:object-router] Stream read chunk {readNumber: 330, chunkSize: 1218, totalBytesReceived: 859600, done: false, firstBytes: '8d 53 c2 ad 72 2f b7 3b bb 85 39 98 7c 57 ae aa'}
logger.js:357 07:37:54.718 [INFO] [moqt:session:object-router] Stream read chunk {readNumber: 331, chunkSize: 591, totalBytesReceived: 860191, done: false, firstBytes: '3e 22 be fe 19 ad 68 7c 23 56 ab df 5a e7 d6 19'}
logger.js:357 07:37:54.718 [DEBUG] [moqt:session:object-router] Looking up subscription by trackAlias {lookupAlias: '0', found: true, knownAliases: Array(1)}
logger.js:357 07:37:54.718 [INFO] [moqt:session:object-router] Delivering object {subscriptionId: 2, groupId: 1812372263, objectId: 106, dataSize: 7896}
logger.js:357 07:37:54.739 [INFO] [moqt:session:object-router] Stream read chunk {readNumber: 332, chunkSize: 1218, totalBytesReceived: 861409, done: false, firstBytes: '00 5f 31 01 41 00 01 04 81 9b 48 ac 5f 26 00 00'}
logger.js:357 07:37:54.745 [INFO] [moqt:session:object-router] Stream read chunk {readNumber: 333, chunkSize: 1176, totalBytesReceived: 862585, done: false, firstBytes: 'ad 7d 6a 4e bd f5 e9 fa f5 f5 6a eb df 5e ae bd'}
logger.js:357 07:37:54.747 [INFO] [moqt:session:object-router] Stream read chunk {readNumber: 334, chunkSize: 1260, totalBytesReceived: 863845, done: false, firstBytes: 'c0 7e 02 7a fd 77 c3 0b c7 1d ab 7f fb b5 98 78'}
logger.js:357 07:37:54.749 [INFO] [moqt:session:object-router] Stream read chunk {readNumber: 335, chunkSize: 3654, totalBytesReceived: 867499, done: false, firstBytes: '99 c2 36 31 6a bd 99 a1 a0 7f 89 0f 5f ee f7 f1'}
logger.js:357 07:37:54.751 [INFO] [moqt:session:object-router] Stream read chunk {readNumber: 336, chunkSize: 680, totalBytesReceived: 868179, done: false, firstBytes: '53 17 cf d7 ae 2c ee ab e8 4f c4 5d ef 8a df c9'}
logger.js:357 07:37:54.751 [DEBUG] [moqt:session:object-router] Looking up subscription by trackAlias {lookupAlias: '0', found: true, knownAliases: Array(1)}
logger.js:357 07:37:54.751 [INFO] [moqt:session:object-router] Delivering object {subscriptionId: 2, groupId: 1812372263, objectId: 107, dataSize: 7985}
logger.js:357 07:37:54.769 [INFO] [moqt:session:object-router] Stream read chunk {readNumber: 337, chunkSize: 1218, totalBytesReceived: 869397, done: false, firstBytes: '00 5f 87 01 41 01 01 04 81 9b b0 94 5f 7c 00 00'}
logger.js:357 07:37:54.777 [INFO] [moqt:session:object-router] Stream read chunk {readNumber: 338, chunkSize: 6856, totalBytesReceived: 876253, done: false, firstBytes: '24 4a c3 67 27 3b d7 fa a8 28 ea d0 4c 2b 8c 3b'}
logger.js:357 07:37:54.777 [DEBUG] [moqt:session:object-router] Looking up subscription by trackAlias {lookupAlias: '0', found: true, knownAliases: Array(1)}
logger.js:357 07:37:54.777 [INFO] [moqt:session:object-router] Delivering object {subscriptionId: 2, groupId: 1812372263, objectId: 108, dataSize: 8071}
logger.js:357 07:37:54.810 [INFO] [moqt:session:object-router] Stream read chunk {readNumber: 339, chunkSize: 1176, totalBytesReceived: 877429, done: false, firstBytes: '00 5f 36 01 41 02 01 04 81 9c 42 ac 5f 2b 00 00'}
logger.js:357 07:37:54.810 [INFO] [moqt:session:object-router] Stream read chunk {readNumber: 340, chunkSize: 1260, totalBytesReceived: 878689, done: false, firstBytes: '9b eb df 5e 8a eb d1 1f ea a2 7a bf d5 e3 44 7f'}
logger.js:357 07:37:54.824 [INFO] [moqt:session:object-router] Stream read chunk {readNumber: 341, chunkSize: 2352, totalBytesReceived: 881041, done: false, firstBytes: '25 5a b9 6e a1 d9 4f 11 53 37 ed 1b c2 ab f5 5e'}
logger.js:357 07:37:54.826 [INFO] [moqt:session:object-router] Stream read chunk {readNumber: 342, chunkSize: 3205, totalBytesReceived: 884246, done: false, firstBytes: 'a8 89 6e c2 d6 fd 6a d9 ab 59 a8 b0 57 0a 04 55'}
logger.js:357 07:37:54.826 [DEBUG] [moqt:session:object-router] Looking up subscription by trackAlias {lookupAlias: '0', found: true, knownAliases: Array(1)}
logger.js:357 07:37:54.826 [INFO] [moqt:session:object-router] Delivering object {subscriptionId: 2, groupId: 1812372263, objectId: 109, dataSize: 7990}
logger.js:357 07:37:54.834 [INFO] [moqt:session:object-router] Stream read chunk {readNumber: 343, chunkSize: 1176, totalBytesReceived: 885422, done: false, firstBytes: '00 5f 97 01 41 03 01 04 81 9c b4 bc 5f 8c 00 00'}
logger.js:357 07:37:54.835 [INFO] [moqt:session:object-router] Stream read chunk {readNumber: 344, chunkSize: 1260, totalBytesReceived: 886682, done: false, firstBytes: 'bc 20 77 5f 55 1b b5 69 c4 ad 75 79 84 13 e1 9c'}
logger.js:357 07:37:54.846 [INFO] [moqt:session:object-router] Stream read chunk {readNumber: 345, chunkSize: 5654, totalBytesReceived: 892336, done: false, firstBytes: '23 06 5b 28 97 3f 8a 75 37 57 ae 4f 27 f0 4b ef'}
logger.js:357 07:37:54.846 [DEBUG] [moqt:session:object-router] Looking up subscription by trackAlias {lookupAlias: '0', found: true, knownAliases: Array(1)}
logger.js:357 07:37:54.846 [INFO] [moqt:session:object-router] Delivering object {subscriptionId: 2, groupId: 1812372263, objectId: 110, dataSize: 8087}
logger.js:357 07:37:54.872 [INFO] [moqt:session:object-router] Stream read chunk {readNumber: 346, chunkSize: 6090, totalBytesReceived: 898426, done: false, firstBytes: '00 61 22 01 41 04 01 04 81 9d 37 fc 61 17 00 00'}
logger.js:357 07:37:54.877 [INFO] [moqt:session:object-router] Stream read chunk {readNumber: 347, chunkSize: 2395, totalBytesReceived: 900821, done: false, firstBytes: '1f c3 63 c1 47 51 7d 57 b1 44 88 07 f0 04 dc 0b'}
logger.js:357 07:37:54.877 [DEBUG] [moqt:session:object-router] Looking up subscription by trackAlias {lookupAlias: '0', found: true, knownAliases: Array(1)}
logger.js:357 07:37:54.877 [INFO] [moqt:session:object-router] Delivering object {subscriptionId: 2, groupId: 1812372263, objectId: 111, dataSize: 8482}
logger.js:357 07:37:54.907 [INFO] [moqt:session:object-router] Stream read chunk {readNumber: 348, chunkSize: 1218, totalBytesReceived: 902039, done: false, firstBytes: '00 60 4c 01 41 05 01 04 81 9d d1 80 60 41 00 00'}
logger.js:357 07:37:54.916 [INFO] [moqt:session:object-router] Stream read chunk {readNumber: 349, chunkSize: 7053, totalBytesReceived: 909092, done: false, firstBytes: '12 4a b3 ac 4c b8 1f 8c 10 f0 c8 a7 97 af 7d 7b'}
logger.js:357 07:37:54.916 [DEBUG] [moqt:session:object-router] Looking up subscription by trackAlias {lookupAlias: '0', found: true, knownAliases: Array(1)}
logger.js:357 07:37:54.916 [INFO] [moqt:session:object-router] Delivering object {subscriptionId: 2, groupId: 1812372263, objectId: 112, dataSize: 8268}
logger.js:357 07:37:54.932 [INFO] [moqt:session:object-router] Stream read chunk {readNumber: 350, chunkSize: 1218, totalBytesReceived: 910310, done: false, firstBytes: '00 60 35 01 41 06 01 04 81 9e 37 d8 60 2a 00 00'}
logger.js:357 07:37:54.933 [INFO] [moqt:session:object-router] Stream read chunk {readNumber: 351, chunkSize: 1218, totalBytesReceived: 911528, done: false, firstBytes: '79 ba d4 bc de b7 4d 17 c2 83 c1 71 1c dd 6b eb'}
logger.js:357 07:37:54.937 [INFO] [moqt:session:object-router] Stream read chunk {readNumber: 352, chunkSize: 1218, totalBytesReceived: 912746, done: false, firstBytes: 'b4 6c fd e8 11 5a ed f0 43 de db b4 82 5b ee ff'}
logger.js:357 07:37:54.939 [INFO] [moqt:session:object-router] Stream read chunk {readNumber: 353, chunkSize: 3654, totalBytesReceived: 916400, done: false, firstBytes: '2e 6e 45 2a 5b 04 eb 47 01 c5 6d 60 a4 04 80 23'}
logger.js:357 07:37:54.942 [INFO] [moqt:session:object-router] Stream read chunk {readNumber: 354, chunkSize: 940, totalBytesReceived: 917340, done: false, firstBytes: '6b 50 47 94 fc a9 5b e5 df da f8 4e 9f 6b 6f d6'}
logger.js:357 07:37:54.942 [DEBUG] [moqt:session:object-router] Looking up subscription by trackAlias {lookupAlias: '0', found: true, knownAliases: Array(1)}
logger.js:357 07:37:54.942 [INFO] [moqt:session:object-router] Delivering object {subscriptionId: 2, groupId: 1812372263, objectId: 113, dataSize: 8245}
logger.js:357 07:37:54.969 [INFO] [moqt:session:object-router] Stream read chunk {readNumber: 355, chunkSize: 164, totalBytesReceived: 917504, done: false, firstBytes: '00 5f 05 01 41 07 01 04 81 9e cc 48 5e fa 00 00'}
logger.js:357 07:37:54.978 [INFO] [moqt:session:object-router] Stream read chunk {readNumber: 356, chunkSize: 4872, totalBytesReceived: 922376, done: false, firstBytes: '6a 28 5f 79 7a d7 d6 a3 4e 4c 6f 5e a3 ac 82 49'}
logger.js:357 07:37:54.978 [INFO] [moqt:session:object-router] Stream read chunk {readNumber: 357, chunkSize: 1176, totalBytesReceived: 923552, done: false, firstBytes: '7d 7d f7 ef e2 41 3f 7b fe fb ef 5c 21 77 77 ab'}
logger.js:357 07:37:54.978 [INFO] [moqt:session:object-router] Stream read chunk {readNumber: 358, chunkSize: 1732, totalBytesReceived: 925284, done: false, firstBytes: '5a af 77 db 4a 18 82 1d f4 67 a6 49 6b c9 fe ab'}
logger.js:357 07:37:54.978 [DEBUG] [moqt:session:object-router] Looking up subscription by trackAlias {lookupAlias: '0', found: true, knownAliases: Array(1)}
logger.js:357 07:37:54.978 [INFO] [moqt:session:object-router] Delivering object {subscriptionId: 2, groupId: 1812372263, objectId: 114, dataSize: 7941}
logger.js:357 07:37:55.002 [INFO] [moqt:session:object-router] Stream read chunk {readNumber: 359, chunkSize: 1176, totalBytesReceived: 926460, done: false, firstBytes: '00 5f 31 01 41 08 01 04 81 9f 44 98 5f 26 00 00'}
logger.js:357 07:37:55.003 [INFO] [moqt:session:object-router] Stream read chunk {readNumber: 360, chunkSize: 42, totalBytesReceived: 926502, done: false, firstBytes: '7d 6a 7d c2 bd 5b 5e bd 39 f9 7a d7 c5 e6 cc d8'}
logger.js:357 07:37:55.007 [INFO] [moqt:session:object-router] Stream read chunk {readNumber: 361, chunkSize: 3654, totalBytesReceived: 930156, done: false, firstBytes: 'ea ac 67 7f 9b aa f8 23 eb 7b 3f 23 04 60 74 50'}
logger.js:357 07:37:55.011 [INFO] [moqt:session:object-router] Stream read chunk {readNumber: 362, chunkSize: 2352, totalBytesReceived: 932508, done: false, firstBytes: 'cb 3b 8f db 32 21 2f cb 1a 9b 4f bb 40 aa df 3f'}
logger.js:357 07:37:55.011 [INFO] [moqt:session:object-router] Stream read chunk {readNumber: 363, chunkSize: 764, totalBytesReceived: 933272, done: false, firstBytes: '5c 51 d1 ff 05 1a ba de ed 97 a9 b9 cb 34 13 ef'}
logger.js:357 07:37:55.011 [DEBUG] [moqt:session:object-router] Looking up subscription by trackAlias {lookupAlias: '0', found: true, knownAliases: Array(1)}
logger.js:357 07:37:55.011 [INFO] [moqt:session:object-router] Delivering object {subscriptionId: 2, groupId: 1812372263, objectId: 115, dataSize: 7985}
logger.js:357 07:37:55.035 [INFO] [moqt:session:object-router] Stream read chunk {readNumber: 364, chunkSize: 1218, totalBytesReceived: 934490, done: false, firstBytes: '00 5f 66 01 41 09 01 04 81 9f c8 3c 5f 5b 00 00'}
logger.js:357 07:37:55.040 [INFO] [moqt:session:object-router] Stream read chunk {readNumber: 365, chunkSize: 2352, totalBytesReceived: 936842, done: false, firstBytes: 'f1 f2 8a e3 45 2b ae b5 47 55 ff ab fd 5e 2b 9b'}
logger.js:357 07:37:55.044 [INFO] [moqt:session:object-router] Stream read chunk {readNumber: 366, chunkSize: 3738, totalBytesReceived: 940580, done: false, firstBytes: '3e 24 fa c8 d0 f0 04 ce 00 b8 81 0c 48 f9 ff 8e'}
logger.js:357 07:37:55.046 [INFO] [moqt:session:object-router] Stream read chunk {readNumber: 367, chunkSize: 733, totalBytesReceived: 941313, done: false, firstBytes: 'bd 09 e4 ea ff 57 ae ad 9d f3 be 7f 86 6a fe 08'}
logger.js:357 07:37:55.047 [DEBUG] [moqt:session:object-router] Looking up subscription by trackAlias {lookupAlias: '0', found: true, knownAliases: Array(1)}
logger.js:357 07:37:55.047 [INFO] [moqt:session:object-router] Delivering object {subscriptionId: 2, groupId: 1812372263, objectId: 116, dataSize: 8038}
logger.js:357 07:37:55.074 [INFO] [moqt:session:object-router] Stream read chunk {readNumber: 368, chunkSize: 2436, totalBytesReceived: 943749, done: false, firstBytes: '00 61 e3 01 41 0a 01 04 81 a0 55 a4 61 d8 00 00'}
logger.js:357 07:37:55.077 [INFO] [moqt:session:object-router] Stream read chunk {readNumber: 369, chunkSize: 1218, totalBytesReceived: 944967, done: false, firstBytes: '55 fc 46 55 63 de ff bb 55 fb bf 2d ad 56 0a 3d'}
logger.js:357 07:37:55.079 [INFO] [moqt:session:object-router] Stream read chunk {readNumber: 370, chunkSize: 5024, totalBytesReceived: 949991, done: false, firstBytes: '55 21 df ea d3 08 7c 4a e2 56 5e ad 2f 5a ae b5'}
logger.js:357 07:37:55.079 [DEBUG] [moqt:session:object-router] Looking up subscription by trackAlias {lookupAlias: '0', found: true, knownAliases: Array(1)}
logger.js:357 07:37:55.079 [INFO] [moqt:session:object-router] Delivering object {subscriptionId: 2, groupId: 1812372263, objectId: 117, dataSize: 8675}
logger.js:357 07:37:55.107 [INFO] [moqt:session:object-router] Stream read chunk {readNumber: 371, chunkSize: 1218, totalBytesReceived: 951209, done: false, firstBytes: '00 62 00 01 41 0b 01 04 81 a0 d3 d0 61 f5 00 00'}
logger.js:357 07:37:55.112 [INFO] [moqt:session:object-router] Stream read chunk {readNumber: 372, chunkSize: 7301, totalBytesReceived: 958510, done: false, firstBytes: 'ee 2a 0b 31 10 7b 9a 07 4c 5f fa bf bf 38 23 ef'}
logger.js:357 07:37:55.119 [INFO] [moqt:session:object-router] Stream read chunk {readNumber: 373, chunkSize: 188, totalBytesReceived: 958698, done: false, firstBytes: 'dd f8 1d cd c7 20 45 bf 59 f1 2f 8b 7f 62 96 8f'}
logger.js:357 07:37:55.119 [DEBUG] [moqt:session:object-router] Looking up subscription by trackAlias {lookupAlias: '0', found: true, knownAliases: Array(1)}
logger.js:357 07:37:55.119 [INFO] [moqt:session:object-router] Delivering object {subscriptionId: 2, groupId: 1812372263, objectId: 118, dataSize: 8704}
logger.js:357 07:37:55.162 [INFO] [moqt:session:object-router] Stream read chunk {readNumber: 374, chunkSize: 4872, totalBytesReceived: 963570, done: false, firstBytes: '00 5d 7a 01 41 0c 01 04 81 a1 69 d0 5d 6f 00 00'}
logger.js:357 07:37:55.164 [INFO] [moqt:session:object-router] Stream read chunk {readNumber: 375, chunkSize: 2677, totalBytesReceived: 966247, done: false, firstBytes: '5c 51 bf c1 1f 7d 1d cd b6 cd 06 68 5a 4e b0 b8'}
logger.js:357 07:37:55.164 [DEBUG] [moqt:session:object-router] Looking up subscription by trackAlias {lookupAlias: '0', found: true, knownAliases: Array(1)}
logger.js:357 07:37:55.164 [INFO] [moqt:session:object-router] Delivering object {subscriptionId: 2, groupId: 1812372263, objectId: 119, dataSize: 7546}
logger.js:357 07:37:55.169 [INFO] [moqt:session:object-router] Stream read chunk {readNumber: 376, chunkSize: 1218, totalBytesReceived: 967465, done: false, firstBytes: '00 5d 3e 01 41 0d 01 04 81 a1 d3 ac 5d 33 00 00'}
logger.js:357 07:37:55.170 [INFO] [moqt:session:object-router] Stream read chunk {readNumber: 377, chunkSize: 1218, totalBytesReceived: 968683, done: false, firstBytes: 'f2 ff aa 90 43 b9 ba f4 9d 7b c2 8b d1 c2 38 11'}
logger.js:357 07:37:55.173 [INFO] [moqt:session:object-router] Stream read chunk {readNumber: 378, chunkSize: 2436, totalBytesReceived: 971119, done: false, firstBytes: '39 34 7f e4 af 14 97 09 eb ee fe 2f ae bf 82 3e'}
logger.js:357 07:37:55.178 [INFO] [moqt:session:object-router] Stream read chunk {readNumber: 379, chunkSize: 1218, totalBytesReceived: 972337, done: false, firstBytes: '7e 66 b7 6b 30 7c 8b c2 f5 59 2d af b4 e2 e6 c2'}
logger.js:357 07:37:55.178 [INFO] [moqt:session:object-router] Stream read chunk {readNumber: 380, chunkSize: 1399, totalBytesReceived: 973736, done: false, firstBytes: '6e f2 f9 02 de b5 cc 8a b8 7f 74 14 bb fd 03 e0'}
logger.js:357 07:37:55.178 [DEBUG] [moqt:session:object-router] Looking up subscription by trackAlias {lookupAlias: '0', found: true, knownAliases: Array(1)}
logger.js:357 07:37:55.178 [INFO] [moqt:session:object-router] Delivering object {subscriptionId: 2, groupId: 1812372263, objectId: 120, dataSize: 7486}
logger.js:357 07:37:55.207 [INFO] [moqt:session:object-router] Stream read chunk {readNumber: 381, chunkSize: 3654, totalBytesReceived: 977390, done: false, firstBytes: '00 5e 2d 01 41 0e 01 04 81 a2 5b 38 5e 22 00 00'}
logger.js:357 07:37:55.213 [INFO] [moqt:session:object-router] Stream read chunk {readNumber: 382, chunkSize: 4074, totalBytesReceived: 981464, done: false, firstBytes: '53 d9 2d 49 d2 fa 5f 33 da b0 87 41 49 0b 31 14'}
logger.js:357 07:37:55.213 [DEBUG] [moqt:session:object-router] Looking up subscription by trackAlias {lookupAlias: '0', found: true, knownAliases: Array(1)}
logger.js:357 07:37:55.213 [INFO] [moqt:session:object-router] Delivering object {subscriptionId: 2, groupId: 1812372263, objectId: 121, dataSize: 7725}
logger.js:357 07:37:55.238 [INFO] [moqt:session:object-router] Stream read chunk {readNumber: 383, chunkSize: 1576, totalBytesReceived: 983040, done: false, firstBytes: '00 5e 62 01 41 0f 01 04 81 a2 d8 38 5e 57 00 00'}
logger.js:357 07:37:55.241 [INFO] [moqt:session:object-router] Stream read chunk {readNumber: 384, chunkSize: 2436, totalBytesReceived: 985476, done: false, firstBytes: '37 a2 f7 d2 b5 c1 c2 d5 23 38 6c 12 53 f5 f5 bc'}
logger.js:357 07:37:55.247 [INFO] [moqt:session:object-router] Stream read chunk {readNumber: 385, chunkSize: 3769, totalBytesReceived: 989245, done: false, firstBytes: '20 86 c6 fb d7 04 37 fd f1 7b e9 f1 fc 9e e1 2e'}
logger.js:357 07:37:55.247 [DEBUG] [moqt:session:object-router] Looking up subscription by trackAlias {lookupAlias: '0', found: true, knownAliases: Array(1)}
logger.js:357 07:37:55.247 [INFO] [moqt:session:object-router] Delivering object {subscriptionId: 2, groupId: 1812372263, objectId: 122, dataSize: 7778}
logger.js:357 07:37:55.269 [INFO] [moqt:session:object-router] Stream read chunk {readNumber: 386, chunkSize: 1218, totalBytesReceived: 990463, done: false, firstBytes: '00 5e ad 01 41 10 01 04 81 a3 53 a8 5e a2 00 00'}
logger.js:357 07:37:55.276 [DEBUG] [moqt:media:video-decoder] Video decode stats {instanceId: 1, framesDecoded: 240, width: 1920, height: 1080}
logger.js:357 07:37:55.276 [INFO] [moqt:session:object-router] Stream read chunk {readNumber: 387, chunkSize: 6090, totalBytesReceived: 996553, done: false, firstBytes: 'fc b4 be 02 10 34 2f a4 96 94 24 29 e3 30 c5 60'}
logger.js:357 07:37:55.282 [INFO] [moqt:session:object-router] Stream read chunk {readNumber: 388, chunkSize: 548, totalBytesReceived: 997101, done: false, firstBytes: '21 c1 ac cf 31 c2 91 75 55 eb df 3f 5e d6 20 60'}
logger.js:357 07:37:55.282 [DEBUG] [moqt:session:object-router] Looking up subscription by trackAlias {lookupAlias: '0', found: true, knownAliases: Array(1)}
logger.js:357 07:37:55.282 [INFO] [moqt:session:object-router] Delivering object {subscriptionId: 2, groupId: 1812372263, objectId: 123, dataSize: 7853}
logger.js:357 07:37:55.309 [INFO] [moqt:session:object-router] Stream read chunk {readNumber: 389, chunkSize: 4872, totalBytesReceived: 1001973, done: false, firstBytes: '00 60 4f 01 41 11 01 04 81 a3 e6 ec 60 44 00 00'}
logger.js:357 07:37:55.316 [INFO] [moqt:session:object-router] Stream read chunk {readNumber: 390, chunkSize: 3402, totalBytesReceived: 1005375, done: false, firstBytes: 'fe 8b 57 43 2e b4 8d ae 63 df 7b b5 e1 1d f2 f1'}
logger.js:357 07:37:55.316 [DEBUG] [moqt:session:object-router] Looking up subscription by trackAlias {lookupAlias: '0', found: true, knownAliases: Array(1)}
logger.js:357 07:37:55.316 [INFO] [moqt:session:object-router] Delivering object {subscriptionId: 2, groupId: 1812372263, objectId: 124, dataSize: 8271}
logger.js:357 07:37:55.342 [INFO] [moqt:session:object-router] Stream read chunk {readNumber: 391, chunkSize: 3612, totalBytesReceived: 1008987, done: false, firstBytes: '00 5e a4 01 41 12 01 04 81 a4 5c e4 5e 99 00 00'}
logger.js:357 07:37:55.346 [INFO] [moqt:session:object-router] Stream read chunk {readNumber: 392, chunkSize: 3696, totalBytesReceived: 1012683, done: false, firstBytes: '48 9b e4 5e f7 8a fb de e8 ee 39 c2 e2 ca f8 85'}
logger.js:357 07:37:55.347 [INFO] [moqt:session:object-router] Stream read chunk {readNumber: 393, chunkSize: 539, totalBytesReceived: 1013222, done: false, firstBytes: 'd7 df 0a 56 bd eb 5b 7c f9 ec 14 5e fe af f0 49'}
logger.js:357 07:37:55.347 [DEBUG] [moqt:session:object-router] Looking up subscription by trackAlias {lookupAlias: '0', found: true, knownAliases: Array(1)}
logger.js:357 07:37:55.347 [INFO] [moqt:session:object-router] Delivering object {subscriptionId: 2, groupId: 1812372263, objectId: 125, dataSize: 7844}
logger.js:357 07:37:55.369 [INFO] [moqt:session:object-router] Stream read chunk {readNumber: 394, chunkSize: 1218, totalBytesReceived: 1014440, done: false, firstBytes: '00 5f 3d 01 41 13 01 04 81 a4 e4 0c 5f 32 00 00'}
logger.js:357 07:37:55.377 [INFO] [moqt:session:object-router] Stream read chunk {readNumber: 395, chunkSize: 2436, totalBytesReceived: 1016876, done: false, firstBytes: '53 42 d8 be af 0c f7 ee 5e bd 0b f5 e9 7a d5 ad'}
logger.js:357 07:37:55.421 [INFO] [moqt:session:object-router] Stream read chunk {readNumber: 396, chunkSize: 1218, totalBytesReceived: 1018094, done: false, firstBytes: '3b a7 3a 97 c6 a8 fa 06 c5 12 dc 5b b7 58 ec 79'}
logger.js:357 07:37:55.432 [INFO] [moqt:session:object-router] Stream read chunk {readNumber: 397, chunkSize: 1218, totalBytesReceived: 1019312, done: false, firstBytes: 'aa 6f cd 5a 57 cd eb ff 55 08 aa 70 55 e9 87 34'}
logger.js:357 07:37:55.440 [INFO] [moqt:session:object-router] Stream read chunk {readNumber: 398, chunkSize: 10989, totalBytesReceived: 1030301, done: false, firstBytes: '1a 7f 55 f1 6e 78 db 14 a9 e0 c2 0a fb ef be b5'}
logger.js:357 07:37:55.440 [DEBUG] [moqt:session:object-router] Looking up subscription by trackAlias {lookupAlias: '0', found: true, knownAliases: Array(1)}
logger.js:357 07:37:55.440 [INFO] [moqt:session:object-router] Delivering object {subscriptionId: 2, groupId: 1812372263, objectId: 126, dataSize: 7997}
logger.js:357 07:37:55.440 [DEBUG] [moqt:session:object-router] Looking up subscription by trackAlias {lookupAlias: '0', found: true, knownAliases: Array(1)}
logger.js:357 07:37:55.440 [INFO] [moqt:session:object-router] Delivering object {subscriptionId: 2, groupId: 1812372263, objectId: 127, dataSize: 7858}
logger.js:357 07:37:55.444 [INFO] [moqt:session:object-router] Stream read chunk {readNumber: 399, chunkSize: 1176, totalBytesReceived: 1031477, done: false, firstBytes: 'da 6e 7c 51 d5 7f fc 11 df 95 bc 3f d5 fc 3d e0'}
logger.js:357 07:37:55.444 [INFO] [moqt:session:object-router] Stream read chunk {readNumber: 400, chunkSize: 1260, totalBytesReceived: 1032737, done: false, firstBytes: 'dc f9 8a da e8 04 18 44 42 36 95 e6 a8 d4 57 d5'}
logger.js:357 07:37:55.454 [INFO] [moqt:session:object-router] Stream read chunk {readNumber: 401, chunkSize: 4179, totalBytesReceived: 1036916, done: false, firstBytes: '6b b0 8d d9 a7 ad 6b af 90 3d 7f 15 89 54 d1 fa'}
logger.js:357 07:37:55.454 [DEBUG] [moqt:session:object-router] Looking up subscription by trackAlias {lookupAlias: '0', found: true, knownAliases: Array(1)}
logger.js:357 07:37:55.454 [INFO] [moqt:session:object-router] Delivering object {subscriptionId: 2, groupId: 1812372263, objectId: 128, dataSize: 7830}
logger.js:357 07:37:55.467 [INFO] [moqt:session:object-router] Stream read chunk {readNumber: 402, chunkSize: 1218, totalBytesReceived: 1038134, done: false, firstBytes: '00 66 64 01 41 16 01 04 81 a6 64 6c 66 59 00 00'}
logger.js:357 07:37:55.472 [INFO] [moqt:session:object-router] Stream read chunk {readNumber: 403, chunkSize: 1176, totalBytesReceived: 1039310, done: false, firstBytes: '78 ce b5 19 83 8a ea f3 75 68 6c ee e1 01 5b fa'}
logger.js:357 07:37:55.474 [INFO] [moqt:session:object-router] Stream read chunk {readNumber: 404, chunkSize: 3696, totalBytesReceived: 1043006, done: false, firstBytes: '72 8f dc 6c ee 15 1a 45 67 84 73 ec d0 04 40 09'}
logger.js:357 07:37:55.475 [INFO] [moqt:session:object-router] Stream read chunk {readNumber: 405, chunkSize: 1176, totalBytesReceived: 1044182, done: false, firstBytes: 'ff d8 7f 7e 2b 1d 49 8b 53 63 e3 9c 2a 35 33 17'}
logger.js:357 07:37:55.476 [INFO] [moqt:session:object-router] Stream read chunk {readNumber: 406, chunkSize: 1260, totalBytesReceived: 1045442, done: false, firstBytes: '9b 7f 2b f1 1e d6 16 f2 25 ba 9d 35 fb eb 96 b5'}
logger.js:357 07:37:55.481 [INFO] [moqt:session:object-router] Stream read chunk {readNumber: 407, chunkSize: 1218, totalBytesReceived: 1046660, done: false, firstBytes: 'f0 d5 6b aa 8f fe 04 a5 1f f1 cb bf d6 b8 8e 38'}
logger.js:357 07:37:55.481 [INFO] [moqt:session:object-router] Stream read chunk {readNumber: 408, chunkSize: 87, totalBytesReceived: 1046747, done: false, firstBytes: 'be c9 64 a7 ba ef 6b e3 be ef d7 57 e6 c9 c1 37'}
logger.js:357 07:37:55.481 [DEBUG] [moqt:session:object-router] Looking up subscription by trackAlias {lookupAlias: '0', found: true, knownAliases: Array(1)}
logger.js:357 07:37:55.481 [INFO] [moqt:session:object-router] Delivering object {subscriptionId: 2, groupId: 1812372263, objectId: 129, dataSize: 9828}
logger.js:357 07:37:55.505 [INFO] [moqt:session:object-router] Stream read chunk {readNumber: 409, chunkSize: 1218, totalBytesReceived: 1047965, done: false, firstBytes: '00 5d fd 01 41 17 01 04 81 a6 f3 64 5d f2 00 00'}
logger.js:357 07:37:55.507 [INFO] [moqt:session:object-router] Stream read chunk {readNumber: 410, chunkSize: 611, totalBytesReceived: 1048576, done: false, firstBytes: 'c4 6f 9f 3f de d7 e4 ef f1 5a 39 71 fe 82 30 13'}
logger.js:357 07:37:55.507 [INFO] [moqt:session:object-router] Stream read chunk {readNumber: 411, chunkSize: 565, totalBytesReceived: 1049141, done: false, firstBytes: '38 3e a1 77 38 7b 96 f7 bd 1a 07 47 14 01 e9 00'}
logger.js:357 07:37:55.507 [INFO] [moqt:session:object-router] Stream read chunk {readNumber: 412, chunkSize: 653, totalBytesReceived: 1049794, done: false, firstBytes: 'fa f4 d9 2a 64 f7 ae 24 a0 8b d2 6d 03 a8 09 20'}
logger.js:357 07:37:55.512 [INFO] [moqt:session:object-router] Stream read chunk {readNumber: 413, chunkSize: 1176, totalBytesReceived: 1050970, done: false, firstBytes: 'ef 8d eb 51 3c 4d 7e b0 c1 de 6f f5 52 1f c4 f3'}
logger.js:357 07:37:55.519 [INFO] [moqt:session:object-router] Stream read chunk {readNumber: 414, chunkSize: 3457, totalBytesReceived: 1054427, done: false, firstBytes: '2b 70 6a 95 a9 66 27 95 1e 1a 1a 08 fa dc f8 23'}
logger.js:357 07:37:55.519 [DEBUG] [moqt:session:object-router] Looking up subscription by trackAlias {lookupAlias: '0', found: true, knownAliases: Array(1)}
logger.js:357 07:37:55.520 [INFO] [moqt:session:object-router] Delivering object {subscriptionId: 2, groupId: 1812372263, objectId: 130, dataSize: 7677}
logger.js:357 07:37:55.540 [INFO] [moqt:session:object-router] Stream read chunk {readNumber: 415, chunkSize: 1218, totalBytesReceived: 1055645, done: false, firstBytes: '00 5e 8a 01 41 18 01 04 81 a7 75 14 5e 7f 00 00'}
logger.js:357 07:37:55.541 [INFO] [moqt:session:object-router] Stream read chunk {readNumber: 416, chunkSize: 2352, totalBytesReceived: 1057997, done: false, firstBytes: 'eb d1 1d 6b ea a3 84 2b 06 0a 97 61 0f 55 35 df'}
logger.js:357 07:37:55.541 [INFO] [moqt:session:object-router] Stream read chunk {readNumber: 417, chunkSize: 1302, totalBytesReceived: 1059299, done: false, firstBytes: 'e4 9a 23 dd 7f 8c bf ef 5d dd db f0 9d 3b 61 cd'}
logger.js:357 07:37:55.564 [INFO] [moqt:session:object-router] Stream read chunk {readNumber: 418, chunkSize: 1176, totalBytesReceived: 1060475, done: false, firstBytes: 'b5 f3 1d d7 e7 66 ef ce c5 75 5d f9 ff 11 df 5f'}
logger.js:357 07:37:55.564 [INFO] [moqt:session:object-router] Stream read chunk {readNumber: 419, chunkSize: 1773, totalBytesReceived: 1062248, done: false, firstBytes: '5f 7d ef 8f 41 2f 5a 57 f0 a6 24 73 5e bc eb 55'}
logger.js:357 07:37:55.564 [DEBUG] [moqt:session:object-router] Looking up subscription by trackAlias {lookupAlias: '0', found: true, knownAliases: Array(1)}
logger.js:357 07:37:55.564 [INFO] [moqt:session:object-router] Delivering object {subscriptionId: 2, groupId: 1812372263, objectId: 131, dataSize: 7818}
logger.js:357 07:37:55.571 [INFO] [moqt:session:object-router] Stream read chunk {readNumber: 420, chunkSize: 1218, totalBytesReceived: 1063466, done: false, firstBytes: '00 5d 10 01 41 19 01 04 81 a7 f1 4c 5d 05 00 00'}
logger.js:357 07:37:55.577 [INFO] [moqt:session:object-router] Stream read chunk {readNumber: 421, chunkSize: 3612, totalBytesReceived: 1067078, done: false, firstBytes: 'f5 ef ab 4f d5 af fd 57 d5 ef ab cb dd f8 7f 05'}
logger.js:357 07:37:55.578 [INFO] [moqt:session:object-router] Stream read chunk {readNumber: 422, chunkSize: 2613, totalBytesReceived: 1069691, done: false, firstBytes: 'd8 68 b1 58 ad fe 0a 2b dd ef dc 09 1c 52 e2 f7'}
logger.js:357 07:37:55.578 [DEBUG] [moqt:session:object-router] Looking up subscription by trackAlias {lookupAlias: '0', found: true, knownAliases: Array(1)}
logger.js:357 07:37:55.578 [INFO] [moqt:session:object-router] Delivering object {subscriptionId: 2, groupId: 1812372263, objectId: 132, dataSize: 7440}
logger.js:357 07:37:55.603 [INFO] [moqt:session:object-router] Stream read chunk {readNumber: 423, chunkSize: 1218, totalBytesReceived: 1070909, done: false, firstBytes: '00 65 25 01 41 1a 01 04 81 a8 60 a0 65 1a 00 00'}
logger.js:357 07:37:55.606 [INFO] [moqt:session:object-router] Stream read chunk {readNumber: 424, chunkSize: 2436, totalBytesReceived: 1073345, done: false, firstBytes: 'be bd 67 58 a1 5c bd 5b ea d1 1d 6a ba d5 60 4c'}
logger.js:357 07:37:55.610 [INFO] [moqt:session:object-router] Stream read chunk {readNumber: 425, chunkSize: 2436, totalBytesReceived: 1075781, done: false, firstBytes: '3b 8a 25 3b c3 55 1b b8 09 48 22 d7 1c d8 c7 06'}
logger.js:357 07:37:55.612 [INFO] [moqt:session:object-router] Stream read chunk {readNumber: 426, chunkSize: 3422, totalBytesReceived: 1079203, done: false, firstBytes: '82 bf ad 70 cf eb 5d 25 be 83 74 81 1d 7d f7 94'}
logger.js:357 07:37:55.612 [DEBUG] [moqt:session:object-router] Looking up subscription by trackAlias {lookupAlias: '0', found: true, knownAliases: Array(1)}
logger.js:357 07:37:55.612 [INFO] [moqt:session:object-router] Delivering object {subscriptionId: 2, groupId: 1812372263, objectId: 133, dataSize: 9509}
logger.js:357 07:37:55.639 [INFO] [moqt:session:object-router] Stream read chunk {readNumber: 427, chunkSize: 2436, totalBytesReceived: 1081639, done: false, firstBytes: '00 5c 2c 01 41 1b 01 04 81 a8 f1 f0 5c 21 00 00'}
logger.js:357 07:37:55.642 [INFO] [moqt:session:object-router] Stream read chunk {readNumber: 428, chunkSize: 1218, totalBytesReceived: 1082857, done: false, firstBytes: 'dd 24 73 8e 50 5a d5 a8 fe 0c a0 86 bd 18 e2 b0'}
logger.js:357 07:37:55.647 [INFO] [moqt:session:object-router] Stream read chunk {readNumber: 429, chunkSize: 1176, totalBytesReceived: 1084033, done: false, firstBytes: '6b 46 00 01 1f ab fc be 9a 14 bc 39 96 cb 89 71'}
logger.js:357 07:37:55.649 [INFO] [moqt:session:object-router] Stream read chunk {readNumber: 430, chunkSize: 2385, totalBytesReceived: 1086418, done: false, firstBytes: '44 e1 88 16 22 18 45 3d 83 a0 a7 37 cf 1b e8 56'}
logger.js:357 07:37:55.649 [DEBUG] [moqt:session:object-router] Looking up subscription by trackAlias {lookupAlias: '0', found: true, knownAliases: Array(1)}
logger.js:357 07:37:55.649 [INFO] [moqt:session:object-router] Delivering object {subscriptionId: 2, groupId: 1812372263, objectId: 134, dataSize: 7212}
logger.js:357 07:37:55.668 [INFO] [moqt:session:object-router] Stream read chunk {readNumber: 431, chunkSize: 1176, totalBytesReceived: 1087594, done: false, firstBytes: '00 65 21 01 41 1c 01 04 81 a9 6e 8c 65 16 00 00'}
logger.js:357 07:37:55.671 [INFO] [moqt:session:object-router] Stream read chunk {readNumber: 432, chunkSize: 3696, totalBytesReceived: 1091290, done: false, firstBytes: '26 12 b7 8a 7f ab fd 6b eb 7f ad f0 99 3f e9 ff'}
logger.js:357 07:37:55.675 [INFO] [moqt:session:object-router] Stream read chunk {readNumber: 433, chunkSize: 2394, totalBytesReceived: 1093684, done: false, firstBytes: '7f db 6f 6d bc 38 81 35 7b f6 fa a3 f8 2b 0c aa'}
logger.js:357 07:37:55.675 [INFO] [moqt:session:object-router] Stream read chunk {readNumber: 434, chunkSize: 1260, totalBytesReceived: 1094944, done: false, firstBytes: '84 aa 50 d4 8a a5 27 23 29 d4 f4 3b 4d ab 6b e9'}
logger.js:357 07:37:55.679 [INFO] [moqt:session:object-router] Stream read chunk {readNumber: 435, chunkSize: 982, totalBytesReceived: 1095926, done: false, firstBytes: '3b da be 53 76 6e 5a 04 d5 87 2f f0 49 a2 a4 c6'}
logger.js:357 07:37:55.679 [DEBUG] [moqt:session:object-router] Looking up subscription by trackAlias {lookupAlias: '0', found: true, knownAliases: Array(1)}
logger.js:357 07:37:55.679 [INFO] [moqt:session:object-router] Delivering object {subscriptionId: 2, groupId: 1812372263, objectId: 135, dataSize: 9505}
logger.js:357 07:37:55.707 [INFO] [moqt:session:object-router] Stream read chunk {readNumber: 436, chunkSize: 1218, totalBytesReceived: 1097144, done: false, firstBytes: '00 5d 6a 01 41 1d 01 04 81 a9 fb 90 5d 5f 00 00'}
logger.js:357 07:37:55.709 [INFO] [moqt:session:object-router] Stream read chunk {readNumber: 437, chunkSize: 6090, totalBytesReceived: 1103234, done: false, firstBytes: '6f 4b a3 6d 52 cf 19 ed 6d 74 96 92 fc 5d 29 ef'}
logger.js:357 07:37:55.713 [INFO] [moqt:session:object-router] Stream read chunk {readNumber: 438, chunkSize: 225, totalBytesReceived: 1103459, done: false, firstBytes: 'fb 49 06 45 50 f3 2c 7d b8 47 bd 62 de cf bf 97'}
logger.js:357 07:37:55.713 [DEBUG] [moqt:session:object-router] Looking up subscription by trackAlias {lookupAlias: '0', found: true, knownAliases: Array(1)}
logger.js:357 07:37:55.713 [INFO] [moqt:session:object-router] Delivering object {subscriptionId: 2, groupId: 1812372263, objectId: 136, dataSize: 7530}
logger.js:357 07:37:55.740 [INFO] [moqt:session:object-router] Stream read chunk {readNumber: 439, chunkSize: 1176, totalBytesReceived: 1104635, done: false, firstBytes: '00 5f 62 01 41 1e 01 04 81 aa 75 0c 5f 57 00 00'}
logger.js:357 07:37:55.741 [INFO] [moqt:session:object-router] Stream read chunk {readNumber: 440, chunkSize: 3654, totalBytesReceived: 1108289, done: false, firstBytes: 'c2 16 7e b5 3f fa a9 3a b4 34 21 62 fa f7 d7 be'}
logger.js:357 07:37:55.742 [INFO] [moqt:session:object-router] Stream read chunk {readNumber: 441, chunkSize: 1260, totalBytesReceived: 1109549, done: false, firstBytes: '14 14 d7 52 77 f0 77 e6 a3 ba 3f 15 4a bf 6c 2c'}
logger.js:357 07:37:55.746 [INFO] [moqt:session:object-router] Stream read chunk {readNumber: 442, chunkSize: 1176, totalBytesReceived: 1110725, done: false, firstBytes: '26 fc 7f c1 04 6d c0 b3 04 b7 7e bf 1c 39 dc 4b'}
logger.js:357 07:37:55.746 [INFO] [moqt:session:object-router] Stream read chunk {readNumber: 443, chunkSize: 771, totalBytesReceived: 1111496, done: false, firstBytes: 'f7 02 90 0e b5 7e 1a 0c 82 4a d7 dc 13 b0 4f eb'}
logger.js:357 07:37:55.746 [DEBUG] [moqt:session:object-router] Looking up subscription by trackAlias {lookupAlias: '0', found: true, knownAliases: Array(1)}
logger.js:357 07:37:55.746 [INFO] [moqt:session:object-router] Delivering object {subscriptionId: 2, groupId: 1812372263, objectId: 137, dataSize: 8034}
logger.js:357 07:37:55.769 [INFO] [moqt:session:object-router] Stream read chunk {readNumber: 444, chunkSize: 1218, totalBytesReceived: 1112714, done: false, firstBytes: '00 5e 9d 01 41 1f 01 04 81 aa f5 90 5e 92 00 00'}
logger.js:357 07:37:55.773 [INFO] [moqt:session:object-router] Stream read chunk {readNumber: 445, chunkSize: 4872, totalBytesReceived: 1117586, done: false, firstBytes: '15 c1 0f 45 ef 82 7f 69 2f df 05 9d dd 05 d2 fd'}
logger.js:357 07:37:55.775 [INFO] [moqt:session:object-router] Stream read chunk {readNumber: 446, chunkSize: 1218, totalBytesReceived: 1118804, done: false, firstBytes: 'd6 33 0d 63 6f c0 6c 00 7e c1 2e f7 ae 3e 7e 01'}
logger.js:357 07:37:55.781 [INFO] [moqt:session:object-router] Stream read chunk {readNumber: 447, chunkSize: 532, totalBytesReceived: 1119336, done: false, firstBytes: 'ae bf 61 4f ad 62 b5 9f 4e 23 43 c5 f1 6e 2f d8'}
logger.js:357 07:37:55.781 [DEBUG] [moqt:session:object-router] Looking up subscription by trackAlias {lookupAlias: '0', found: true, knownAliases: Array(1)}
logger.js:357 07:37:55.781 [INFO] [moqt:session:object-router] Delivering object {subscriptionId: 2, groupId: 1812372263, objectId: 138, dataSize: 7837}
logger.js:357 07:37:55.804 [INFO] [moqt:session:object-router] Stream read chunk {readNumber: 448, chunkSize: 1176, totalBytesReceived: 1120512, done: false, firstBytes: '00 60 62 01 41 20 01 04 81 ab 76 14 60 57 00 00'}
logger.js:357 07:37:55.805 [INFO] [moqt:session:object-router] Stream read chunk {readNumber: 449, chunkSize: 1260, totalBytesReceived: 1121772, done: false, firstBytes: '7f aa 89 ea d1 9d 5a 04 ae bd f5 e9 30 61 17 05'}
logger.js:357 07:37:55.813 [INFO] [moqt:session:object-router] Stream read chunk {readNumber: 450, chunkSize: 5857, totalBytesReceived: 1127629, done: false, firstBytes: 'f9 d3 a7 bf 31 6f c2 1d 5e 5e 08 b7 ea ba b5 75'}
logger.js:357 07:37:55.813 [DEBUG] [moqt:session:object-router] Looking up subscription by trackAlias {lookupAlias: '0', found: true, knownAliases: Array(1)}
logger.js:357 07:37:55.813 [INFO] [moqt:session:object-router] Delivering object {subscriptionId: 2, groupId: 1812372263, objectId: 139, dataSize: 8290}
logger.js:357 07:37:55.834 [INFO] [moqt:session:object-router] Stream read chunk {readNumber: 451, chunkSize: 1218, totalBytesReceived: 1128847, done: false, firstBytes: '00 5f 45 01 41 21 01 04 81 ab fc 74 5f 3a 00 00'}
logger.js:357 07:37:55.841 [INFO] [moqt:session:object-router] Stream read chunk {readNumber: 452, chunkSize: 2436, totalBytesReceived: 1131283, done: false, firstBytes: 'b1 5f 83 88 3a 15 bb 14 b1 b0 a6 33 ab 47 a0 77'}
logger.js:357 07:37:55.841 [INFO] [moqt:session:object-router] Stream read chunk {readNumber: 453, chunkSize: 1218, totalBytesReceived: 1132501, done: false, firstBytes: '9c 19 02 4f 5a 3b 8a 24 7b 28 8c 28 59 4d 9a 41'}
logger.js:357 07:37:55.843 [INFO] [moqt:session:object-router] Stream read chunk {readNumber: 454, chunkSize: 2436, totalBytesReceived: 1134937, done: false, firstBytes: 'bd d9 7d 7a 6e af 8b f5 42 7c 5f 6c 4f c3 80 fc'}
logger.js:357 07:37:55.848 [INFO] [moqt:session:object-router] Stream read chunk {readNumber: 455, chunkSize: 700, totalBytesReceived: 1135637, done: false, firstBytes: '3e 64 c7 f5 f7 56 f8 22 df e8 be eb cd 9a f9 7a'}
logger.js:357 07:37:55.848 [DEBUG] [moqt:session:object-router] Looking up subscription by trackAlias {lookupAlias: '0', found: true, knownAliases: Array(1)}
logger.js:357 07:37:55.848 [INFO] [moqt:session:object-router] Delivering object {subscriptionId: 2, groupId: 1812372263, objectId: 140, dataSize: 8005}
logger.js:357 07:37:55.866 [INFO] [moqt:session:object-router] Stream read chunk {readNumber: 456, chunkSize: 1176, totalBytesReceived: 1136813, done: false, firstBytes: '00 60 61 01 41 22 01 04 81 ac 7c f8 60 56 00 00'}
logger.js:357 07:37:55.867 [INFO] [moqt:session:object-router] Stream read chunk {readNumber: 457, chunkSize: 1260, totalBytesReceived: 1138073, done: false, firstBytes: 'dc 14 5d 7b eb d0 b6 05 8c 42 e2 96 37 ad 4f fe'}
logger.js:357 07:37:55.872 [INFO] [moqt:session:object-router] Stream read chunk {readNumber: 458, chunkSize: 1218, totalBytesReceived: 1139291, done: false, firstBytes: 'ae ef df 37 4b e1 2b 42 ab a5 e2 2b de 87 c6 54'}
logger.js:357 07:37:55.872 [INFO] [moqt:session:object-router] Stream read chunk {readNumber: 459, chunkSize: 1176, totalBytesReceived: 1140467, done: false, firstBytes: 'e1 72 b2 a8 96 6b 13 4b ef 7d 2f 12 73 3c f3 36'}
logger.js:357 07:37:55.874 [INFO] [moqt:session:object-router] Stream read chunk {readNumber: 460, chunkSize: 1260, totalBytesReceived: 1141727, done: false, firstBytes: '5c 2d 1f 8a 71 c5 a0 6e 3c 36 1b 5a f8 21 8a dd'}
logger.js:357 07:37:55.877 [INFO] [moqt:session:object-router] Stream read chunk {readNumber: 461, chunkSize: 1176, totalBytesReceived: 1142903, done: false, firstBytes: '06 04 01 47 02 cd ef d5 62 e2 f1 1d d0 50 a0 42'}
logger.js:357 07:37:55.877 [INFO] [moqt:session:object-router] Stream read chunk {readNumber: 462, chunkSize: 1026, totalBytesReceived: 1143929, done: false, firstBytes: 'f5 bc c7 7b eb d7 9c 7e f7 7b bf 5e 24 21 77 7b'}
logger.js:357 07:37:55.878 [DEBUG] [moqt:session:object-router] Looking up subscription by trackAlias {lookupAlias: '0', found: true, knownAliases: Array(1)}
logger.js:357 07:37:55.878 [INFO] [moqt:session:object-router] Delivering object {subscriptionId: 2, groupId: 1812372263, objectId: 141, dataSize: 8289}
logger.js:357 07:37:55.905 [INFO] [moqt:session:object-router] Stream read chunk {readNumber: 463, chunkSize: 1218, totalBytesReceived: 1145147, done: false, firstBytes: '00 60 bf 01 41 23 01 04 81 ad 11 68 60 b4 00 00'}
logger.js:357 07:37:55.907 [INFO] [moqt:session:object-router] Stream read chunk {readNumber: 464, chunkSize: 1176, totalBytesReceived: 1146323, done: false, firstBytes: '52 b8 5c fb 88 39 2e 28 ea f1 1d f5 7f ad 4f d7'}
logger.js:357 07:37:55.909 [INFO] [moqt:session:object-router] Stream read chunk {readNumber: 465, chunkSize: 4914, totalBytesReceived: 1151237, done: false, firstBytes: 'a9 70 b8 df 37 77 5c 21 4c ed 06 f5 ac ec 68 e9'}
logger.js:357 07:37:55.910 [INFO] [moqt:session:object-router] Stream read chunk {readNumber: 466, chunkSize: 1078, totalBytesReceived: 1152315, done: false, firstBytes: '47 c7 e5 29 05 d7 f5 af 30 1c d5 c4 43 c1 a8 3d'}
logger.js:357 07:37:55.910 [DEBUG] [moqt:session:object-router] Looking up subscription by trackAlias {lookupAlias: '0', found: true, knownAliases: Array(1)}
logger.js:357 07:37:55.910 [INFO] [moqt:session:object-router] Delivering object {subscriptionId: 2, groupId: 1812372263, objectId: 142, dataSize: 8383}
logger.js:357 07:37:55.945 [INFO] [moqt:session:object-router] Stream read chunk {readNumber: 467, chunkSize: 1218, totalBytesReceived: 1153533, done: false, firstBytes: '00 61 11 01 41 24 01 04 81 ad 9e 08 61 06 00 00'}
logger.js:357 07:37:55.946 [INFO] [moqt:session:object-router] Stream read chunk {readNumber: 468, chunkSize: 1218, totalBytesReceived: 1154751, done: false, firstBytes: 'f2 7f aa ae 5e f7 9e 30 53 c5 08 e7 eb 5e 05 0c'}
logger.js:357 07:37:55.949 [INFO] [moqt:session:object-router] Stream read chunk {readNumber: 469, chunkSize: 4872, totalBytesReceived: 1159623, done: false, firstBytes: '24 81 3d df b3 db e2 6e f6 76 bf 15 9a 1e ab a8'}
logger.js:357 07:37:55.953 [INFO] [moqt:session:object-router] Stream read chunk {readNumber: 470, chunkSize: 1160, totalBytesReceived: 1160783, done: false, firstBytes: '5e fc ed 7b e0 ab 4f 4e ae de dc 52 9d e5 eb 57'}
logger.js:357 07:37:55.953 [DEBUG] [moqt:session:object-router] Looking up subscription by trackAlias {lookupAlias: '0', found: true, knownAliases: Array(1)}
logger.js:357 07:37:55.953 [INFO] [moqt:session:object-router] Delivering object {subscriptionId: 2, groupId: 1812372263, objectId: 143, dataSize: 8465}
logger.js:357 07:37:55.970 [INFO] [moqt:session:object-router] Stream read chunk {readNumber: 471, chunkSize: 4872, totalBytesReceived: 1165655, done: false, firstBytes: '00 60 c8 01 41 25 01 04 81 ad fe 20 60 bd 00 00'}
logger.js:357 07:37:55.971 [INFO] [moqt:session:object-router] Stream read chunk {readNumber: 472, chunkSize: 1176, totalBytesReceived: 1166831, done: false, firstBytes: '53 1d 15 89 73 7f aa e0 ae 09 3d eb 86 98 bb bb'}
logger.js:357 07:37:55.973 [INFO] [moqt:session:object-router] Stream read chunk {readNumber: 473, chunkSize: 2347, totalBytesReceived: 1169178, done: false, firstBytes: 'd2 9f 08 d9 f2 de f3 72 7a f8 4f bf 7a ea d5 cb'}
logger.js:357 07:37:55.973 [DEBUG] [moqt:session:object-router] Looking up subscription by trackAlias {lookupAlias: '0', found: true, knownAliases: Array(1)}
logger.js:357 07:37:55.973 [INFO] [moqt:session:object-router] Delivering object {subscriptionId: 2, groupId: 1812372263, objectId: 144, dataSize: 8392}
logger.js:357 07:37:56.003 [INFO] [moqt:session:object-router] Stream read chunk {readNumber: 474, chunkSize: 1218, totalBytesReceived: 1170396, done: false, firstBytes: '00 5d 46 01 41 26 01 04 81 ae 88 68 5d 3b 00 00'}
logger.js:357 07:37:56.014 [INFO] [moqt:session:object-router] Stream read chunk {readNumber: 475, chunkSize: 1176, totalBytesReceived: 1171572, done: false, firstBytes: 'eb df 5e 96 0b 3c 08 98 fe b5 14 77 ff d5 44 f5'}
logger.js:357 07:37:56.014 [INFO] [moqt:session:object-router] Stream read chunk {readNumber: 476, chunkSize: 1260, totalBytesReceived: 1172832, done: false, firstBytes: 'b3 da fe 0a fd 6a 8d ee 3a c9 b4 cb e0 a3 bf 67'}
logger.js:357 07:37:56.016 [INFO] [moqt:session:object-router] Stream read chunk {readNumber: 477, chunkSize: 1218, totalBytesReceived: 1174050, done: false, firstBytes: '00 5f c8 12 76 80 c0 79 07 63 2e e0 9c 48 04 38'}
logger.js:357 07:37:56.016 [INFO] [moqt:session:object-router] Stream read chunk {readNumber: 478, chunkSize: 1176, totalBytesReceived: 1175226, done: false, firstBytes: '9c 3b 57 cd ec cd 26 46 f6 23 69 b0 28 b0 92 e0'}
logger.js:357 07:37:56.017 [INFO] [moqt:session:object-router] Stream read chunk {readNumber: 479, chunkSize: 1449, totalBytesReceived: 1176675, done: false, firstBytes: 'bf 88 56 fd 62 93 92 9b fe ad ff aa c4 71 02 9d'}
logger.js:357 07:37:56.017 [DEBUG] [moqt:session:object-router] Looking up subscription by trackAlias {lookupAlias: '0', found: true, knownAliases: Array(1)}
logger.js:357 07:37:56.017 [INFO] [moqt:session:object-router] Delivering object {subscriptionId: 2, groupId: 1812372263, objectId: 145, dataSize: 7494}
logger.js:357 07:37:56.032 [INFO] [moqt:session:object-router] Stream read chunk {readNumber: 480, chunkSize: 1218, totalBytesReceived: 1177893, done: false, firstBytes: '00 5f 7c 01 41 27 01 04 81 af 04 a0 5f 71 00 00'}
logger.js:357 07:37:56.040 [INFO] [moqt:session:object-router] Stream read chunk {readNumber: 481, chunkSize: 2436, totalBytesReceived: 1180329, done: false, firstBytes: '6c fb b1 5c 9d 6a 5e b5 f5 ab eb 58 87 ae b5 19'}
logger.js:357 07:37:56.041 [INFO] [moqt:session:object-router] Stream read chunk {readNumber: 482, chunkSize: 1218, totalBytesReceived: 1181547, done: false, firstBytes: 'bf 7f 6c 15 81 78 06 98 68 66 fd d7 c5 d7 59 ab'}
logger.js:357 07:37:56.042 [INFO] [moqt:session:object-router] Stream read chunk {readNumber: 483, chunkSize: 1218, totalBytesReceived: 1182765, done: false, firstBytes: 'b7 46 bc 50 f9 e9 db f4 f4 2d 78 9d cf f7 e8 fc'}
logger.js:357 07:37:56.046 [INFO] [moqt:session:object-router] Stream read chunk {readNumber: 484, chunkSize: 1973, totalBytesReceived: 1184738, done: false, firstBytes: 'df e3 ec d4 ef b8 af 6e f1 5b 83 ab 8a eb c6 80'}
logger.js:357 07:37:56.046 [DEBUG] [moqt:session:object-router] Looking up subscription by trackAlias {lookupAlias: '0', found: true, knownAliases: Array(1)}
logger.js:357 07:37:56.046 [INFO] [moqt:session:object-router] Delivering object {subscriptionId: 2, groupId: 1812372263, objectId: 146, dataSize: 8060}
logger.js:357 07:37:56.067 [INFO] [moqt:session:object-router] Stream read chunk {readNumber: 485, chunkSize: 2436, totalBytesReceived: 1187174, done: false, firstBytes: '00 5d e3 01 41 28 01 04 81 af 86 b4 5d d8 00 00'}
logger.js:357 07:37:56.071 [INFO] [moqt:session:object-router] Stream read chunk {readNumber: 486, chunkSize: 2394, totalBytesReceived: 1189568, done: false, firstBytes: 'a0 4d 77 ea d3 51 2a 21 a7 84 ba de ff 36 bf bb'}
logger.js:357 07:37:56.074 [INFO] [moqt:session:object-router] Stream read chunk {readNumber: 487, chunkSize: 2478, totalBytesReceived: 1192046, done: false, firstBytes: '3b bd fc 17 44 7d 77 77 7e 1c 82 2d 7e ce 48 93'}
logger.js:357 07:37:56.080 [INFO] [moqt:session:object-router] Stream read chunk {readNumber: 488, chunkSize: 346, totalBytesReceived: 1192392, done: false, firstBytes: '98 ae 12 f7 7f ef aa f9 7b fc 67 49 de fb d6 aa'}
logger.js:357 07:37:56.081 [DEBUG] [moqt:session:object-router] Looking up subscription by trackAlias {lookupAlias: '0', found: true, knownAliases: Array(1)}
logger.js:357 07:37:56.081 [INFO] [moqt:session:object-router] Delivering object {subscriptionId: 2, groupId: 1812372263, objectId: 147, dataSize: 7651}
logger.js:357 07:37:56.105 [INFO] [moqt:session:object-router] Stream read chunk {readNumber: 489, chunkSize: 1218, totalBytesReceived: 1193610, done: false, firstBytes: '00 5e 2e 01 41 29 01 04 81 b0 17 a0 5e 23 00 00'}
logger.js:357 07:37:56.109 [INFO] [moqt:session:object-router] Stream read chunk {readNumber: 490, chunkSize: 2436, totalBytesReceived: 1196046, done: false, firstBytes: 'e3 85 3b 9e 04 2c 17 0a 26 14 ff 5e ae bd f5 e8'}
logger.js:357 07:37:56.111 [INFO] [moqt:session:object-router] Stream read chunk {readNumber: 491, chunkSize: 1218, totalBytesReceived: 1197264, done: false, firstBytes: 'b4 60 ab 00 b5 80 47 00 13 58 a0 4f ee 9b 93 f7'}
logger.js:357 07:37:56.114 [INFO] [moqt:session:object-router] Stream read chunk {readNumber: 492, chunkSize: 1176, totalBytesReceived: 1198440, done: false, firstBytes: '56 5d 69 9c 4b aa 19 c7 97 a7 4b 45 8c c6 ae d7'}
logger.js:357 07:37:56.114 [INFO] [moqt:session:object-router] Stream read chunk {readNumber: 493, chunkSize: 1681, totalBytesReceived: 1200121, done: false, firstBytes: 'af d3 f4 c4 5b 27 ad a5 f9 37 f8 8e 69 6b e7 7f'}
logger.js:357 07:37:56.114 [DEBUG] [moqt:session:object-router] Looking up subscription by trackAlias {lookupAlias: '0', found: true, knownAliases: Array(1)}
logger.js:357 07:37:56.114 [INFO] [moqt:session:object-router] Delivering object {subscriptionId: 2, groupId: 1812372263, objectId: 148, dataSize: 7726}
logger.js:357 07:37:56.131 [INFO] [moqt:session:object-router] Stream read chunk {readNumber: 494, chunkSize: 6, totalBytesReceived: 1200127, done: false, firstBytes: '00 00 03 00 00 03'}
logger.js:357 07:37:56.131 [INFO] [moqt:session:object-router] Received END_OF_GROUP {groupId: 1812372263, objectId: 149, trackAlias: '0'}
logger.js:357 07:37:56.131 [INFO] [moqt:session:object-router] Received END_OF_GROUP {groupId: 1812372263, objectId: 150, trackAlias: '0'}
logger.js:357 07:37:56.131 [INFO] [moqt:session:object-router] Stream ended {totalBytesReceived: 1200127, totalReads: 495, objectCount: 151, headerParsed: true, trackAlias: '0'}
logger.js:357 07:37:56.131 [DEBUG] [moqt:session:object-router] Finished processing stream {objectCount: 151, trackAlias: 0n, groupId: 1812372263}
logger.js:360 07:37:56.170 [INFO] [moqt:session] Received unidirectional-stream event from transport
logger.js:360 07:37:56.170 [INFO] [moqt:session:object-router] Received incoming stream
logger.js:357 07:37:56.171 [INFO] [moqt:session:object-router] Stream read chunk {readNumber: 1, chunkSize: 10939, totalBytesReceived: 10939, done: false, firstBytes: '18 00 c0 00 00 00 6c 06 9b 28 80 00 73 8f 41 41'}
logger.js:357 07:37:56.171 [INFO] [moqt:session:object-router] Incoming stream first bytes (draft-16) {viewLength: 10939, preview: '18 00 c0 00 00 00 6c 06 9b 28 80 00 73 8f 41 41 2a 01 04 81'}
logger.js:357 07:37:56.171 [INFO] [moqt:session:object-router] Decoded subgroup header (draft-16) {trackAlias: 0n, groupId: 1812372264, subgroupId: 0, endOfGroup: true, hasExtensions: false}
logger.js:357 07:37:56.172 [INFO] [moqt:session:object-router] Stream read chunk {readNumber: 2, chunkSize: 2274, totalBytesReceived: 13213, done: false, firstBytes: 'ab c8 a3 2c 84 f7 b5 91 5c aa ec 99 16 c9 b5 b2'}
logger.js:357 07:37:56.172 [DEBUG] [moqt:session:object-router] Looking up subscription by trackAlias {lookupAlias: '0', found: true, knownAliases: Array(1)}
logger.js:357 07:37:56.172 [INFO] [moqt:session:object-router] New group started {subscriptionId: 2, previousGroup: 1812372263, previousLastObject: 148, newGroup: 1812372264, newFirstObject: 0}
logger.js:357 07:37:56.172 [INFO] [moqt:session:object-router] Delivering object {subscriptionId: 2, groupId: 1812372264, objectId: 0, dataSize: 13199}
logger.js:357 07:37:56.204 [INFO] [moqt:session:object-router] Stream read chunk {readNumber: 3, chunkSize: 1220, totalBytesReceived: 14433, done: false, firstBytes: '00 48 11 01 41 2b 01 04 81 b1 8d 74 48 06 00 00'}
logger.js:357 07:37:56.208 [INFO] [moqt:session:object-router] Stream read chunk {readNumber: 4, chunkSize: 848, totalBytesReceived: 15281, done: false, firstBytes: '9b ff fd 8e df 33 17 a7 d1 1f fd e6 52 dc 0b 6c'}
logger.js:357 07:37:56.208 [DEBUG] [moqt:session:object-router] Looking up subscription by trackAlias {lookupAlias: '0', found: true, knownAliases: Array(1)}
logger.js:357 07:37:56.208 [INFO] [moqt:session:object-router] Delivering object {subscriptionId: 2, groupId: 1812372264, objectId: 1, dataSize: 2065}
logger.js:357 07:37:56.234 [INFO] [moqt:session:object-router] Stream read chunk {readNumber: 5, chunkSize: 1220, totalBytesReceived: 16501, done: false, firstBytes: '00 50 0f 01 41 2c 01 04 81 b2 18 84 50 04 00 00'}
logger.js:357 07:37:56.243 [INFO] [moqt:session:object-router] Stream read chunk {readNumber: 6, chunkSize: 1218, totalBytesReceived: 17719, done: false, firstBytes: '0d f2 7b e0 f8 d5 01 06 11 aa 5e bd 76 61 5e f7'}
logger.js:357 07:37:56.246 [INFO] [moqt:session:object-router] Stream read chunk {readNumber: 7, chunkSize: 1676, totalBytesReceived: 19395, done: false, firstBytes: '8f 11 bc 43 e2 b1 5c 4e f1 0b 9d f3 f9 c9 cf e7'}
logger.js:357 07:37:56.246 [DEBUG] [moqt:session:object-router] Looking up subscription by trackAlias {lookupAlias: '0', found: true, knownAliases: Array(1)}
logger.js:357 07:37:56.246 [INFO] [moqt:session:object-router] Delivering object {subscriptionId: 2, groupId: 1812372264, objectId: 2, dataSize: 4111}
logger.js:357 07:37:56.272 [INFO] [moqt:session:object-router] Stream read chunk {readNumber: 8, chunkSize: 1218, totalBytesReceived: 20613, done: false, firstBytes: '00 61 30 01 41 2d 01 04 81 b2 a1 3c 61 25 00 00'}
logger.js:357 07:37:56.273 [INFO] [moqt:session:object-router] Stream read chunk {readNumber: 9, chunkSize: 3654, totalBytesReceived: 24267, done: false, firstBytes: 'b9 85 2b a1 5e 7d d1 d5 d9 f7 2f 5e 8c 11 ba 14'}
logger.js:357 07:37:56.282 [INFO] [moqt:session:object-router] Stream read chunk {readNumber: 10, chunkSize: 1218, totalBytesReceived: 25485, done: false, firstBytes: '96 d5 29 45 73 08 fe bd ff 03 68 22 d8 f7 b3 f9'}
logger.js:357 07:37:56.282 [DEBUG] [moqt:media:video-decoder] New group started {groupId: 1812372264, previousGroupId: 1812372264}
logger.js:357 07:37:56.282 [DEBUG] [moqt:media:video-decoder] Received keyframe {keyframeCount: 3, groupId: 1812372264}
logger.js:357 07:37:56.283 [DEBUG] [moqt:media:subscribe-pipeline] Video arbiter stats {activeGroup: 1812372264, groupCount: 3, framesOutput: 241, groupsCompleted: 2, groupsSkipped: 0}
logger.js:357 07:37:56.285 [INFO] [moqt:session:object-router] Stream read chunk {readNumber: 11, chunkSize: 2409, totalBytesReceived: 27894, done: false, firstBytes: '1f e6 a6 bb df c1 0f bd 70 79 f9 3d ff ea df 5e'}
logger.js:357 07:37:56.285 [DEBUG] [moqt:session:object-router] Looking up subscription by trackAlias {lookupAlias: '0', found: true, knownAliases: Array(1)}
logger.js:357 07:37:56.285 [INFO] [moqt:session:object-router] Delivering object {subscriptionId: 2, groupId: 1812372264, objectId: 3, dataSize: 8496}
logger.js:357 07:37:56.298 [INFO] [moqt:session:object-router] Stream read chunk {readNumber: 12, chunkSize: 2436, totalBytesReceived: 30330, done: false, firstBytes: '00 54 24 01 41 2e 01 04 81 b3 17 98 54 19 00 00'}
logger.js:357 07:37:56.306 [INFO] [moqt:session:object-router] Stream read chunk {readNumber: 13, chunkSize: 1176, totalBytesReceived: 31506, done: false, firstBytes: 'fc cc 1e f9 27 93 7e be b6 4c bf d4 b2 47 fa bc'}
logger.js:357 07:37:56.306 [INFO] [moqt:session:object-router] Stream read chunk {readNumber: 14, chunkSize: 1547, totalBytesReceived: 33053, done: false, firstBytes: '37 6e 71 1c 3f d6 a6 eb 5f 59 7c 14 57 df 69 3f'}
logger.js:357 07:37:56.306 [DEBUG] [moqt:session:object-router] Looking up subscription by trackAlias {lookupAlias: '0', found: true, knownAliases: Array(1)}
logger.js:357 07:37:56.306 [INFO] [moqt:session:object-router] Delivering object {subscriptionId: 2, groupId: 1812372264, objectId: 4, dataSize: 5156}
logger.js:357 07:37:56.334 [INFO] [moqt:session:object-router] Stream read chunk {readNumber: 15, chunkSize: 1218, totalBytesReceived: 34271, done: false, firstBytes: '00 5c 09 01 41 2f 01 04 81 b3 9f ec 5b fe 00 00'}
logger.js:357 07:37:56.337 [INFO] [moqt:session:object-router] Stream read chunk {readNumber: 16, chunkSize: 2436, totalBytesReceived: 36707, done: false, firstBytes: 'd0 38 8f 8b 14 b8 8e 1f ea f0 53 d6 a7 ea ff 57'}
logger.js:357 07:37:56.340 [INFO] [moqt:session:object-router] Stream read chunk {readNumber: 17, chunkSize: 1218, totalBytesReceived: 37925, done: false, firstBytes: 'dd dc 57 31 cd 02 35 41 53 3a b0 41 df 37 f8 54'}
logger.js:357 07:37:56.341 [INFO] [moqt:session:object-router] Stream read chunk {readNumber: 18, chunkSize: 2308, totalBytesReceived: 40233, done: false, firstBytes: '3c 5f ad fa 9c 08 22 01 46 d7 6b 73 d8 b9 f1 75'}
logger.js:357 07:37:56.341 [DEBUG] [moqt:session:object-router] Looking up subscription by trackAlias {lookupAlias: '0', found: true, knownAliases: Array(1)}
logger.js:357 07:37:56.341 [INFO] [moqt:session:object-router] Delivering object {subscriptionId: 2, groupId: 1812372264, objectId: 5, dataSize: 7177}
logger.js:357 07:37:56.369 [INFO] [moqt:session:object-router] Stream read chunk {readNumber: 19, chunkSize: 1218, totalBytesReceived: 41451, done: false, firstBytes: '00 57 e0 01 41 30 01 04 81 b4 1f 44 57 d5 00 00'}
logger.js:357 07:37:56.369 [INFO] [moqt:session:object-router] Stream read chunk {readNumber: 20, chunkSize: 1176, totalBytesReceived: 42627, done: false, firstBytes: 'd8 df 16 5e b8 92 5a f3 7b 9d 43 31 12 9d f3 ee'}
logger.js:357 07:37:56.370 [INFO] [moqt:session:object-router] Stream read chunk {readNumber: 21, chunkSize: 1260, totalBytesReceived: 43887, done: false, firstBytes: '4b eb ad cc 4b fd 51 df 82 2d f7 c5 38 25 1a a6'}
logger.js:357 07:37:56.374 [INFO] [moqt:session:object-router] Stream read chunk {readNumber: 22, chunkSize: 2461, totalBytesReceived: 46348, done: false, firstBytes: '5d 7b 3b e2 95 e6 9c 11 89 fb 43 8c ed ed db 51'}
logger.js:357 07:37:56.374 [DEBUG] [moqt:session:object-router] Looking up subscription by trackAlias {lookupAlias: '0', found: true, knownAliases: Array(1)}
logger.js:357 07:37:56.374 [INFO] [moqt:session:object-router] Delivering object {subscriptionId: 2, groupId: 1812372264, objectId: 6, dataSize: 6112}
VideoRenderer.tsx:84 [VideoRenderer] Rendering stats {framesRendered: 240, frameWidth: 1920, frameHeight: 1080, timestamp: 302000}
logger.js:357 07:37:56.405 [INFO] [moqt:session:object-router] Stream read chunk {readNumber: 23, chunkSize: 1218, totalBytesReceived: 47566, done: false, firstBytes: '00 54 8b 01 41 31 01 04 81 b4 a4 dc 54 80 00 00'}
logger.js:357 07:37:56.410 [INFO] [moqt:session:object-router] Stream read chunk {readNumber: 24, chunkSize: 4044, totalBytesReceived: 51610, done: false, firstBytes: '34 4b fd e1 21 e0 af 57 57 ee fc 45 da 72 87 81'}
logger.js:357 07:37:56.410 [DEBUG] [moqt:session:object-router] Looking up subscription by trackAlias {lookupAlias: '0', found: true, knownAliases: Array(1)}
logger.js:357 07:37:56.410 [INFO] [moqt:session:object-router] Delivering object {subscriptionId: 2, groupId: 1812372264, objectId: 7, dataSize: 5259}
logger.js:357 07:37:56.442 [INFO] [moqt:session:object-router] Stream read chunk {readNumber: 25, chunkSize: 1218, totalBytesReceived: 52828, done: false, firstBytes: '00 5a bc 01 41 32 01 04 81 b5 2f 88 5a b1 00 00'}
logger.js:357 07:37:56.445 [INFO] [moqt:session:object-router] Stream read chunk {readNumber: 26, chunkSize: 5629, totalBytesReceived: 58457, done: false, firstBytes: '62 b9 84 78 a5 fa d4 41 d6 15 82 7f 07 1a 14 f2'}
logger.js:357 07:37:56.445 [DEBUG] [moqt:session:object-router] Looking up subscription by trackAlias {lookupAlias: '0', found: true, knownAliases: Array(1)}
logger.js:357 07:37:56.445 [INFO] [moqt:session:object-router] Delivering object {subscriptionId: 2, groupId: 1812372264, objectId: 8, dataSize: 6844}
logger.js:357 07:37:56.466 [INFO] [moqt:session:object-router] Stream read chunk {readNumber: 27, chunkSize: 2436, totalBytesReceived: 60893, done: false, firstBytes: '00 57 67 01 41 33 01 04 81 b5 a6 48 57 5c 00 00'}
logger.js:357 07:37:56.469 [INFO] [moqt:session:object-router] Stream read chunk {readNumber: 28, chunkSize: 1218, totalBytesReceived: 62111, done: false, firstBytes: '3e 9f ac 5f a8 ee af 1a 2f 57 fa a8 a1 24 e2 5f'}
logger.js:357 07:37:56.471 [INFO] [moqt:session:object-router] Stream read chunk {readNumber: 29, chunkSize: 1218, totalBytesReceived: 63329, done: false, firstBytes: 'ff d0 4b dd fe 05 20 6f e1 7c 4b e7 25 67 5c eb'}
logger.js:357 07:37:56.477 [INFO] [moqt:session:object-router] Stream read chunk {readNumber: 30, chunkSize: 1122, totalBytesReceived: 64451, done: false, firstBytes: '2f 6e 00 4f 70 09 00 22 bf 47 07 80 fd e7 7a eb'}
logger.js:357 07:37:56.477 [DEBUG] [moqt:session:object-router] Looking up subscription by trackAlias {lookupAlias: '0', found: true, knownAliases: Array(1)}
logger.js:357 07:37:56.477 [INFO] [moqt:session:object-router] Delivering object {subscriptionId: 2, groupId: 1812372264, objectId: 9, dataSize: 5991}
logger.js:357 07:37:56.504 [INFO] [moqt:session:object-router] Stream read chunk {readNumber: 31, chunkSize: 1085, totalBytesReceived: 65536, done: false, firstBytes: '00 57 d4 01 41 34 01 04 81 b6 37 34 57 c9 00 00'}
logger.js:357 07:37:56.510 [INFO] [moqt:session:object-router] Stream read chunk {readNumber: 32, chunkSize: 4872, totalBytesReceived: 70408, done: false, firstBytes: '26 0d 7f 5a be af 34 fe e2 ea ba f1 47 5b eb d5'}
logger.js:357 07:37:56.516 [INFO] [moqt:session:object-router] Stream read chunk {readNumber: 33, chunkSize: 146, totalBytesReceived: 70554, done: false, firstBytes: '09 2f d8 d9 e6 89 f4 af f8 2e af d1 5b ea a6 e5'}
logger.js:357 07:37:56.516 [DEBUG] [moqt:session:object-router] Looking up subscription by trackAlias {lookupAlias: '0', found: true, knownAliases: Array(1)}
logger.js:357 07:37:56.516 [INFO] [moqt:session:object-router] Delivering object {subscriptionId: 2, groupId: 1812372264, objectId: 10, dataSize: 6100}
logger.js:357 07:37:56.532 [INFO] [moqt:session:object-router] Stream read chunk {readNumber: 34, chunkSize: 1218, totalBytesReceived: 71772, done: false, firstBytes: '00 67 ab 01 41 35 01 04 81 b6 a5 5c 67 a0 00 00'}
logger.js:357 07:37:56.533 [INFO] [moqt:session:object-router] Stream read chunk {readNumber: 35, chunkSize: 1176, totalBytesReceived: 72948, done: false, firstBytes: 'b1 67 ec 47 9d 7e bd f5 e8 9e bd 37 57 be af 27'}
logger.js:357 07:37:56.533 [INFO] [moqt:session:object-router] Stream read chunk {readNumber: 36, chunkSize: 1260, totalBytesReceived: 74208, done: false, firstBytes: '77 89 da 2f 7d dd f5 ef af 42 47 5a 3f 28 8e 23'}
logger.js:357 07:37:56.535 [INFO] [moqt:session:object-router] Stream read chunk {readNumber: 37, chunkSize: 2436, totalBytesReceived: 76644, done: false, firstBytes: 'aa b4 0f 46 b7 d2 f1 32 8e 24 34 03 29 1f c0 3f'}
logger.js:357 07:37:56.537 [INFO] [moqt:session:object-router] Stream read chunk {readNumber: 38, chunkSize: 1218, totalBytesReceived: 77862, done: false, firstBytes: '42 67 fe ba 48 47 45 fd dc 3d 13 4d f1 fb f8 af'}
logger.js:357 07:37:56.545 [INFO] [moqt:session:object-router] Stream read chunk {readNumber: 39, chunkSize: 2850, totalBytesReceived: 80712, done: false, firstBytes: '0a 2a ba f7 c7 3b 7d 8a c2 33 d6 f8 58 41 3d f8'}
logger.js:357 07:37:56.545 [DEBUG] [moqt:session:object-router] Looking up subscription by trackAlias {lookupAlias: '0', found: true, knownAliases: Array(1)}
logger.js:357 07:37:56.545 [INFO] [moqt:session:object-router] Delivering object {subscriptionId: 2, groupId: 1812372264, objectId: 11, dataSize: 10155}
logger.js:357 07:37:56.572 [INFO] [moqt:session:object-router] Stream read chunk {readNumber: 40, chunkSize: 3654, totalBytesReceived: 84366, done: false, firstBytes: '00 5c 24 01 41 36 01 04 81 b7 2a 90 5c 19 00 00'}
logger.js:357 07:37:56.574 [INFO] [moqt:session:object-router] Stream read chunk {readNumber: 41, chunkSize: 2436, totalBytesReceived: 86802, done: false, firstBytes: '3e 15 df ef 80 17 08 02 b4 08 bb ba 31 f3 ce b3'}
logger.js:357 07:37:56.574 [INFO] [moqt:session:object-router] Stream read chunk {readNumber: 42, chunkSize: 1117, totalBytesReceived: 87919, done: false, firstBytes: 'e8 aa e7 68 94 7f dd 24 bd b2 7b 8c c1 d4 ae d7'}
logger.js:357 07:37:56.574 [DEBUG] [moqt:session:object-router] Looking up subscription by trackAlias {lookupAlias: '0', found: true, knownAliases: Array(1)}
logger.js:357 07:37:56.574 [INFO] [moqt:session:object-router] Delivering object {subscriptionId: 2, groupId: 1812372264, objectId: 12, dataSize: 7204}
logger.js:357 07:37:56.598 [INFO] [moqt:session:object-router] Stream read chunk {readNumber: 43, chunkSize: 1218, totalBytesReceived: 89137, done: false, firstBytes: '00 62 fe 01 41 37 01 04 81 b7 a9 20 62 f3 00 00'}
logger.js:357 07:37:56.601 [INFO] [moqt:session:object-router] Stream read chunk {readNumber: 44, chunkSize: 2436, totalBytesReceived: 91573, done: false, firstBytes: '62 9d a2 f5 7b eb df 5e 89 ea d3 7f aa 8d e2 f5'}
logger.js:357 07:37:56.602 [INFO] [moqt:session:object-router] Stream read chunk {readNumber: 45, chunkSize: 1218, totalBytesReceived: 92791, done: false, firstBytes: '8f 10 eb 16 48 9c 1b 3e 5f 14 48 87 27 cc c6 03'}
logger.js:357 07:37:56.607 [INFO] [moqt:session:object-router] Stream read chunk {readNumber: 46, chunkSize: 1218, totalBytesReceived: 94009, done: false, firstBytes: '01 7e 00 9a 01 8c 12 f5 df 6d 00 a5 08 80 8e 1a'}
logger.js:357 07:37:56.610 [INFO] [moqt:session:object-router] Stream read chunk {readNumber: 47, chunkSize: 2871, totalBytesReceived: 96880, done: false, firstBytes: 'af 1a 32 26 d5 c7 de ff d6 96 27 b3 c6 21 9c b8'}
logger.js:357 07:37:56.610 [DEBUG] [moqt:session:object-router] Looking up subscription by trackAlias {lookupAlias: '0', found: true, knownAliases: Array(1)}
logger.js:357 07:37:56.610 [INFO] [moqt:session:object-router] Delivering object {subscriptionId: 2, groupId: 1812372264, objectId: 13, dataSize: 8958}
logger.js:357 07:37:56.636 [INFO] [moqt:session:object-router] Stream read chunk {readNumber: 48, chunkSize: 1218, totalBytesReceived: 98098, done: false, firstBytes: '00 5f 5c 01 41 38 01 04 81 b8 35 5c 5f 51 00 00'}
logger.js:357 07:37:56.640 [INFO] [moqt:session:object-router] Stream read chunk {readNumber: 49, chunkSize: 1218, totalBytesReceived: 99316, done: false, firstBytes: '5b 4b d7 bf cb 6a 97 3b 09 5f e9 49 cb d7 ea f8'}
logger.js:357 07:37:56.642 [INFO] [moqt:session:object-router] Stream read chunk {readNumber: 50, chunkSize: 3654, totalBytesReceived: 102970, done: false, firstBytes: '9c 4f f5 ec 43 b4 b8 8b f7 f8 3c 14 23 49 24 91'}
logger.js:357 07:37:56.644 [INFO] [moqt:session:object-router] Stream read chunk {readNumber: 51, chunkSize: 1941, totalBytesReceived: 104911, done: false, firstBytes: '72 6c d7 e1 1d a4 bd 5d cd 8e c9 87 55 88 cb 21'}
logger.js:357 07:37:56.644 [DEBUG] [moqt:session:object-router] Looking up subscription by trackAlias {lookupAlias: '0', found: true, knownAliases: Array(1)}
logger.js:357 07:37:56.644 [INFO] [moqt:session:object-router] Delivering object {subscriptionId: 2, groupId: 1812372264, objectId: 14, dataSize: 8028}
logger.js:357 07:37:56.680 [INFO] [moqt:session:object-router] Stream read chunk {readNumber: 52, chunkSize: 2436, totalBytesReceived: 107347, done: false, firstBytes: '00 5e 76 01 41 39 01 04 81 b8 d8 a4 5e 6b 00 00'}
logger.js:357 07:37:56.681 [INFO] [moqt:session:object-router] Stream read chunk {readNumber: 53, chunkSize: 1218, totalBytesReceived: 108565, done: false, firstBytes: 'ed 62 60 9e a3 34 53 9f c1 ef bf cb de f0 7a af'}
logger.js:357 07:37:56.684 [INFO] [moqt:session:object-router] Stream read chunk {readNumber: 54, chunkSize: 4147, totalBytesReceived: 112712, done: false, firstBytes: '15 e7 f1 24 c9 d6 ab ad 5f 56 c4 73 f5 6a eb e8'}
logger.js:357 07:37:56.684 [DEBUG] [moqt:session:object-router] Looking up subscription by trackAlias {lookupAlias: '0', found: true, knownAliases: Array(1)}
logger.js:357 07:37:56.684 [INFO] [moqt:session:object-router] Delivering object {subscriptionId: 2, groupId: 1812372264, objectId: 15, dataSize: 7798}
logger.js:357 07:37:56.698 [INFO] [moqt:session:object-router] Stream read chunk {readNumber: 55, chunkSize: 2436, totalBytesReceived: 115148, done: false, firstBytes: '00 60 e1 01 41 3a 01 04 81 b9 2c a0 60 d6 00 00'}
logger.js:357 07:37:56.701 [INFO] [moqt:session:object-router] Stream read chunk {readNumber: 56, chunkSize: 1176, totalBytesReceived: 116324, done: false, firstBytes: 'ab 77 fb 83 a1 43 21 40 e4 ed ee e9 4d 76 7c 1d'}
logger.js:357 07:37:56.702 [INFO] [moqt:session:object-router] Stream read chunk {readNumber: 57, chunkSize: 1260, totalBytesReceived: 117584, done: false, firstBytes: 'aa 2f 5f 47 3c 78 e0 55 77 df ef e3 9e 03 c0 02'}
logger.js:357 07:37:56.707 [INFO] [moqt:session:object-router] Stream read chunk {readNumber: 58, chunkSize: 2394, totalBytesReceived: 119978, done: false, firstBytes: '55 5d f1 dd 98 99 ec 19 5a eb b5 de bd f5 eb 46'}
logger.js:357 07:37:56.707 [INFO] [moqt:session:object-router] Stream read chunk {readNumber: 59, chunkSize: 1154, totalBytesReceived: 121132, done: false, firstBytes: '50 59 4d 8d 10 3f d1 8c d6 b5 5b f4 2b 4e 83 11'}
logger.js:357 07:37:56.707 [DEBUG] [moqt:session:object-router] Looking up subscription by trackAlias {lookupAlias: '0', found: true, knownAliases: Array(1)}
logger.js:357 07:37:56.707 [INFO] [moqt:session:object-router] Delivering object {subscriptionId: 2, groupId: 1812372264, objectId: 16, dataSize: 8417}
logger.js:357 07:37:56.731 [INFO] [moqt:session:object-router] Stream read chunk {readNumber: 60, chunkSize: 2436, totalBytesReceived: 123568, done: false, firstBytes: '00 65 74 01 41 3b 01 04 81 b9 b3 64 65 69 00 00'}
logger.js:357 07:37:56.735 [INFO] [moqt:session:object-router] Stream read chunk {readNumber: 61, chunkSize: 1218, totalBytesReceived: 124786, done: false, firstBytes: '71 34 5f 63 90 ef 7d 7a 4d ab 57 56 ae bf fa f6'}
logger.js:357 07:37:56.738 [INFO] [moqt:session:object-router] Stream read chunk {readNumber: 62, chunkSize: 1218, totalBytesReceived: 126004, done: false, firstBytes: 'cb d7 a4 eb 55 d6 a6 3b e7 7c fe 75 88 3e f3 f8'}
logger.js:357 07:37:56.739 [INFO] [moqt:session:object-router] Stream read chunk {readNumber: 63, chunkSize: 1218, totalBytesReceived: 127222, done: false, firstBytes: 'de 2d 9e 2d f5 91 23 12 5e 56 3e 5f 55 ba 10 f5'}
logger.js:357 07:37:56.743 [INFO] [moqt:session:object-router] Stream read chunk {readNumber: 64, chunkSize: 3501, totalBytesReceived: 130723, done: false, firstBytes: 'b6 45 b3 6a b7 de 0c 86 b7 a6 d1 6e 5e 78 26 a8'}
logger.js:357 07:37:56.743 [DEBUG] [moqt:session:object-router] Looking up subscription by trackAlias {lookupAlias: '0', found: true, knownAliases: Array(1)}
logger.js:357 07:37:56.743 [INFO] [moqt:session:object-router] Delivering object {subscriptionId: 2, groupId: 1812372264, objectId: 17, dataSize: 9588}
logger.js:357 07:37:56.766 [INFO] [moqt:session:object-router] Stream read chunk {readNumber: 65, chunkSize: 1567, totalBytesReceived: 132290, done: false, firstBytes: '00 61 b8 01 41 3c 01 04 81 ba 39 60 61 ad 00 00'}
logger.js:357 07:37:56.769 [INFO] [moqt:session:object-router] Stream read chunk {readNumber: 66, chunkSize: 1218, totalBytesReceived: 133508, done: false, firstBytes: 'fd d5 99 87 0f cf d5 fe af 12 29 6b ab 42 1f ea'}
logger.js:357 07:37:56.769 [INFO] [moqt:session:object-router] Stream read chunk {readNumber: 67, chunkSize: 1176, totalBytesReceived: 134684, done: false, firstBytes: 'c8 60 59 d7 dd 6e 7f dc 79 84 f7 d7 cc 61 5e ef'}
logger.js:357 07:37:56.770 [INFO] [moqt:session:object-router] Stream read chunk {readNumber: 68, chunkSize: 1260, totalBytesReceived: 135944, done: false, firstBytes: '72 08 bd c7 97 85 ca c3 b8 4a cc 3f dc c3 4e 00'}
logger.js:357 07:37:56.775 [INFO] [moqt:session:object-router] Stream read chunk {readNumber: 69, chunkSize: 3414, totalBytesReceived: 139358, done: false, firstBytes: 'ac 4c 21 ee cd 9e fd f5 af ad 5f 57 89 a4 5e ee'}
logger.js:357 07:37:56.775 [DEBUG] [moqt:session:object-router] Looking up subscription by trackAlias {lookupAlias: '0', found: true, knownAliases: Array(1)}
logger.js:357 07:37:56.775 [INFO] [moqt:session:object-router] Delivering object {subscriptionId: 2, groupId: 1812372264, objectId: 18, dataSize: 8632}
logger.js:357 07:37:56.803 [INFO] [moqt:session:object-router] Stream read chunk {readNumber: 70, chunkSize: 1218, totalBytesReceived: 140576, done: false, firstBytes: '00 61 3f 01 41 3d 01 04 81 ba c2 e0 61 34 00 00'}
logger.js:357 07:37:56.806 [INFO] [moqt:session:object-router] Stream read chunk {readNumber: 71, chunkSize: 6090, totalBytesReceived: 146666, done: false, firstBytes: '09 1f 72 1d 5d f5 af ad 7d 6b eb 5f 5a fa d7 d6'}
logger.js:357 07:37:56.809 [INFO] [moqt:session:object-router] Stream read chunk {readNumber: 72, chunkSize: 1206, totalBytesReceived: 147872, done: false, firstBytes: '7b ff f4 08 64 ff 54 df 04 79 db e5 f5 ef 82 2a'}
logger.js:357 07:37:56.809 [DEBUG] [moqt:session:object-router] Looking up subscription by trackAlias {lookupAlias: '0', found: true, knownAliases: Array(1)}
logger.js:357 07:37:56.809 [INFO] [moqt:session:object-router] Delivering object {subscriptionId: 2, groupId: 1812372264, objectId: 19, dataSize: 8511}
logger.js:357 07:37:56.847 [INFO] [moqt:session:object-router] Stream read chunk {readNumber: 73, chunkSize: 4872, totalBytesReceived: 152744, done: false, firstBytes: '00 60 38 01 41 3e 01 04 81 bb 43 64 60 2d 00 00'}
logger.js:357 07:37:56.847 [INFO] [moqt:session:object-router] Stream read chunk {readNumber: 74, chunkSize: 2352, totalBytesReceived: 155096, done: false, firstBytes: '01 b0 02 cc 40 4c 23 bd 75 cd de 66 24 37 0a a8'}
logger.js:357 07:37:56.848 [INFO] [moqt:session:object-router] Stream read chunk {readNumber: 75, chunkSize: 1027, totalBytesReceived: 156123, done: false, firstBytes: '00 4f aa 3f f0 0a 90 02 30 04 37 7f b1 d8 2c 3c'}
logger.js:357 07:37:56.848 [DEBUG] [moqt:session:object-router] Looking up subscription by trackAlias {lookupAlias: '0', found: true, knownAliases: Array(1)}
logger.js:357 07:37:56.848 [INFO] [moqt:session:object-router] Delivering object {subscriptionId: 2, groupId: 1812372264, objectId: 20, dataSize: 8248}
logger.js:357 07:37:56.868 [INFO] [moqt:session:object-router] Stream read chunk {readNumber: 76, chunkSize: 1176, totalBytesReceived: 157299, done: false, firstBytes: '00 60 f3 01 41 3f 01 04 81 bb c7 08 60 e8 00 00'}
logger.js:357 07:37:56.869 [INFO] [moqt:session:object-router] Stream read chunk {readNumber: 77, chunkSize: 1260, totalBytesReceived: 158559, done: false, firstBytes: 'de 23 fa d4 64 0f 58 9c 1c 2b 62 37 88 58 24 ea'}
logger.js:357 07:37:56.872 [INFO] [moqt:session:object-router] Stream read chunk {readNumber: 78, chunkSize: 3654, totalBytesReceived: 162213, done: false, firstBytes: 'ee fe d0 c3 86 19 37 e7 e0 9b 85 cf a6 7d 50 b5'}
logger.js:357 07:37:56.885 [INFO] [moqt:session:object-router] Stream read chunk {readNumber: 79, chunkSize: 1218, totalBytesReceived: 163431, done: false, firstBytes: '00 27 a0 4b 7f 5f 8c 1e 00 9d 00 09 1a 09 2e ee'}
logger.js:357 07:37:56.889 [INFO] [moqt:session:object-router] Stream read chunk {readNumber: 80, chunkSize: 1130, totalBytesReceived: 164561, done: false, firstBytes: 'eb b4 6e 59 d8 a9 04 8f d4 d2 e9 44 b9 5e 64 54'}
logger.js:357 07:37:56.889 [DEBUG] [moqt:session:object-router] Looking up subscription by trackAlias {lookupAlias: '0', found: true, knownAliases: Array(1)}
logger.js:357 07:37:56.889 [INFO] [moqt:session:object-router] Delivering object {subscriptionId: 2, groupId: 1812372264, objectId: 21, dataSize: 8435}
logger.js:357 07:37:56.905 [INFO] [moqt:session:object-router] Stream read chunk {readNumber: 81, chunkSize: 1210, totalBytesReceived: 165771, done: false, firstBytes: '00 60 79 01 41 40 01 04 81 bc 50 88 60 6e 00 00'}
logger.js:357 07:37:56.908 [INFO] [moqt:session:object-router] Stream read chunk {readNumber: 82, chunkSize: 4872, totalBytesReceived: 170643, done: false, firstBytes: 'fd 5e 1b eb d9 fb 1c af d5 d6 b1 04 cc 29 eb ad'}
logger.js:357 07:37:56.909 [INFO] [moqt:session:object-router] Stream read chunk {readNumber: 83, chunkSize: 1218, totalBytesReceived: 171861, done: false, firstBytes: '78 9e 3b 39 26 f1 7a b1 8b 50 7d 8d 8a c5 f4 28'}
logger.js:357 07:37:56.916 [INFO] [moqt:session:object-router] Stream read chunk {readNumber: 84, chunkSize: 1016, totalBytesReceived: 172877, done: false, firstBytes: '4a e9 37 96 ea f8 c8 8b b7 df ee f9 6f cd cd df'}
logger.js:357 07:37:56.917 [DEBUG] [moqt:session:object-router] Looking up subscription by trackAlias {lookupAlias: '0', found: true, knownAliases: Array(1)}
logger.js:357 07:37:56.917 [INFO] [moqt:session:object-router] Delivering object {subscriptionId: 2, groupId: 1812372264, objectId: 22, dataSize: 8313}
logger.js:357 07:37:56.937 [INFO] [moqt:session:object-router] Stream read chunk {readNumber: 85, chunkSize: 2436, totalBytesReceived: 175313, done: false, firstBytes: '00 5f bf 01 41 41 01 04 81 bc c7 ac 5f b4 00 00'}
logger.js:357 07:37:56.940 [INFO] [moqt:session:object-router] Stream read chunk {readNumber: 86, chunkSize: 2436, totalBytesReceived: 177749, done: false, firstBytes: '5b 10 73 df 7d e1 76 4b bf 17 97 b9 8a d9 be 09'}
logger.js:357 07:37:56.942 [INFO] [moqt:session:object-router] Stream read chunk {readNumber: 87, chunkSize: 3258, totalBytesReceived: 181007, done: false, firstBytes: 'c7 f0 02 6f 80 53 55 1c fc 13 d4 5e b5 e9 71 c4'}
logger.js:357 07:37:56.942 [DEBUG] [moqt:session:object-router] Looking up subscription by trackAlias {lookupAlias: '0', found: true, knownAliases: Array(1)}
logger.js:357 07:37:56.942 [INFO] [moqt:session:object-router] Delivering object {subscriptionId: 2, groupId: 1812372264, objectId: 23, dataSize: 8127}
logger.js:357 07:37:56.971 [INFO] [moqt:session:object-router] Stream read chunk {readNumber: 88, chunkSize: 1218, totalBytesReceived: 182225, done: false, firstBytes: '00 5d 98 01 41 42 01 04 81 bd 48 f8 5d 8d 00 00'}
logger.js:357 07:37:56.978 [INFO] [moqt:session:object-router] Stream read chunk {readNumber: 89, chunkSize: 6361, totalBytesReceived: 188586, done: false, firstBytes: '97 bc dc d7 eb ad 43 1d 5e 1a 3b c7 09 79 fa d5'}
logger.js:357 07:37:56.978 [DEBUG] [moqt:session:object-router] Looking up subscription by trackAlias {lookupAlias: '0', found: true, knownAliases: Array(1)}
logger.js:357 07:37:56.978 [INFO] [moqt:session:object-router] Delivering object {subscriptionId: 2, groupId: 1812372264, objectId: 24, dataSize: 7576}
logger.js:357 07:37:57.003 [INFO] [moqt:session:object-router] Stream read chunk {readNumber: 90, chunkSize: 1176, totalBytesReceived: 189762, done: false, firstBytes: '00 5e f2 01 41 43 01 04 81 bd ce f4 5e e7 00 00'}
logger.js:357 07:37:57.005 [INFO] [moqt:session:object-router] Stream read chunk {readNumber: 91, chunkSize: 2478, totalBytesReceived: 192240, done: false, firstBytes: '56 88 81 4b 0e f5 af ad 47 1d e2 0e f1 a7 77 42'}
logger.js:357 07:37:57.014 [INFO] [moqt:session:object-router] Stream read chunk {readNumber: 92, chunkSize: 2352, totalBytesReceived: 194592, done: false, firstBytes: '28 ad fb eb 5f 7d e2 3a d4 cb 51 5d fb 7f 56 85'}
logger.js:357 07:37:57.016 [INFO] [moqt:session:object-router] Stream read chunk {readNumber: 93, chunkSize: 1302, totalBytesReceived: 195894, done: false, firstBytes: 'b1 26 ae 3f fd 93 00 c0 41 45 dd ef e2 e0 10 a0'}
logger.js:357 07:37:57.021 [INFO] [moqt:session:object-router] Stream read chunk {readNumber: 94, chunkSize: 617, totalBytesReceived: 196511, done: false, firstBytes: '4f 27 7e aa 0a 26 af 2f 2f 7a 88 9b dd 08 7a e2'}
logger.js:357 07:37:57.022 [DEBUG] [moqt:session:object-router] Looking up subscription by trackAlias {lookupAlias: '0', found: true, knownAliases: Array(1)}
logger.js:357 07:37:57.022 [INFO] [moqt:session:object-router] Delivering object {subscriptionId: 2, groupId: 1812372264, objectId: 25, dataSize: 7922}
logger.js:357 07:37:57.040 [INFO] [moqt:session:object-router] Stream read chunk {readNumber: 95, chunkSize: 7405, totalBytesReceived: 203916, done: false, firstBytes: '00 5f f7 01 41 44 01 04 81 be 4f 78 5f ec 00 00'}
logger.js:357 07:37:57.041 [INFO] [moqt:session:object-router] Stream read chunk {readNumber: 96, chunkSize: 781, totalBytesReceived: 204697, done: false, firstBytes: 'c9 fc 11 df cb eb d7 cd d7 43 4d 82 7d fe d6 fa'}
logger.js:357 07:37:57.042 [DEBUG] [moqt:session:object-router] Looking up subscription by trackAlias {lookupAlias: '0', found: true, knownAliases: Array(1)}
logger.js:357 07:37:57.042 [INFO] [moqt:session:object-router] Delivering object {subscriptionId: 2, groupId: 1812372264, objectId: 26, dataSize: 8183}
logger.js:357 07:37:57.077 [INFO] [moqt:session:object-router] Stream read chunk {readNumber: 97, chunkSize: 2436, totalBytesReceived: 207133, done: false, firstBytes: '00 60 01 01 41 45 01 04 81 be f3 88 5f f6 00 00'}
logger.js:357 07:37:57.081 [INFO] [moqt:session:object-router] Stream read chunk {readNumber: 98, chunkSize: 2436, totalBytesReceived: 209569, done: false, firstBytes: 'f7 ef 6a df 5e be b5 2f 57 ae ef fd 56 25 53 9d'}
logger.js:357 07:37:57.081 [INFO] [moqt:session:object-router] Stream read chunk {readNumber: 99, chunkSize: 1176, totalBytesReceived: 210745, done: false, firstBytes: '2b c7 f0 e2 04 7d 63 b1 ce 29 73 57 a2 6d d3 af'}
logger.js:357 07:37:57.081 [INFO] [moqt:session:object-router] Stream read chunk {readNumber: 100, chunkSize: 1260, totalBytesReceived: 212005, done: false, firstBytes: 'a9 c5 10 28 88 9c 11 c7 39 df b7 3c 17 4e e2 be'}
logger.js:357 07:37:57.090 [INFO] [moqt:session:object-router] Stream read chunk {readNumber: 101, chunkSize: 888, totalBytesReceived: 212893, done: false, firstBytes: 'ef f9 6b 5f 8a f5 eb e4 eb f2 df 8d 3a df 57 fa'}
logger.js:357 07:37:57.090 [DEBUG] [moqt:session:object-router] Looking up subscription by trackAlias {lookupAlias: '0', found: true, knownAliases: Array(1)}
logger.js:357 07:37:57.090 [INFO] [moqt:session:object-router] Delivering object {subscriptionId: 2, groupId: 1812372264, objectId: 27, dataSize: 8193}
logger.js:357 07:37:57.102 [INFO] [moqt:session:object-router] Stream read chunk {readNumber: 102, chunkSize: 3654, totalBytesReceived: 216547, done: false, firstBytes: '00 5c 1e 01 41 46 01 04 81 bf 4f 54 5c 13 00 00'}
logger.js:357 07:37:57.104 [INFO] [moqt:session:object-router] Stream read chunk {readNumber: 103, chunkSize: 1218, totalBytesReceived: 217765, done: false, firstBytes: '7e a2 e2 42 7d f5 bf 93 7e 25 c4 b9 4c 2b 12 10'}
logger.js:357 07:37:57.107 [INFO] [moqt:session:object-router] Stream read chunk {readNumber: 104, chunkSize: 1176, totalBytesReceived: 218941, done: false, firstBytes: '4c fb 8a ea 71 3c ee da 14 e9 d2 92 13 bf 5a c4'}
logger.js:357 07:37:57.108 [INFO] [moqt:session:object-router] Stream read chunk {readNumber: 105, chunkSize: 1153, totalBytesReceived: 220094, done: false, firstBytes: 'ce 4b e8 fd 3f 9b 5f cb 5a ae f7 cd ed 78 bf 35'}
logger.js:357 07:37:57.108 [DEBUG] [moqt:session:object-router] Looking up subscription by trackAlias {lookupAlias: '0', found: true, knownAliases: Array(1)}
logger.js:357 07:37:57.108 [INFO] [moqt:session:object-router] Delivering object {subscriptionId: 2, groupId: 1812372264, objectId: 28, dataSize: 7198}
logger.js:357 07:37:57.140 [INFO] [moqt:session:object-router] Stream read chunk {readNumber: 106, chunkSize: 4872, totalBytesReceived: 224966, done: false, firstBytes: '00 5f 30 01 41 47 01 04 81 bf d8 d4 5f 25 00 00'}
logger.js:357 07:37:57.140 [INFO] [moqt:session:object-router] Stream read chunk {readNumber: 107, chunkSize: 2436, totalBytesReceived: 227402, done: false, firstBytes: '7b 57 cd a7 d3 ca d0 a7 85 15 78 e0 ff d8 0f b0'}
logger.js:357 07:37:57.142 [INFO] [moqt:session:object-router] Stream read chunk {readNumber: 108, chunkSize: 679, totalBytesReceived: 228081, done: false, firstBytes: 'fe f5 fd 6b eb 5f 5a 90 ef 37 5b e2 57 3e 56 22'}
logger.js:357 07:37:57.142 [DEBUG] [moqt:session:object-router] Looking up subscription by trackAlias {lookupAlias: '0', found: true, knownAliases: Array(1)}
logger.js:357 07:37:57.142 [INFO] [moqt:session:object-router] Delivering object {subscriptionId: 2, groupId: 1812372264, objectId: 29, dataSize: 7984}
logger.js:357 07:37:57.170 [INFO] [moqt:session:object-router] Stream read chunk {readNumber: 109, chunkSize: 1218, totalBytesReceived: 229299, done: false, firstBytes: '00 5f 57 01 41 48 01 04 81 c0 55 d4 5f 4c 00 00'}
logger.js:357 07:37:57.177 [INFO] [moqt:session:object-router] Stream read chunk {readNumber: 110, chunkSize: 6808, totalBytesReceived: 236107, done: false, firstBytes: '0b 17 01 05 97 ab 7d 5a fa b7 d5 a7 ea df a8 1e'}
logger.js:357 07:37:57.177 [DEBUG] [moqt:session:object-router] Looking up subscription by trackAlias {lookupAlias: '0', found: true, knownAliases: Array(1)}
logger.js:357 07:37:57.177 [INFO] [moqt:session:object-router] Delivering object {subscriptionId: 2, groupId: 1812372264, objectId: 30, dataSize: 8023}
logger.js:357 07:37:57.209 [INFO] [moqt:session:object-router] Stream read chunk {readNumber: 111, chunkSize: 3654, totalBytesReceived: 239761, done: false, firstBytes: '00 5d d5 01 41 49 01 04 81 c0 db 08 5d ca 00 00'}
logger.js:357 07:37:57.213 [INFO] [moqt:session:object-router] Stream read chunk {readNumber: 112, chunkSize: 2436, totalBytesReceived: 242197, done: false, firstBytes: 'bc 51 38 e7 f6 2b 2f 8e 24 fe b1 64 b6 f9 f1 2a'}
logger.js:357 07:37:57.214 [INFO] [moqt:session:object-router] Stream read chunk {readNumber: 113, chunkSize: 1550, totalBytesReceived: 243747, done: false, firstBytes: 'b5 09 81 10 42 f7 04 d5 7b eb fc eb 47 db 8e 72'}
logger.js:357 07:37:57.214 [DEBUG] [moqt:session:object-router] Looking up subscription by trackAlias {lookupAlias: '0', found: true, knownAliases: Array(1)}
logger.js:357 07:37:57.214 [INFO] [moqt:session:object-router] Delivering object {subscriptionId: 2, groupId: 1812372264, objectId: 31, dataSize: 7637}
logger.js:357 07:37:57.236 [INFO] [moqt:session:object-router] Stream read chunk {readNumber: 114, chunkSize: 3654, totalBytesReceived: 247401, done: false, firstBytes: '00 67 a2 01 41 4a 01 04 81 c1 5b f0 67 97 00 00'}
logger.js:357 07:37:57.243 [INFO] [moqt:session:object-router] Stream read chunk {readNumber: 115, chunkSize: 6090, totalBytesReceived: 253491, done: false, firstBytes: 'a8 9e 6f 43 f1 9e eb 77 dd a4 95 df 1a 50 87 2e'}
logger.js:357 07:37:57.244 [INFO] [moqt:session:object-router] Stream read chunk {readNumber: 116, chunkSize: 405, totalBytesReceived: 253896, done: false, firstBytes: 'a2 0f df ab de fa 8b 29 d4 89 f0 45 7f 5b 49 17'}
logger.js:357 07:37:57.244 [DEBUG] [moqt:session:object-router] Looking up subscription by trackAlias {lookupAlias: '0', found: true, knownAliases: Array(1)}
logger.js:357 07:37:57.244 [INFO] [moqt:session:object-router] Delivering object {subscriptionId: 2, groupId: 1812372264, objectId: 32, dataSize: 10146}
logger.js:357 07:37:57.244 [DEBUG] [moqt:media:video-decoder] Video decode stats {instanceId: 1, framesDecoded: 270, width: 1920, height: 1080}
logger.js:357 07:37:57.270 [INFO] [moqt:session:object-router] Stream read chunk {readNumber: 117, chunkSize: 1218, totalBytesReceived: 255114, done: false, firstBytes: '00 5f 8a 01 41 4b 01 04 81 c1 e5 d4 5f 7f 00 00'}
logger.js:357 07:37:57.275 [INFO] [moqt:session:object-router] Stream read chunk {readNumber: 118, chunkSize: 3612, totalBytesReceived: 258726, done: false, firstBytes: 'a2 73 c0 81 d7 a2 7a f5 75 e8 57 06 b3 0a 5c 47'}
logger.js:357 07:37:57.277 [INFO] [moqt:session:object-router] Stream read chunk {readNumber: 119, chunkSize: 1260, totalBytesReceived: 259986, done: false, firstBytes: '90 e4 c6 75 7d 47 c5 02 79 7e 21 62 21 61 74 77'}
logger.js:357 07:37:57.279 [INFO] [moqt:session:object-router] Stream read chunk {readNumber: 120, chunkSize: 1176, totalBytesReceived: 261162, done: false, firstBytes: '80 a9 13 be be 82 28 24 65 c8 86 58 06 70 00 90'}
logger.js:357 07:37:57.280 [INFO] [moqt:session:object-router] Stream read chunk {readNumber: 121, chunkSize: 811, totalBytesReceived: 261973, done: false, firstBytes: 'e9 bb 7c bd 64 e2 f7 e9 44 b0 e5 04 97 e8 b3 76'}
logger.js:357 07:37:57.280 [DEBUG] [moqt:session:object-router] Looking up subscription by trackAlias {lookupAlias: '0', found: true, knownAliases: Array(1)}
logger.js:357 07:37:57.280 [INFO] [moqt:session:object-router] Delivering object {subscriptionId: 2, groupId: 1812372264, objectId: 33, dataSize: 8074}
logger.js:357 07:37:57.291 [DEBUG] [moqt:media:subscribe-pipeline] Video arbiter stats {activeGroup: 1812372264, groupCount: 3, framesOutput: 271, groupsCompleted: 2, groupsSkipped: 0}
logger.js:357 07:37:57.304 [INFO] [moqt:session:object-router] Stream read chunk {readNumber: 122, chunkSize: 171, totalBytesReceived: 262144, done: false, firstBytes: '00 64 37 01 41 4c 01 04 81 c2 6c fc 64 2c 00 00'}
logger.js:357 07:37:57.304 [INFO] [moqt:session:object-router] Stream read chunk {readNumber: 123, chunkSize: 1218, totalBytesReceived: 263362, done: false, firstBytes: '3a bb 10 f2 75 7c fe 77 ce f3 75 e9 7a bf d5 e2'}
logger.js:357 07:37:57.307 [INFO] [moqt:session:object-router] Stream read chunk {readNumber: 124, chunkSize: 1218, totalBytesReceived: 264580, done: false, firstBytes: 'a7 ea ff 57 97 ab 7d 54 2e 77 71 1d 7a 20 53 8a'}
logger.js:357 07:37:57.311 [INFO] [moqt:session:object-router] Stream read chunk {readNumber: 125, chunkSize: 6667, totalBytesReceived: 271247, done: false, firstBytes: 'cd 7e b7 20 c2 6f 57 04 b5 fb f0 fa a9 4f d1 d6'}
logger.js:357 07:37:57.311 [DEBUG] [moqt:session:object-router] Looking up subscription by trackAlias {lookupAlias: '0', found: true, knownAliases: Array(1)}
logger.js:357 07:37:57.311 [INFO] [moqt:session:object-router] Delivering object {subscriptionId: 2, groupId: 1812372264, objectId: 34, dataSize: 9271}
logger.js:357 07:37:57.336 [INFO] [moqt:session:object-router] Stream read chunk {readNumber: 126, chunkSize: 1218, totalBytesReceived: 272465, done: false, firstBytes: '00 5f 9a 01 41 4d 01 04 81 c2 e6 dc 5f 8f 00 00'}
logger.js:357 07:37:57.336 [INFO] [moqt:session:object-router] Stream read chunk {readNumber: 127, chunkSize: 1218, totalBytesReceived: 273683, done: false, firstBytes: '30 dc 1e 71 5e 2b 73 60 ba ba f7 d5 fe af 19 83'}
logger.js:357 07:37:57.342 [INFO] [moqt:session:object-router] Stream read chunk {readNumber: 128, chunkSize: 4872, totalBytesReceived: 278555, done: false, firstBytes: '93 92 66 e9 d7 fc 25 da eb f1 dd f7 fa de 90 8b'}
logger.js:357 07:37:57.342 [INFO] [moqt:session:object-router] Stream read chunk {readNumber: 129, chunkSize: 785, totalBytesReceived: 279340, done: false, firstBytes: 'bc 46 b1 5b 71 44 93 23 54 2b 45 7c c0 5b 36 66'}
logger.js:357 07:37:57.342 [DEBUG] [moqt:session:object-router] Looking up subscription by trackAlias {lookupAlias: '0', found: true, knownAliases: Array(1)}
logger.js:357 07:37:57.342 [INFO] [moqt:session:object-router] Delivering object {subscriptionId: 2, groupId: 1812372264, objectId: 35, dataSize: 8090}
logger.js:357 07:37:57.374 [INFO] [moqt:session:object-router] Stream read chunk {readNumber: 130, chunkSize: 3654, totalBytesReceived: 282994, done: false, firstBytes: '00 62 3d 01 41 4e 01 04 81 c3 64 a4 62 32 00 00'}
logger.js:357 07:37:57.377 [INFO] [moqt:session:object-router] Stream read chunk {readNumber: 131, chunkSize: 5114, totalBytesReceived: 288108, done: false, firstBytes: '2d f0 1c 20 93 d5 1c 00 f0 49 11 ea aa ab 14 49'}
logger.js:357 07:37:57.377 [DEBUG] [moqt:session:object-router] Looking up subscription by trackAlias {lookupAlias: '0', found: true, knownAliases: Array(1)}
logger.js:357 07:37:57.377 [INFO] [moqt:session:object-router] Delivering object {subscriptionId: 2, groupId: 1812372264, objectId: 36, dataSize: 8765}
VideoRenderer.tsx:84 [VideoRenderer] Rendering stats {framesRendered: 270, frameWidth: 1920, frameHeight: 1080, timestamp: 332000}
logger.js:357 07:37:57.417 [INFO] [moqt:session:object-router] Stream read chunk {readNumber: 132, chunkSize: 3654, totalBytesReceived: 291762, done: false, firstBytes: '00 63 94 01 41 4f 01 04 81 c4 09 e0 63 89 00 00'}
logger.js:357 07:37:57.419 [INFO] [moqt:session:object-router] Stream read chunk {readNumber: 133, chunkSize: 1218, totalBytesReceived: 292980, done: false, firstBytes: 'ef 9f b4 f9 9a 14 ea 88 de c2 7d 6d cc c7 3c 11'}
logger.js:357 07:37:57.421 [INFO] [moqt:session:object-router] Stream read chunk {readNumber: 134, chunkSize: 1176, totalBytesReceived: 294156, done: false, firstBytes: 'c1 4d 47 df 0a 77 f5 7d 62 e2 e2 e8 da c0 33 a0'}
logger.js:357 07:37:57.421 [INFO] [moqt:session:object-router] Stream read chunk {readNumber: 135, chunkSize: 1260, totalBytesReceived: 295416, done: false, firstBytes: 'f1 44 2b cf 0b 3d b1 9c 43 49 9a 3a 3d 10 e1 6b'}
logger.js:357 07:37:57.422 [INFO] [moqt:session:object-router] Stream read chunk {readNumber: 136, chunkSize: 1803, totalBytesReceived: 297219, done: false, firstBytes: 'cc 99 e6 04 bf b5 e7 7e 7a 54 ea 30 df 5e d5 82'}
logger.js:357 07:37:57.422 [DEBUG] [moqt:session:object-router] Looking up subscription by trackAlias {lookupAlias: '0', found: true, knownAliases: Array(1)}
logger.js:357 07:37:57.422 [INFO] [moqt:session:object-router] Delivering object {subscriptionId: 2, groupId: 1812372264, objectId: 37, dataSize: 9108}
logger.js:357 07:37:57.432 [INFO] [moqt:session:object-router] Stream read chunk {readNumber: 137, chunkSize: 2436, totalBytesReceived: 299655, done: false, firstBytes: '00 5d 75 01 41 50 01 04 81 c4 60 34 5d 6a 00 00'}
logger.js:357 07:37:57.437 [INFO] [moqt:session:object-router] Stream read chunk {readNumber: 138, chunkSize: 2436, totalBytesReceived: 302091, done: false, firstBytes: '3b ee f9 5f cd bb bf 96 fd 73 6b ae 12 df d6 d7'}
logger.js:357 07:37:57.448 [INFO] [moqt:session:object-router] Stream read chunk {readNumber: 139, chunkSize: 2436, totalBytesReceived: 304527, done: false, firstBytes: '84 02 6a 93 b1 ff 09 5d f7 ea 71 42 fd 72 77 f3'}
logger.js:357 07:37:57.452 [INFO] [moqt:session:object-router] Stream read chunk {readNumber: 140, chunkSize: 236, totalBytesReceived: 304763, done: false, firstBytes: '47 70 ee 3c 42 df 2f 5f ab 7d 5b 75 38 23 f4 da'}
logger.js:357 07:37:57.452 [DEBUG] [moqt:session:object-router] Looking up subscription by trackAlias {lookupAlias: '0', found: true, knownAliases: Array(1)}
logger.js:357 07:37:57.453 [INFO] [moqt:session:object-router] Delivering object {subscriptionId: 2, groupId: 1812372264, objectId: 38, dataSize: 7541}
logger.js:357 07:37:57.468 [INFO] [moqt:session:object-router] Stream read chunk {readNumber: 141, chunkSize: 2436, totalBytesReceived: 307199, done: false, firstBytes: '00 66 3e 01 41 51 01 04 81 c4 ed 9c 66 33 00 00'}
logger.js:357 07:37:57.470 [INFO] [moqt:session:object-router] Stream read chunk {readNumber: 142, chunkSize: 2436, totalBytesReceived: 309635, done: false, firstBytes: '77 9f 9b d3 f0 47 dd de fa f7 c5 7a 77 d0 af 11'}
logger.js:357 07:37:57.477 [INFO] [moqt:session:object-router] Stream read chunk {readNumber: 143, chunkSize: 3654, totalBytesReceived: 313289, done: false, firstBytes: 'b1 e7 a9 3d fd fe 33 d1 35 4f 64 83 95 8a 5f 08'}
logger.js:357 07:37:57.482 [INFO] [moqt:session:object-router] Stream read chunk {readNumber: 144, chunkSize: 1218, totalBytesReceived: 314507, done: false, firstBytes: '37 56 5b db 35 1b 0b 07 31 1a fd 7d 5a 78 fd 73'}
logger.js:357 07:37:57.488 [INFO] [moqt:session:object-router] Stream read chunk {readNumber: 145, chunkSize: 49, totalBytesReceived: 314556, done: false, firstBytes: 'c3 18 87 78 9d fd e6 f5 42 34 fc b7 bf cf 5f b7'}
logger.js:357 07:37:57.489 [DEBUG] [moqt:session:object-router] Looking up subscription by trackAlias {lookupAlias: '0', found: true, knownAliases: Array(1)}
logger.js:357 07:37:57.489 [INFO] [moqt:session:object-router] Delivering object {subscriptionId: 2, groupId: 1812372264, objectId: 39, dataSize: 9790}
logger.js:357 07:37:57.504 [INFO] [moqt:session:object-router] Stream read chunk {readNumber: 146, chunkSize: 4872, totalBytesReceived: 319428, done: false, firstBytes: '00 5e 3c 01 41 52 01 04 81 c5 6d 58 5e 31 00 00'}
logger.js:357 07:37:57.505 [INFO] [moqt:session:object-router] Stream read chunk {readNumber: 147, chunkSize: 1218, totalBytesReceived: 320646, done: false, firstBytes: '4f ef 49 de 99 4c 4e 42 e3 bf c2 82 71 46 93 be'}
logger.js:357 07:37:57.508 [INFO] [moqt:session:object-router] Stream read chunk {readNumber: 148, chunkSize: 1653, totalBytesReceived: 322299, done: false, firstBytes: '58 9b 77 af ea f1 44 a5 82 e1 a0 86 2f 5b 66 f2'}
logger.js:357 07:37:57.509 [DEBUG] [moqt:session:object-router] Looking up subscription by trackAlias {lookupAlias: '0', found: true, knownAliases: Array(1)}
logger.js:357 07:37:57.509 [INFO] [moqt:session:object-router] Delivering object {subscriptionId: 2, groupId: 1812372264, objectId: 40, dataSize: 7740}
logger.js:357 07:37:57.536 [INFO] [moqt:session:object-router] Stream read chunk {readNumber: 149, chunkSize: 1218, totalBytesReceived: 323517, done: false, firstBytes: '00 5c 1a 01 41 53 01 04 81 c5 f1 60 5c 0f 00 00'}
logger.js:357 07:37:57.537 [INFO] [moqt:session:object-router] Stream read chunk {readNumber: 150, chunkSize: 1218, totalBytesReceived: 324735, done: false, firstBytes: '42 e2 1f 14 ee 6c 0e 94 23 98 ea e6 c1 84 74 0a'}
logger.js:357 07:37:57.541 [INFO] [moqt:session:object-router] Stream read chunk {readNumber: 151, chunkSize: 4761, totalBytesReceived: 329496, done: false, firstBytes: 'ef bc a5 ad f1 f2 7a f8 9a fa ea 9d c2 62 f6 38'}
logger.js:357 07:37:57.541 [DEBUG] [moqt:session:object-router] Looking up subscription by trackAlias {lookupAlias: '0', found: true, knownAliases: Array(1)}
logger.js:357 07:37:57.541 [INFO] [moqt:session:object-router] Delivering object {subscriptionId: 2, groupId: 1812372264, objectId: 41, dataSize: 7194}
logger.js:357 07:37:57.575 [INFO] [moqt:session:object-router] Stream read chunk {readNumber: 152, chunkSize: 7360, totalBytesReceived: 336856, done: false, firstBytes: '00 5c bd 01 41 54 01 04 81 c6 79 50 5c b2 00 00'}
logger.js:357 07:37:57.575 [DEBUG] [moqt:session:object-router] Looking up subscription by trackAlias {lookupAlias: '0', found: true, knownAliases: Array(1)}
logger.js:357 07:37:57.575 [INFO] [moqt:session:object-router] Delivering object {subscriptionId: 2, groupId: 1812372264, objectId: 42, dataSize: 7357}
logger.js:357 07:37:57.608 [INFO] [moqt:session:object-router] Stream read chunk {readNumber: 153, chunkSize: 7308, totalBytesReceived: 344164, done: false, firstBytes: '00 63 a1 01 41 55 01 04 81 c6 ef ac 63 96 00 00'}
logger.js:357 07:37:57.610 [INFO] [moqt:session:object-router] Stream read chunk {readNumber: 154, chunkSize: 1176, totalBytesReceived: 345340, done: false, firstBytes: 'fe b1 4f 9d 45 71 0a f1 24 f8 30 c4 12 94 47 88'}
logger.js:357 07:37:57.611 [INFO] [moqt:session:object-router] Stream read chunk {readNumber: 155, chunkSize: 640, totalBytesReceived: 345980, done: false, firstBytes: '77 e8 42 aa ea d3 f2 75 a7 86 2b df 04 3a ed f1'}
logger.js:357 07:37:57.612 [DEBUG] [moqt:session:object-router] Looking up subscription by trackAlias {lookupAlias: '0', found: true, knownAliases: Array(1)}
logger.js:357 07:37:57.612 [INFO] [moqt:session:object-router] Delivering object {subscriptionId: 2, groupId: 1812372264, objectId: 43, dataSize: 9121}
logger.js:357 07:37:57.639 [INFO] [moqt:session:object-router] Stream read chunk {readNumber: 156, chunkSize: 1218, totalBytesReceived: 347198, done: false, firstBytes: '00 58 e9 01 41 56 01 04 81 c7 84 1c 58 de 00 00'}
logger.js:357 07:37:57.644 [INFO] [moqt:session:object-router] Stream read chunk {readNumber: 157, chunkSize: 5162, totalBytesReceived: 352360, done: false, firstBytes: 'f9 b8 28 eb da f4 3d 02 96 5c 16 62 bc 57 37 25'}
logger.js:357 07:37:57.644 [DEBUG] [moqt:session:object-router] Looking up subscription by trackAlias {lookupAlias: '0', found: true, knownAliases: Array(1)}
logger.js:357 07:37:57.645 [INFO] [moqt:session:object-router] Delivering object {subscriptionId: 2, groupId: 1812372264, objectId: 44, dataSize: 6377}
logger.js:357 07:37:57.666 [INFO] [moqt:session:object-router] Stream read chunk {readNumber: 158, chunkSize: 1176, totalBytesReceived: 353536, done: false, firstBytes: '00 61 9c 01 41 57 01 04 81 c7 f3 70 61 91 00 00'}
logger.js:357 07:37:57.666 [INFO] [moqt:session:object-router] Stream read chunk {readNumber: 159, chunkSize: 1260, totalBytesReceived: 354796, done: false, firstBytes: 'e7 dc e7 79 45 6f 39 2e 85 2b 90 ee f8 3a cf d7'}
logger.js:357 07:37:57.669 [INFO] [moqt:session:object-router] Stream read chunk {readNumber: 160, chunkSize: 1218, totalBytesReceived: 356014, done: false, firstBytes: 'ff 89 df dd d0 82 64 78 76 af a6 c3 48 bd 3f 93'}
logger.js:357 07:37:57.672 [INFO] [moqt:session:object-router] Stream read chunk {readNumber: 161, chunkSize: 1176, totalBytesReceived: 357190, done: false, firstBytes: '20 8d 61 45 7b f6 e6 b8 04 78 14 0e aa f4 97 5a'}
logger.js:357 07:37:57.674 [INFO] [moqt:session:object-router] Stream read chunk {readNumber: 162, chunkSize: 3696, totalBytesReceived: 360886, done: false, firstBytes: '5e b1 1c 14 eb bf 5f de 81 0d 3f f9 f7 bf 83 4f'}
logger.js:357 07:37:57.681 [INFO] [moqt:session:object-router] Stream read chunk {readNumber: 163, chunkSize: 81, totalBytesReceived: 360967, done: false, firstBytes: 'bd f7 83 ab cb f2 42 79 ba bf c1 3e f7 bd df 12'}
logger.js:357 07:37:57.681 [DEBUG] [moqt:session:object-router] Looking up subscription by trackAlias {lookupAlias: '0', found: true, knownAliases: Array(1)}
logger.js:357 07:37:57.681 [INFO] [moqt:session:object-router] Delivering object {subscriptionId: 2, groupId: 1812372264, objectId: 45, dataSize: 8604}
logger.js:357 07:37:57.701 [INFO] [moqt:session:object-router] Stream read chunk {readNumber: 164, chunkSize: 1218, totalBytesReceived: 362185, done: false, firstBytes: '00 5d 9c 01 41 58 01 04 81 c8 76 4c 5d 91 00 00'}
logger.js:357 07:37:57.706 [INFO] [moqt:session:object-router] Stream read chunk {readNumber: 165, chunkSize: 2436, totalBytesReceived: 364621, done: false, firstBytes: '93 df 72 df 9f e2 f7 af ab 51 f7 88 77 30 a7 78'}
logger.js:357 07:37:57.706 [INFO] [moqt:session:object-router] Stream read chunk {readNumber: 166, chunkSize: 1218, totalBytesReceived: 365839, done: false, firstBytes: 'eb f9 b1 38 a7 8e 85 3a f7 ae ef fa 5e ad 5c d6'}
logger.js:357 07:37:57.708 [INFO] [moqt:session:object-router] Stream read chunk {readNumber: 167, chunkSize: 1218, totalBytesReceived: 367057, done: false, firstBytes: 'bc 65 ae 9f 4f bf ab a1 9a 76 a6 64 76 aa 36 d3'}
logger.js:357 07:37:57.710 [INFO] [moqt:session:object-router] Stream read chunk {readNumber: 168, chunkSize: 1493, totalBytesReceived: 368550, done: false, firstBytes: '4b 4b e2 bd cf 9f ee ff c5 77 7d df d6 56 7f 80'}
logger.js:357 07:37:57.711 [DEBUG] [moqt:session:object-router] Looking up subscription by trackAlias {lookupAlias: '0', found: true, knownAliases: Array(1)}
logger.js:357 07:37:57.711 [INFO] [moqt:session:object-router] Delivering object {subscriptionId: 2, groupId: 1812372264, objectId: 46, dataSize: 7580}
logger.js:357 07:37:57.738 [INFO] [moqt:session:object-router] Stream read chunk {readNumber: 169, chunkSize: 2436, totalBytesReceived: 370986, done: false, firstBytes: '00 5d dc 01 41 59 01 04 81 c8 ff 68 5d d1 00 00'}
logger.js:357 07:37:57.739 [INFO] [moqt:session:object-router] Stream read chunk {readNumber: 170, chunkSize: 3654, totalBytesReceived: 374640, done: false, firstBytes: '51 2b e6 df 5c 5f ae 6c e7 fc 9b fe 10 b7 e9 7b'}
logger.js:357 07:37:57.741 [INFO] [moqt:session:object-router] Stream read chunk {readNumber: 171, chunkSize: 1557, totalBytesReceived: 376197, done: false, firstBytes: 'f5 31 66 e6 f4 97 2f 5c eb 67 fe b5 13 df 4e 23'}
logger.js:357 07:37:57.741 [DEBUG] [moqt:session:object-router] Looking up subscription by trackAlias {lookupAlias: '0', found: true, knownAliases: Array(1)}
logger.js:357 07:37:57.741 [INFO] [moqt:session:object-router] Delivering object {subscriptionId: 2, groupId: 1812372264, objectId: 47, dataSize: 7644}
logger.js:357 07:37:57.771 [INFO] [moqt:session:object-router] Stream read chunk {readNumber: 172, chunkSize: 1218, totalBytesReceived: 377415, done: false, firstBytes: '00 5e 97 01 41 5a 01 04 81 c9 82 44 5e 8c 00 00'}
logger.js:357 07:37:57.774 [INFO] [moqt:session:object-router] Stream read chunk {readNumber: 173, chunkSize: 6090, totalBytesReceived: 383505, done: false, firstBytes: 'e4 df 0e 75 a9 71 df 5e ab 5f 7d e4 eb 5e 35 6b'}
logger.js:357 07:37:57.775 [INFO] [moqt:session:object-router] Stream read chunk {readNumber: 174, chunkSize: 526, totalBytesReceived: 384031, done: false, firstBytes: '2b 77 15 bb bf d5 fe 14 bf 6b 75 ee ff cd ea 0a'}
logger.js:357 07:37:57.775 [DEBUG] [moqt:session:object-router] Looking up subscription by trackAlias {lookupAlias: '0', found: true, knownAliases: Array(1)}
logger.js:357 07:37:57.775 [INFO] [moqt:session:object-router] Delivering object {subscriptionId: 2, groupId: 1812372264, objectId: 48, dataSize: 7831}
logger.js:357 07:37:57.812 [INFO] [moqt:session:object-router] Stream read chunk {readNumber: 175, chunkSize: 1218, totalBytesReceived: 385249, done: false, firstBytes: '00 5e 46 01 41 5b 01 04 81 ca 19 70 5e 3b 00 00'}
logger.js:357 07:37:57.815 [INFO] [moqt:session:object-router] Stream read chunk {readNumber: 176, chunkSize: 2352, totalBytesReceived: 387601, done: false, firstBytes: 'e1 f1 3c 9c de b5 0c ff 56 85 78 21 f5 ea eb d7'}
logger.js:357 07:37:57.816 [INFO] [moqt:session:object-router] Stream read chunk {readNumber: 177, chunkSize: 1302, totalBytesReceived: 388903, done: false, firstBytes: 'f0 03 51 bd 6f 0b c1 1d 56 bd c0 68 00 ae 17 ef'}
logger.js:357 07:37:57.822 [INFO] [moqt:session:object-router] Stream read chunk {readNumber: 178, chunkSize: 1176, totalBytesReceived: 390079, done: false, firstBytes: '12 2f 34 3f f6 85 07 eb e2 c9 1e ba f9 83 ff f9'}
logger.js:357 07:37:57.823 [INFO] [moqt:session:object-router] Stream read chunk {readNumber: 179, chunkSize: 1705, totalBytesReceived: 391784, done: false, firstBytes: 'b7 d9 fb 51 73 30 4b e7 cb 7c 5f 04 b4 fd 7f 7c'}
logger.js:357 07:37:57.823 [DEBUG] [moqt:session:object-router] Looking up subscription by trackAlias {lookupAlias: '0', found: true, knownAliases: Array(1)}
logger.js:357 07:37:57.823 [INFO] [moqt:session:object-router] Delivering object {subscriptionId: 2, groupId: 1812372264, objectId: 49, dataSize: 7750}
logger.js:357 07:37:57.834 [INFO] [moqt:session:object-router] Stream read chunk {readNumber: 180, chunkSize: 3868, totalBytesReceived: 395652, done: false, firstBytes: '00 5e 24 01 41 5c 01 04 81 ca 7f 64 5e 19 00 00'}
logger.js:357 07:37:57.838 [INFO] [moqt:session:object-router] Stream read chunk {readNumber: 181, chunkSize: 1176, totalBytesReceived: 396828, done: false, firstBytes: '7b e6 33 44 d4 52 80 a7 b2 60 25 02 ca ff 5e de'}
logger.js:357 07:37:57.842 [INFO] [moqt:session:object-router] Stream read chunk {readNumber: 182, chunkSize: 2675, totalBytesReceived: 399503, done: false, firstBytes: '5f 85 3a 68 7a 7a 57 da a3 bf 04 3b ad d6 91 a5'}
logger.js:357 07:37:57.842 [DEBUG] [moqt:session:object-router] Looking up subscription by trackAlias {lookupAlias: '0', found: true, knownAliases: Array(1)}
logger.js:357 07:37:57.842 [INFO] [moqt:session:object-router] Delivering object {subscriptionId: 2, groupId: 1812372264, objectId: 50, dataSize: 7716}
logger.js:357 07:37:57.868 [INFO] [moqt:session:object-router] Stream read chunk {readNumber: 183, chunkSize: 1218, totalBytesReceived: 400721, done: false, firstBytes: '00 66 16 01 41 5d 01 04 81 cb 04 fc 66 0b 00 00'}
logger.js:357 07:37:57.876 [INFO] [moqt:session:object-router] Stream read chunk {readNumber: 184, chunkSize: 8526, totalBytesReceived: 409247, done: false, firstBytes: '90 e4 c5 75 78 7f af 67 e3 ce ae 8f d7 5e 8f eb'}
logger.js:357 07:37:57.878 [INFO] [moqt:session:object-router] Stream read chunk {readNumber: 185, chunkSize: 9, totalBytesReceived: 409256, done: false, firstBytes: 'd5 d2 97 f9 8f bc fa b0 ef'}
logger.js:357 07:37:57.878 [DEBUG] [moqt:session:object-router] Looking up subscription by trackAlias {lookupAlias: '0', found: true, knownAliases: Array(1)}
logger.js:357 07:37:57.878 [INFO] [moqt:session:object-router] Delivering object {subscriptionId: 2, groupId: 1812372264, objectId: 51, dataSize: 9750}
logger.js:357 07:37:57.901 [INFO] [moqt:session:object-router] Stream read chunk {readNumber: 186, chunkSize: 2436, totalBytesReceived: 411692, done: false, firstBytes: '00 5b 34 01 41 5e 01 04 81 cb 85 1c 5b 29 00 00'}
logger.js:357 07:37:57.908 [INFO] [moqt:session:object-router] Stream read chunk {readNumber: 187, chunkSize: 1218, totalBytesReceived: 412910, done: false, firstBytes: 'ff fc 81 3f 7e f3 22 05 bf fb 0f fa c5 12 29 e0'}
logger.js:357 07:37:57.915 [INFO] [moqt:session:object-router] Stream read chunk {readNumber: 188, chunkSize: 3313, totalBytesReceived: 416223, done: false, firstBytes: '31 46 a6 ce 7f cc 1a 1a 4b f4 b0 47 a6 9a 7d ac'}
logger.js:357 07:37:57.915 [DEBUG] [moqt:session:object-router] Looking up subscription by trackAlias {lookupAlias: '0', found: true, knownAliases: Array(1)}
logger.js:357 07:37:57.915 [INFO] [moqt:session:object-router] Delivering object {subscriptionId: 2, groupId: 1812372264, objectId: 52, dataSize: 6964}
logger.js:357 07:37:57.934 [INFO] [moqt:session:object-router] Stream read chunk {readNumber: 189, chunkSize: 2436, totalBytesReceived: 418659, done: false, firstBytes: '00 65 18 01 41 5f 01 04 81 cc 09 24 65 0d 00 00'}
logger.js:357 07:37:57.941 [INFO] [moqt:session:object-router] Stream read chunk {readNumber: 190, chunkSize: 4872, totalBytesReceived: 423531, done: false, firstBytes: '79 78 ac ac 7d 2f 1f 77 fb 54 bf 11 e9 69 76 c4'}
logger.js:357 07:37:57.946 [INFO] [moqt:session:object-router] Stream read chunk {readNumber: 191, chunkSize: 1176, totalBytesReceived: 424707, done: false, firstBytes: '46 ca 91 f9 85 0c d3 ab e9 cd fe c7 64 18 61 23'}
logger.js:357 07:37:57.948 [INFO] [moqt:session:object-router] Stream read chunk {readNumber: 192, chunkSize: 1015, totalBytesReceived: 425722, done: false, firstBytes: '0d 14 0a 3d f7 77 c5 65 25 80 4a 60 96 92 57 ef'}
logger.js:357 07:37:57.948 [DEBUG] [moqt:session:object-router] Looking up subscription by trackAlias {lookupAlias: '0', found: true, knownAliases: Array(1)}
logger.js:357 07:37:57.948 [INFO] [moqt:session:object-router] Delivering object {subscriptionId: 2, groupId: 1812372264, objectId: 53, dataSize: 9496}
logger.js:357 07:37:57.973 [INFO] [moqt:session:object-router] Stream read chunk {readNumber: 193, chunkSize: 2345, totalBytesReceived: 428067, done: false, firstBytes: '00 61 98 01 41 60 01 04 81 cc 95 c4 61 8d 00 00'}
logger.js:357 07:37:57.974 [INFO] [moqt:session:object-router] Stream read chunk {readNumber: 194, chunkSize: 1309, totalBytesReceived: 429376, done: false, firstBytes: 'fd 5b 80 f6 03 c0 2a ad 6b 1f 2f 5c 76 39 cc c4'}
logger.js:357 07:37:57.975 [INFO] [moqt:session:object-router] Stream read chunk {readNumber: 195, chunkSize: 1176, totalBytesReceived: 430552, done: false, firstBytes: 'fa 67 e3 b9 36 67 e0 9a bf 43 be 2d f5 0e 7f aa'}
logger.js:357 07:37:57.976 [INFO] [moqt:session:object-router] Stream read chunk {readNumber: 196, chunkSize: 1260, totalBytesReceived: 431812, done: false, firstBytes: '2d c5 07 09 33 70 c8 ac 38 f1 c7 e1 d2 f0 6c 1d'}
logger.js:357 07:37:57.979 [INFO] [moqt:session:object-router] Stream read chunk {readNumber: 197, chunkSize: 2513, totalBytesReceived: 434325, done: false, firstBytes: 'a3 79 a0 af 5f da 5f d9 85 63 a8 f7 e6 9d 4d 6d'}
logger.js:357 07:37:57.979 [DEBUG] [moqt:session:object-router] Looking up subscription by trackAlias {lookupAlias: '0', found: true, knownAliases: Array(1)}
logger.js:357 07:37:57.979 [INFO] [moqt:session:object-router] Delivering object {subscriptionId: 2, groupId: 1812372264, objectId: 54, dataSize: 8600}
logger.js:357 07:37:58.003 [INFO] [moqt:session:object-router] Stream read chunk {readNumber: 198, chunkSize: 1218, totalBytesReceived: 435543, done: false, firstBytes: '00 5b cc 01 41 61 01 04 81 cd 13 f0 5b c1 00 00'}
logger.js:357 07:37:58.004 [INFO] [moqt:session:object-router] Stream read chunk {readNumber: 199, chunkSize: 1218, totalBytesReceived: 436761, done: false, firstBytes: '1a 25 8f b3 fd bd 7e af 47 26 23 8f d7 bc 57 7f'}
logger.js:357 07:37:58.006 [INFO] [moqt:session:object-router] Stream read chunk {readNumber: 200, chunkSize: 1218, totalBytesReceived: 437979, done: false, firstBytes: 'f6 37 2f 4a a2 89 ce 4e 23 c6 12 5e f8 a5 c6 bf'}
logger.js:357 07:37:58.008 [INFO] [moqt:session:object-router] Stream read chunk {readNumber: 201, chunkSize: 1176, totalBytesReceived: 439155, done: false, firstBytes: 'a9 be 66 18 1d dc 77 c5 aa de 5c f0 63 63 5e a2'}
logger.js:357 07:37:58.010 [INFO] [moqt:session:object-router] Stream read chunk {readNumber: 202, chunkSize: 2289, totalBytesReceived: 441444, done: false, firstBytes: '16 f9 d4 7d bf e9 f3 60 14 09 3b d4 d4 48 b9 89'}
logger.js:357 07:37:58.010 [DEBUG] [moqt:session:object-router] Looking up subscription by trackAlias {lookupAlias: '0', found: true, knownAliases: Array(1)}
logger.js:357 07:37:58.010 [INFO] [moqt:session:object-router] Delivering object {subscriptionId: 2, groupId: 1812372264, objectId: 55, dataSize: 7116}
logger.js:357 07:37:58.036 [INFO] [moqt:session:object-router] Stream read chunk {readNumber: 203, chunkSize: 1218, totalBytesReceived: 442662, done: false, firstBytes: '00 63 d1 01 41 62 01 04 81 cd 9b 7c 63 c6 00 00'}
logger.js:357 07:37:58.041 [INFO] [moqt:session:object-router] Stream read chunk {readNumber: 204, chunkSize: 1218, totalBytesReceived: 443880, done: false, firstBytes: '62 8f df 56 fa fa 30 47 78 2c b1 0f f5 7f 07 17'}
logger.js:357 07:37:58.043 [INFO] [moqt:session:object-router] Stream read chunk {readNumber: 205, chunkSize: 1176, totalBytesReceived: 445056, done: false, firstBytes: '5c 2d 2f 76 39 90 ed 92 5d ef 77 cc 9e d5 73 31'}
logger.js:357 07:37:58.043 [INFO] [moqt:session:object-router] Stream read chunk {readNumber: 206, chunkSize: 1260, totalBytesReceived: 446316, done: false, firstBytes: 'f9 be 41 92 72 d6 fb 26 8d 54 34 9b 1f 4a ba df'}
logger.js:357 07:37:58.046 [INFO] [moqt:session:object-router] Stream read chunk {readNumber: 207, chunkSize: 4300, totalBytesReceived: 450616, done: false, firstBytes: '44 f7 17 bb 10 32 7f 01 d2 a1 36 29 2b 55 9a 01'}
logger.js:357 07:37:58.046 [DEBUG] [moqt:session:object-router] Looking up subscription by trackAlias {lookupAlias: '0', found: true, knownAliases: Array(1)}
logger.js:357 07:37:58.046 [INFO] [moqt:session:object-router] Delivering object {subscriptionId: 2, groupId: 1812372264, objectId: 56, dataSize: 9169}
logger.js:357 07:37:58.072 [INFO] [moqt:session:object-router] Stream read chunk {readNumber: 208, chunkSize: 3654, totalBytesReceived: 454270, done: false, firstBytes: '00 59 fa 01 41 63 01 04 81 ce 11 74 59 ef 00 00'}
logger.js:357 07:37:58.073 [INFO] [moqt:session:object-router] Stream read chunk {readNumber: 209, chunkSize: 1218, totalBytesReceived: 455488, done: false, firstBytes: 'ff 55 9f fa da 3e a3 f7 f3 72 b1 99 8d d0 98 cc'}
logger.js:357 07:37:58.073 [INFO] [moqt:session:object-router] Stream read chunk {readNumber: 210, chunkSize: 1218, totalBytesReceived: 456706, done: false, firstBytes: 'd3 15 fb f6 7d 5f 13 e7 f1 5e 77 e0 50 00 a4 ad'}
logger.js:357 07:37:58.077 [INFO] [moqt:session:object-router] Stream read chunk {readNumber: 211, chunkSize: 563, totalBytesReceived: 457269, done: false, firstBytes: 'ee cd 04 82 e2 1a be 2f 56 f0 35 e2 b5 8b 70 67'}
logger.js:357 07:37:58.077 [DEBUG] [moqt:session:object-router] Looking up subscription by trackAlias {lookupAlias: '0', found: true, knownAliases: Array(1)}
logger.js:357 07:37:58.077 [INFO] [moqt:session:object-router] Delivering object {subscriptionId: 2, groupId: 1812372264, objectId: 57, dataSize: 6650}
logger.js:357 07:37:58.107 [INFO] [moqt:session:object-router] Stream read chunk {readNumber: 212, chunkSize: 2701, totalBytesReceived: 459970, done: false, firstBytes: '00 62 dc 01 41 64 01 04 81 ce 98 38 62 d1 00 00'}
logger.js:357 07:37:58.111 [INFO] [moqt:session:object-router] Stream read chunk {readNumber: 213, chunkSize: 1176, totalBytesReceived: 461146, done: false, firstBytes: '72 d1 db 9e 2f bb da ea 33 17 77 cb 41 d5 fe 0b'}
logger.js:357 07:37:58.111 [INFO] [moqt:session:object-router] Stream read chunk {readNumber: 214, chunkSize: 1260, totalBytesReceived: 462406, done: false, firstBytes: 'e0 77 01 54 af 8c 71 4d 36 31 4b db 80 20 30 52'}
logger.js:357 07:37:58.112 [INFO] [moqt:session:object-router] Stream read chunk {readNumber: 215, chunkSize: 1218, totalBytesReceived: 463624, done: false, firstBytes: 'cf fc 0e 97 1c 5a dd fa 18 94 67 7b 9e 1d ef 07'}
logger.js:357 07:37:58.114 [INFO] [moqt:session:object-router] Stream read chunk {readNumber: 216, chunkSize: 2572, totalBytesReceived: 466196, done: false, firstBytes: '29 bf 7e f7 f7 71 5b dd df 4a 73 c1 77 7b f7 77'}
logger.js:357 07:37:58.114 [DEBUG] [moqt:session:object-router] Looking up subscription by trackAlias {lookupAlias: '0', found: true, knownAliases: Array(1)}
logger.js:357 07:37:58.114 [INFO] [moqt:session:object-router] Delivering object {subscriptionId: 2, groupId: 1812372264, objectId: 58, dataSize: 8924}
logger.js:357 07:37:58.134 [INFO] [moqt:session:object-router] Stream read chunk {readNumber: 217, chunkSize: 2436, totalBytesReceived: 468632, done: false, firstBytes: '00 60 b1 01 41 65 01 04 81 cf 16 c8 60 a6 00 00'}
logger.js:357 07:37:58.137 [INFO] [moqt:session:object-router] Stream read chunk {readNumber: 218, chunkSize: 1218, totalBytesReceived: 469850, done: false, firstBytes: 'dd da f4 a1 41 2b ae 60 45 6f f5 75 68 81 2f 62'}
logger.js:357 07:37:58.139 [INFO] [moqt:session:object-router] Stream read chunk {readNumber: 219, chunkSize: 1176, totalBytesReceived: 471026, done: false, firstBytes: '74 81 77 6d 3a ef f1 de 9a 7e fa a4 6f 79 dd c9'}
logger.js:357 07:37:58.141 [INFO] [moqt:session:object-router] Stream read chunk {readNumber: 220, chunkSize: 2478, totalBytesReceived: 473504, done: false, firstBytes: 'c9 eb 93 c6 92 a5 0d 3c ed c7 f6 14 a5 dc 5c 66'}
logger.js:357 07:37:58.146 [INFO] [moqt:session:object-router] Stream read chunk {readNumber: 221, chunkSize: 1064, totalBytesReceived: 474568, done: false, firstBytes: 'bf 6a b4 6d 85 d3 4e 0a 7d f3 da da fa b8 24 d7'}
logger.js:357 07:37:58.146 [DEBUG] [moqt:session:object-router] Looking up subscription by trackAlias {lookupAlias: '0', found: true, knownAliases: Array(1)}
logger.js:357 07:37:58.147 [INFO] [moqt:session:object-router] Delivering object {subscriptionId: 2, groupId: 1812372264, objectId: 59, dataSize: 8369}
logger.js:357 07:37:58.171 [INFO] [moqt:session:object-router] Stream read chunk {readNumber: 222, chunkSize: 1218, totalBytesReceived: 475786, done: false, firstBytes: '00 60 43 01 41 66 01 04 81 cf 99 a4 60 38 00 00'}
logger.js:357 07:37:58.174 [INFO] [moqt:session:object-router] Stream read chunk {readNumber: 223, chunkSize: 1176, totalBytesReceived: 476962, done: false, firstBytes: '31 5a fa d6 2b c5 12 ef ab cb dd af ff 5a 94 fb'}
logger.js:357 07:37:58.176 [INFO] [moqt:session:object-router] Stream read chunk {readNumber: 224, chunkSize: 3696, totalBytesReceived: 480658, done: false, firstBytes: 'df e0 96 97 d2 df e0 8b a8 bb f1 51 9d 7d 9d 85'}
logger.js:357 07:37:58.177 [INFO] [moqt:session:object-router] Stream read chunk {readNumber: 225, chunkSize: 1218, totalBytesReceived: 481876, done: false, firstBytes: '11 7b 4b 7e bf 66 91 08 e7 f6 27 47 b6 27 82 fa'}
logger.js:357 07:37:58.184 [INFO] [moqt:session:object-router] Stream read chunk {readNumber: 226, chunkSize: 954, totalBytesReceived: 482830, done: false, firstBytes: '1d 04 9e e8 fd 60 62 0a af 70 24 04 d7 de 1f 56'}
logger.js:357 07:37:58.184 [DEBUG] [moqt:session:object-router] Looking up subscription by trackAlias {lookupAlias: '0', found: true, knownAliases: Array(1)}
logger.js:357 07:37:58.184 [INFO] [moqt:session:object-router] Delivering object {subscriptionId: 2, groupId: 1812372264, objectId: 60, dataSize: 8259}
logger.js:357 07:37:58.208 [INFO] [moqt:session:object-router] Stream read chunk {readNumber: 227, chunkSize: 1218, totalBytesReceived: 484048, done: false, firstBytes: '00 62 35 01 41 67 01 04 81 d0 39 68 62 2a 00 00'}
logger.js:357 07:37:58.212 [INFO] [moqt:session:object-router] Stream read chunk {readNumber: 228, chunkSize: 1176, totalBytesReceived: 485224, done: false, firstBytes: 'ea f2 f5 eb 12 4c 57 5e 8b 3a cf 06 5a ea f6 77'}
logger.js:357 07:37:58.212 [INFO] [moqt:session:object-router] Stream read chunk {readNumber: 229, chunkSize: 1260, totalBytesReceived: 486484, done: false, firstBytes: 'c1 17 a7 5f 13 ba 67 fa 1d ac 83 44 df 95 8d 0e'}
logger.js:357 07:37:58.214 [INFO] [moqt:session:object-router] Stream read chunk {readNumber: 230, chunkSize: 1176, totalBytesReceived: 487660, done: false, firstBytes: 'f9 fc e4 d9 c9 72 75 ea ea d7 06 bc ef ae 0a 41'}
logger.js:357 07:37:58.214 [INFO] [moqt:session:object-router] Stream read chunk {readNumber: 231, chunkSize: 1260, totalBytesReceived: 488920, done: false, firstBytes: 'f7 63 da 17 0b 8a bf 71 27 bf 2a d6 95 7d 3e 5f'}
logger.js:357 07:37:58.220 [INFO] [moqt:session:object-router] Stream read chunk {readNumber: 232, chunkSize: 2670, totalBytesReceived: 491590, done: false, firstBytes: '85 b0 22 06 30 31 9c ff dd f5 ef cc 44 52 7c 99'}
logger.js:357 07:37:58.220 [DEBUG] [moqt:session:object-router] Looking up subscription by trackAlias {lookupAlias: '0', found: true, knownAliases: Array(1)}
logger.js:357 07:37:58.220 [INFO] [moqt:session:object-router] Delivering object {subscriptionId: 2, groupId: 1812372264, objectId: 61, dataSize: 8757}
logger.js:357 07:37:58.234 [INFO] [moqt:session:object-router] Stream read chunk {readNumber: 233, chunkSize: 2436, totalBytesReceived: 494026, done: false, firstBytes: '00 64 39 01 41 68 01 04 81 d0 97 28 64 2e 00 00'}
logger.js:357 07:37:58.240 [INFO] [moqt:session:object-router] Stream read chunk {readNumber: 234, chunkSize: 1218, totalBytesReceived: 495244, done: false, firstBytes: 'ea 9f 74 9e df a8 22 af 6e a0 8f d7 91 66 37 c4'}
logger.js:357 07:37:58.240 [INFO] [moqt:session:object-router] Stream read chunk {readNumber: 235, chunkSize: 2436, totalBytesReceived: 497680, done: false, firstBytes: '4f 47 dd 49 d3 f8 ad fe fe 08 77 df e4 a7 5e 1b'}
logger.js:357 07:37:58.253 [DEBUG] [moqt:media:video-decoder] Video decode stats {instanceId: 1, framesDecoded: 300, width: 1920, height: 1080}
logger.js:357 07:37:58.261 [INFO] [moqt:session:object-router] Stream read chunk {readNumber: 236, chunkSize: 3186, totalBytesReceived: 500866, done: false, firstBytes: '11 c8 b1 5f 15 ce 9c 0e 00 dc 14 f7 f5 7b df 14'}
logger.js:357 07:37:58.261 [DEBUG] [moqt:session:object-router] Looking up subscription by trackAlias {lookupAlias: '0', found: true, knownAliases: Array(1)}
logger.js:357 07:37:58.261 [INFO] [moqt:session:object-router] Delivering object {subscriptionId: 2, groupId: 1812372264, objectId: 62, dataSize: 9273}
logger.js:357 07:37:58.268 [INFO] [moqt:session:object-router] Stream read chunk {readNumber: 237, chunkSize: 1218, totalBytesReceived: 502084, done: false, firstBytes: '00 59 f7 01 41 69 01 04 81 d1 22 38 59 ec 00 00'}
logger.js:357 07:37:58.270 [INFO] [moqt:session:object-router] Stream read chunk {readNumber: 238, chunkSize: 1218, totalBytesReceived: 503302, done: false, firstBytes: '37 5e 87 f0 5b 05 1d 7b eb d1 58 28 98 41 35 d5'}
logger.js:357 07:37:58.272 [INFO] [moqt:session:object-router] Stream read chunk {readNumber: 239, chunkSize: 1218, totalBytesReceived: 504520, done: false, firstBytes: '48 68 de 3a aa f7 bb b9 7b fc d7 eb bb 76 e3 0f'}
logger.js:357 07:37:58.274 [INFO] [moqt:session:object-router] Stream read chunk {readNumber: 240, chunkSize: 2996, totalBytesReceived: 507516, done: false, firstBytes: '65 d9 42 db de 7d be a9 a1 97 7d ee a4 f4 c6 d7'}
logger.js:357 07:37:58.274 [DEBUG] [moqt:session:object-router] Looking up subscription by trackAlias {lookupAlias: '0', found: true, knownAliases: Array(1)}
logger.js:357 07:37:58.274 [INFO] [moqt:session:object-router] Delivering object {subscriptionId: 2, groupId: 1812372264, objectId: 63, dataSize: 6647}
logger.js:357 07:37:58.299 [DEBUG] [moqt:media:subscribe-pipeline] Video arbiter stats {activeGroup: 1812372264, groupCount: 3, framesOutput: 301, groupsCompleted: 2, groupsSkipped: 0}
logger.js:357 07:37:58.308 [INFO] [moqt:session:object-router] Stream read chunk {readNumber: 241, chunkSize: 6090, totalBytesReceived: 513606, done: false, firstBytes: '00 64 c0 01 41 6a 01 04 81 d1 a9 60 64 b5 00 00'}
logger.js:357 07:37:58.312 [INFO] [moqt:session:object-router] Stream read chunk {readNumber: 242, chunkSize: 1218, totalBytesReceived: 514824, done: false, firstBytes: '36 99 9a 56 ef f6 c5 fb bb f5 89 f8 e7 1e 64 f8'}
logger.js:357 07:37:58.313 [INFO] [moqt:session:object-router] Stream read chunk {readNumber: 243, chunkSize: 2103, totalBytesReceived: 516927, done: false, firstBytes: 'cc dc 68 de 0d 52 a8 a7 3e a8 d3 9a 5f 40 22 d9'}
logger.js:357 07:37:58.314 [DEBUG] [moqt:session:object-router] Looking up subscription by trackAlias {lookupAlias: '0', found: true, knownAliases: Array(1)}
logger.js:357 07:37:58.314 [INFO] [moqt:session:object-router] Delivering object {subscriptionId: 2, groupId: 1812372264, objectId: 64, dataSize: 9408}
logger.js:357 07:37:58.338 [INFO] [moqt:session:object-router] Stream read chunk {readNumber: 244, chunkSize: 1176, totalBytesReceived: 518103, done: false, firstBytes: '00 61 7d 01 41 6b 01 04 81 d2 25 98 61 72 00 00'}
logger.js:357 07:37:58.340 [INFO] [moqt:session:object-router] Stream read chunk {readNumber: 245, chunkSize: 3696, totalBytesReceived: 521799, done: false, firstBytes: 'd5 df 3a e7 5b eb 51 bf ea be af 10 75 94 4f 14'}
logger.js:357 07:37:58.343 [INFO] [moqt:session:object-router] Stream read chunk {readNumber: 246, chunkSize: 1218, totalBytesReceived: 523017, done: false, firstBytes: 'ef d2 b2 db af c2 95 da ec ba 9e 2c 8f 7f 82 6a'}
logger.js:357 07:37:58.345 [INFO] [moqt:session:object-router] Stream read chunk {readNumber: 247, chunkSize: 1271, totalBytesReceived: 524288, done: false, firstBytes: '21 9e ba d5 56 bb cc 2f 91 07 f4 c4 57 5b be 27'}
logger.js:357 07:37:58.345 [INFO] [moqt:session:object-router] Stream read chunk {readNumber: 248, chunkSize: 1215, totalBytesReceived: 525503, done: false, firstBytes: '20 21 df ae 37 f2 e4 ff 05 44 eb f2 5c 4b ed 78'}
logger.js:357 07:37:58.345 [DEBUG] [moqt:session:object-router] Looking up subscription by trackAlias {lookupAlias: '0', found: true, knownAliases: Array(1)}
logger.js:357 07:37:58.345 [INFO] [moqt:session:object-router] Delivering object {subscriptionId: 2, groupId: 1812372264, objectId: 65, dataSize: 8573}
logger.js:357 07:37:58.367 [INFO] [moqt:session:object-router] Stream read chunk {readNumber: 249, chunkSize: 2436, totalBytesReceived: 527939, done: false, firstBytes: '00 60 23 01 41 6c 01 04 81 d2 a0 a4 60 18 00 00'}
logger.js:357 07:37:58.381 [INFO] [moqt:session:object-router] Stream read chunk {readNumber: 250, chunkSize: 4872, totalBytesReceived: 532811, done: false, firstBytes: '75 af 9b 55 ea 4d 55 7c dd db c4 c4 f7 bb a7 57'}
logger.js:357 07:37:58.384 [INFO] [moqt:session:object-router] Stream read chunk {readNumber: 251, chunkSize: 922, totalBytesReceived: 533733, done: false, firstBytes: 'df dd fd 9b 43 bc 5e f7 af e0 97 bb af af 16 13'}
logger.js:357 07:37:58.384 [DEBUG] [moqt:session:object-router] Looking up subscription by trackAlias {lookupAlias: '0', found: true, knownAliases: Array(1)}
logger.js:357 07:37:58.384 [INFO] [moqt:session:object-router] Delivering object {subscriptionId: 2, groupId: 1812372264, objectId: 66, dataSize: 8227}
VideoRenderer.tsx:84 [VideoRenderer] Rendering stats {framesRendered: 300, frameWidth: 1920, frameHeight: 1080, timestamp: 362000}
logger.js:357 07:37:58.404 [INFO] [moqt:session:object-router] Stream read chunk {readNumber: 252, chunkSize: 4872, totalBytesReceived: 538605, done: false, firstBytes: '00 61 2f 01 41 6d 01 04 81 d3 2a 88 61 24 00 00'}
logger.js:357 07:37:58.407 [INFO] [moqt:session:object-router] Stream read chunk {readNumber: 253, chunkSize: 1218, totalBytesReceived: 539823, done: false, firstBytes: 'bd 69 3f 9e b6 b6 33 4c b5 8f ff c6 fc 4c e9 08'}
logger.js:357 07:37:58.412 [INFO] [moqt:session:object-router] Stream read chunk {readNumber: 254, chunkSize: 1218, totalBytesReceived: 541041, done: false, firstBytes: '56 a9 14 62 85 cf 92 29 b5 1c cc 70 3d 21 5d fd'}
logger.js:357 07:37:58.419 [INFO] [moqt:session:object-router] Stream read chunk {readNumber: 255, chunkSize: 1190, totalBytesReceived: 542231, done: false, firstBytes: 'e2 f5 bd 2e ed a0 96 fb ff 7a ff ad 7c ba 3f c9'}
logger.js:357 07:37:58.419 [DEBUG] [moqt:session:object-router] Looking up subscription by trackAlias {lookupAlias: '0', found: true, knownAliases: Array(1)}
logger.js:357 07:37:58.419 [INFO] [moqt:session:object-router] Delivering object {subscriptionId: 2, groupId: 1812372264, objectId: 67, dataSize: 8495}
logger.js:357 07:37:58.433 [INFO] [moqt:session:object-router] Stream read chunk {readNumber: 256, chunkSize: 1218, totalBytesReceived: 543449, done: false, firstBytes: '00 60 e3 01 41 6e 01 04 81 d3 a8 50 60 d8 00 00'}
logger.js:357 07:37:58.436 [INFO] [moqt:session:object-router] Stream read chunk {readNumber: 257, chunkSize: 1176, totalBytesReceived: 544625, done: false, firstBytes: '2b 78 a7 b8 73 0b 8a e2 05 ef 51 1d 7b eb d1 3d'}
logger.js:357 07:37:58.436 [INFO] [moqt:session:object-router] Stream read chunk {readNumber: 258, chunkSize: 1260, totalBytesReceived: 545885, done: false, firstBytes: 'cd 1c 75 ef 82 4d 3a 7a d6 52 02 bb 76 fd fa bf'}
logger.js:357 07:37:58.438 [INFO] [moqt:session:object-router] Stream read chunk {readNumber: 259, chunkSize: 1176, totalBytesReceived: 547061, done: false, firstBytes: 'c7 70 fe e3 3f 56 f9 2c 7a 6f 92 ff c5 7b ed fd'}
logger.js:357 07:37:58.439 [INFO] [moqt:session:object-router] Stream read chunk {readNumber: 260, chunkSize: 1260, totalBytesReceived: 548321, done: false, firstBytes: 'bc b7 67 79 91 4c 9d 8c da a5 77 77 48 67 15 b4'}
logger.js:357 07:37:58.441 [INFO] [moqt:session:object-router] Stream read chunk {readNumber: 261, chunkSize: 1218, totalBytesReceived: 549539, done: false, firstBytes: 'e2 2a 2e b4 fd 39 d7 93 85 c4 0e c1 df 17 6b af'}
logger.js:357 07:37:58.444 [INFO] [moqt:session:object-router] Stream read chunk {readNumber: 262, chunkSize: 1114, totalBytesReceived: 550653, done: false, firstBytes: 'ef f9 7b c4 f5 eb e4 d3 fd 5f e5 de d2 e3 ee 96'}
logger.js:357 07:37:58.444 [DEBUG] [moqt:session:object-router] Looking up subscription by trackAlias {lookupAlias: '0', found: true, knownAliases: Array(1)}
logger.js:357 07:37:58.444 [INFO] [moqt:session:object-router] Delivering object {subscriptionId: 2, groupId: 1812372264, objectId: 68, dataSize: 8419}
logger.js:357 07:37:58.468 [INFO] [moqt:session:object-router] Stream read chunk {readNumber: 263, chunkSize: 1218, totalBytesReceived: 551871, done: false, firstBytes: '00 62 0f 01 41 6f 01 04 81 d4 33 60 62 04 00 00'}
logger.js:357 07:37:58.475 [INFO] [moqt:session:object-router] Stream read chunk {readNumber: 264, chunkSize: 4872, totalBytesReceived: 556743, done: false, firstBytes: 'eb 1e 7e 7c 1f 4d b8 ee ad 5d 7b 10 4c 9f ea a3'}
logger.js:357 07:37:58.481 [INFO] [moqt:session:object-router] Stream read chunk {readNumber: 265, chunkSize: 1176, totalBytesReceived: 557919, done: false, firstBytes: '37 0a 02 7d 34 1c 8a cf e5 0f 5d 36 bd f9 56 c9'}
logger.js:357 07:37:58.482 [INFO] [moqt:session:object-router] Stream read chunk {readNumber: 266, chunkSize: 1456, totalBytesReceived: 559375, done: false, firstBytes: '9b 5f 43 35 f4 bb 7d df a2 f4 53 75 af ad 56 22'}
logger.js:357 07:37:58.483 [DEBUG] [moqt:session:object-router] Looking up subscription by trackAlias {lookupAlias: '0', found: true, knownAliases: Array(1)}
logger.js:357 07:37:58.483 [INFO] [moqt:session:object-router] Delivering object {subscriptionId: 2, groupId: 1812372264, objectId: 69, dataSize: 8719}
logger.js:357 07:37:58.505 [INFO] [moqt:session:object-router] Stream read chunk {readNumber: 267, chunkSize: 1218, totalBytesReceived: 560593, done: false, firstBytes: '00 62 16 01 41 70 01 04 81 d4 b2 54 62 0b 00 00'}
logger.js:357 07:37:58.512 [INFO] [moqt:session:object-router] Stream read chunk {readNumber: 268, chunkSize: 7511, totalBytesReceived: 568104, done: false, firstBytes: 'af 04 3d 6a 33 ad 63 b7 7a 3e f8 32 c9 d6 a7 ea'}
logger.js:357 07:37:58.512 [DEBUG] [moqt:session:object-router] Looking up subscription by trackAlias {lookupAlias: '0', found: true, knownAliases: Array(1)}
logger.js:357 07:37:58.512 [INFO] [moqt:session:object-router] Delivering object {subscriptionId: 2, groupId: 1812372264, objectId: 70, dataSize: 8726}
logger.js:357 07:37:58.542 [INFO] [moqt:session:object-router] Stream read chunk {readNumber: 269, chunkSize: 2352, totalBytesReceived: 570456, done: false, firstBytes: '00 5d 17 01 41 71 01 04 81 d5 3b 70 5d 0c 00 00'}
logger.js:357 07:37:58.543 [INFO] [moqt:session:object-router] Stream read chunk {readNumber: 270, chunkSize: 2520, totalBytesReceived: 572976, done: false, firstBytes: 'de de d0 6e cb 99 8e fa 57 bb 17 ba 3f 14 ef 1d'}
logger.js:357 07:37:58.562 [INFO] [moqt:session:object-router] Stream read chunk {readNumber: 271, chunkSize: 2578, totalBytesReceived: 575554, done: false, firstBytes: '1d d7 57 d0 79 22 02 af 76 b2 a2 8e 8c c5 f9 fe'}
logger.js:357 07:37:58.562 [DEBUG] [moqt:session:object-router] Looking up subscription by trackAlias {lookupAlias: '0', found: true, knownAliases: Array(1)}
logger.js:357 07:37:58.562 [INFO] [moqt:session:object-router] Delivering object {subscriptionId: 2, groupId: 1812372264, objectId: 71, dataSize: 7447}
logger.js:357 07:37:58.565 [INFO] [moqt:session:object-router] Stream read chunk {readNumber: 272, chunkSize: 1176, totalBytesReceived: 576730, done: false, firstBytes: '00 66 6b 01 41 72 01 04 81 d5 ae 48 66 60 00 00'}
logger.js:357 07:37:58.565 [INFO] [moqt:session:object-router] Stream read chunk {readNumber: 273, chunkSize: 1260, totalBytesReceived: 577990, done: false, firstBytes: 'b8 34 9f ad 7d 5a 23 fd 57 d6 ab ab 43 e7 dc 9d'}
logger.js:357 07:37:58.570 [INFO] [moqt:session:object-router] Stream read chunk {readNumber: 274, chunkSize: 1218, totalBytesReceived: 579208, done: false, firstBytes: 'b9 4e 4c 47 57 ae b5 f5 7b eb d4 f9 b8 51 16 ff'}
logger.js:357 07:37:58.571 [INFO] [moqt:session:object-router] Stream read chunk {readNumber: 275, chunkSize: 2436, totalBytesReceived: 581644, done: false, firstBytes: '92 6d 60 9e bd 32 45 12 0e 8b 22 b0 76 d9 bf f4'}
logger.js:357 07:37:58.576 [INFO] [moqt:session:object-router] Stream read chunk {readNumber: 276, chunkSize: 2394, totalBytesReceived: 584038, done: false, firstBytes: '53 2f 92 fb fc 97 b7 38 ae 85 2c d6 f4 d1 02 81'}
logger.js:357 07:37:58.576 [INFO] [moqt:session:object-router] Stream read chunk {readNumber: 277, chunkSize: 1354, totalBytesReceived: 585392, done: false, firstBytes: '4a ef ef cd 04 55 ac 76 db 74 2b 7f 7f 40 8b 75'}
logger.js:357 07:37:58.576 [DEBUG] [moqt:session:object-router] Looking up subscription by trackAlias {lookupAlias: '0', found: true, knownAliases: Array(1)}
logger.js:357 07:37:58.576 [INFO] [moqt:session:object-router] Delivering object {subscriptionId: 2, groupId: 1812372264, objectId: 72, dataSize: 9835}
logger.js:357 07:37:58.598 [INFO] [moqt:session:object-router] Stream read chunk {readNumber: 278, chunkSize: 1218, totalBytesReceived: 586610, done: false, firstBytes: '00 5d d9 01 41 73 01 04 81 d6 2e cc 5d ce 00 00'}
logger.js:357 07:37:58.601 [INFO] [moqt:session:object-router] Stream read chunk {readNumber: 279, chunkSize: 1176, totalBytesReceived: 587786, done: false, firstBytes: '7d 7a 4b 42 7b df fa d5 5c 9b fa ad 57 04 fe fb'}
logger.js:357 07:37:58.602 [INFO] [moqt:session:object-router] Stream read chunk {readNumber: 280, chunkSize: 2478, totalBytesReceived: 590264, done: false, firstBytes: '47 6b af 7d 7b ea df 56 fa f7 d7 be bf ae bf 92'}
logger.js:357 07:37:58.605 [INFO] [moqt:session:object-router] Stream read chunk {readNumber: 281, chunkSize: 1176, totalBytesReceived: 591440, done: false, firstBytes: '60 87 5f ab 9b af cd eb b4 ad d5 d5 35 4c 4f 5e'}
logger.js:357 07:37:58.605 [INFO] [moqt:session:object-router] Stream read chunk {readNumber: 282, chunkSize: 1260, totalBytesReceived: 592700, done: false, firstBytes: '07 e0 b7 7d 6b 6e 0b 83 c3 ef d6 bc 56 f4 14 c5'}
logger.js:357 07:37:58.606 [INFO] [moqt:session:object-router] Stream read chunk {readNumber: 283, chunkSize: 336, totalBytesReceived: 593036, done: false, firstBytes: 'e7 26 6e ac f8 23 ef af 93 d7 18 b6 7f b6 92 35'}
logger.js:357 07:37:58.606 [DEBUG] [moqt:session:object-router] Looking up subscription by trackAlias {lookupAlias: '0', found: true, knownAliases: Array(1)}
logger.js:357 07:37:58.606 [INFO] [moqt:session:object-router] Delivering object {subscriptionId: 2, groupId: 1812372264, objectId: 73, dataSize: 7641}
logger.js:357 07:37:58.640 [INFO] [moqt:session:object-router] Stream read chunk {readNumber: 284, chunkSize: 4872, totalBytesReceived: 597908, done: false, firstBytes: '00 5e 9f 01 41 74 01 04 81 d6 bd 60 5e 94 00 00'}
logger.js:357 07:37:58.641 [INFO] [moqt:session:object-router] Stream read chunk {readNumber: 285, chunkSize: 2970, totalBytesReceived: 600878, done: false, firstBytes: 'eb c3 9f ab c5 62 25 12 ef 10 4c bd 6a aa 4d 75'}
logger.js:357 07:37:58.641 [DEBUG] [moqt:session:object-router] Looking up subscription by trackAlias {lookupAlias: '0', found: true, knownAliases: Array(1)}
logger.js:357 07:37:58.642 [INFO] [moqt:session:object-router] Delivering object {subscriptionId: 2, groupId: 1812372264, objectId: 74, dataSize: 7839}
logger.js:357 07:37:58.673 [INFO] [moqt:session:object-router] Stream read chunk {readNumber: 286, chunkSize: 1218, totalBytesReceived: 602096, done: false, firstBytes: '00 5a d7 01 41 75 01 04 81 d7 34 20 5a cc 00 00'}
logger.js:357 07:37:58.673 [INFO] [moqt:session:object-router] Stream read chunk {readNumber: 287, chunkSize: 2436, totalBytesReceived: 604532, done: false, firstBytes: '37 5a 90 eb ff aa fa b4 dd 7a ba d4 15 8a 25 fd'}
logger.js:357 07:37:58.676 [INFO] [moqt:session:object-router] Stream read chunk {readNumber: 288, chunkSize: 3220, totalBytesReceived: 607752, done: false, firstBytes: 'f1 7c 72 5a cf 8a fc 12 dd f7 7e be 0a b5 f5 af'}
logger.js:357 07:37:58.676 [DEBUG] [moqt:session:object-router] Looking up subscription by trackAlias {lookupAlias: '0', found: true, knownAliases: Array(1)}
logger.js:357 07:37:58.676 [INFO] [moqt:session:object-router] Delivering object {subscriptionId: 2, groupId: 1812372264, objectId: 75, dataSize: 6871}
logger.js:357 07:37:58.704 [INFO] [moqt:session:object-router] Stream read chunk {readNumber: 289, chunkSize: 1218, totalBytesReceived: 608970, done: false, firstBytes: '00 63 ac 01 41 76 01 04 81 d7 bd 3c 63 a1 00 00'}
logger.js:357 07:37:58.706 [INFO] [moqt:session:object-router] Stream read chunk {readNumber: 290, chunkSize: 2436, totalBytesReceived: 611406, done: false, firstBytes: '26 85 78 85 93 ad 67 7f ad 7d 6a 8e f5 d5 e8 67'}
logger.js:357 07:37:58.708 [INFO] [moqt:session:object-router] Stream read chunk {readNumber: 291, chunkSize: 1176, totalBytesReceived: 612582, done: false, firstBytes: 'cc 40 8f b7 6d e6 ca 5f 8e de fb df f8 25 9b 3b'}
logger.js:357 07:37:58.708 [INFO] [moqt:session:object-router] Stream read chunk {readNumber: 292, chunkSize: 1260, totalBytesReceived: 613842, done: false, firstBytes: '57 36 7f 9b be c1 b8 1a f2 57 e6 e8 b6 9d 7f be'}
logger.js:357 07:37:58.711 [INFO] [moqt:session:object-router] Stream read chunk {readNumber: 293, chunkSize: 3045, totalBytesReceived: 616887, done: false, firstBytes: '56 ff ca bb 72 f1 64 28 26 dc 62 b8 eb 34 63 aa'}
logger.js:357 07:37:58.711 [DEBUG] [moqt:session:object-router] Looking up subscription by trackAlias {lookupAlias: '0', found: true, knownAliases: Array(1)}
logger.js:357 07:37:58.711 [INFO] [moqt:session:object-router] Delivering object {subscriptionId: 2, groupId: 1812372264, objectId: 76, dataSize: 9132}
logger.js:357 07:37:58.737 [INFO] [moqt:session:object-router] Stream read chunk {readNumber: 294, chunkSize: 1218, totalBytesReceived: 618105, done: false, firstBytes: '00 60 0e 01 41 77 01 04 81 d8 3e ec 60 03 00 00'}
logger.js:357 07:37:58.744 [INFO] [moqt:session:object-router] Stream read chunk {readNumber: 295, chunkSize: 1176, totalBytesReceived: 619281, done: false, firstBytes: '3e be 6c 1c d0 a7 a3 f5 b8 ce bd 04 bd 7a 41 4b'}
logger.js:357 07:37:58.744 [INFO] [moqt:session:object-router] Stream read chunk {readNumber: 296, chunkSize: 1260, totalBytesReceived: 620541, done: false, firstBytes: '7d 62 09 78 8f 46 04 a2 81 a8 2b af 75 75 76 df'}
logger.js:357 07:37:58.746 [INFO] [moqt:session:object-router] Stream read chunk {readNumber: 297, chunkSize: 2436, totalBytesReceived: 622977, done: false, firstBytes: '77 b3 62 89 92 0c 40 5a f4 41 37 e8 b5 7d f6 5f'}
logger.js:357 07:37:58.749 [INFO] [moqt:session:object-router] Stream read chunk {readNumber: 298, chunkSize: 2119, totalBytesReceived: 625096, done: false, firstBytes: 'fd 4e 39 85 24 c0 59 81 54 bd f8 22 82 ea aa e9'}
logger.js:357 07:37:58.749 [DEBUG] [moqt:session:object-router] Looking up subscription by trackAlias {lookupAlias: '0', found: true, knownAliases: Array(1)}
logger.js:357 07:37:58.749 [INFO] [moqt:session:object-router] Delivering object {subscriptionId: 2, groupId: 1812372264, objectId: 77, dataSize: 8206}
logger.js:357 07:37:58.771 [INFO] [moqt:session:object-router] Stream read chunk {readNumber: 299, chunkSize: 3654, totalBytesReceived: 628750, done: false, firstBytes: '00 5f a9 01 41 78 01 04 81 d8 c7 a4 5f 9e 00 00'}
logger.js:357 07:37:58.772 [INFO] [moqt:session:object-router] Stream read chunk {readNumber: 300, chunkSize: 1218, totalBytesReceived: 629968, done: false, firstBytes: '60 0f 85 04 dd aa d5 60 65 87 a0 a3 af 5b 62 c9'}
logger.js:357 07:37:58.775 [INFO] [moqt:session:object-router] Stream read chunk {readNumber: 301, chunkSize: 1176, totalBytesReceived: 631144, done: false, firstBytes: '61 b7 09 bf 55 ab ff f6 7f 5d 7d e1 ef ad 5d 4d'}
logger.js:357 07:37:58.775 [INFO] [moqt:session:object-router] Stream read chunk {readNumber: 302, chunkSize: 1260, totalBytesReceived: 632404, done: false, firstBytes: '5a 93 82 5d f7 f5 e8 be b1 3f cd ed 79 75 1b 5c'}
logger.js:357 07:37:58.779 [INFO] [moqt:session:object-router] Stream read chunk {readNumber: 303, chunkSize: 800, totalBytesReceived: 633204, done: false, firstBytes: '6b 5d 1d fa df eb ec 53 e3 bf 62 9f 14 b8 b5 5a'}
logger.js:357 07:37:58.779 [DEBUG] [moqt:session:object-router] Looking up subscription by trackAlias {lookupAlias: '0', found: true, knownAliases: Array(1)}
logger.js:357 07:37:58.779 [INFO] [moqt:session:object-router] Delivering object {subscriptionId: 2, groupId: 1812372264, objectId: 78, dataSize: 8105}
logger.js:357 07:37:58.800 [INFO] [moqt:session:object-router] Stream read chunk {readNumber: 304, chunkSize: 1218, totalBytesReceived: 634422, done: false, firstBytes: '00 60 af 01 41 79 01 04 81 d9 3f f4 60 a4 00 00'}
logger.js:357 07:37:58.808 [INFO] [moqt:session:object-router] Stream read chunk {readNumber: 305, chunkSize: 6090, totalBytesReceived: 640512, done: false, firstBytes: 'c5 fe fa b4 a2 9e 84 2c 9c d7 7f c1 46 fb fa fa'}
logger.js:357 07:37:58.808 [INFO] [moqt:session:object-router] Stream read chunk {readNumber: 306, chunkSize: 1062, totalBytesReceived: 641574, done: false, firstBytes: '2d 56 9c be 44 e4 82 ad 75 f4 b7 1e fb cb e4 ea'}
logger.js:357 07:37:58.808 [DEBUG] [moqt:session:object-router] Looking up subscription by trackAlias {lookupAlias: '0', found: true, knownAliases: Array(1)}
logger.js:357 07:37:58.808 [INFO] [moqt:session:object-router] Delivering object {subscriptionId: 2, groupId: 1812372264, objectId: 79, dataSize: 8367}
logger.js:357 07:37:58.836 [INFO] [moqt:session:object-router] Stream read chunk {readNumber: 307, chunkSize: 1218, totalBytesReceived: 642792, done: false, firstBytes: '00 62 5e 01 41 7a 01 04 81 d9 c5 8c 62 53 00 00'}
logger.js:357 07:37:58.840 [INFO] [moqt:session:object-router] Stream read chunk {readNumber: 308, chunkSize: 7583, totalBytesReceived: 650375, done: false, firstBytes: 'c7 d5 e1 be b5 8a ec fb 92 1a cd d6 a3 fa bd 7f'}
logger.js:357 07:37:58.841 [DEBUG] [moqt:session:object-router] Looking up subscription by trackAlias {lookupAlias: '0', found: true, knownAliases: Array(1)}
logger.js:357 07:37:58.841 [INFO] [moqt:session:object-router] Delivering object {subscriptionId: 2, groupId: 1812372264, objectId: 80, dataSize: 8798}
logger.js:357 07:37:58.871 [INFO] [moqt:session:object-router] Stream read chunk {readNumber: 309, chunkSize: 1218, totalBytesReceived: 651593, done: false, firstBytes: '00 60 ae 01 41 7b 01 04 81 da 44 1c 60 a3 00 00'}
logger.js:357 07:37:58.872 [INFO] [moqt:session:object-router] Stream read chunk {readNumber: 310, chunkSize: 2436, totalBytesReceived: 654029, done: false, firstBytes: '22 f4 23 8f 3b ff 81 92 aa 73 f2 75 ea c1 c7 d7'}
logger.js:357 07:37:58.880 [INFO] [moqt:session:object-router] Stream read chunk {readNumber: 311, chunkSize: 2436, totalBytesReceived: 656465, done: false, firstBytes: 'd6 35 cd ad 8c c7 53 34 7f 00 43 a0 3f 54 7c 73'}
logger.js:357 07:37:58.884 [INFO] [moqt:session:object-router] Stream read chunk {readNumber: 312, chunkSize: 2279, totalBytesReceived: 658744, done: false, firstBytes: '4b 3f 3c 65 7f 2e 17 0f 6d 75 3f 3a 88 41 e1 95'}
logger.js:357 07:37:58.884 [DEBUG] [moqt:session:object-router] Looking up subscription by trackAlias {lookupAlias: '0', found: true, knownAliases: Array(1)}
logger.js:357 07:37:58.884 [INFO] [moqt:session:object-router] Delivering object {subscriptionId: 2, groupId: 1812372264, objectId: 81, dataSize: 8366}
logger.js:357 07:37:58.910 [INFO] [moqt:session:object-router] Stream read chunk {readNumber: 313, chunkSize: 1218, totalBytesReceived: 659962, done: false, firstBytes: '00 61 b4 01 41 7c 01 04 81 da ce 00 61 a9 00 00'}
logger.js:357 07:37:58.910 [INFO] [moqt:session:object-router] Stream read chunk {readNumber: 314, chunkSize: 2436, totalBytesReceived: 662398, done: false, firstBytes: 'aa eb 5f 5a 8f 3b e7 77 47 e2 bf d5 58 82 63 3a'}
logger.js:357 07:37:58.921 [INFO] [moqt:session:object-router] Stream read chunk {readNumber: 315, chunkSize: 4977, totalBytesReceived: 667375, done: false, firstBytes: '07 15 e6 0f 22 60 7b fc 31 af 58 bb b1 ce 08 4a'}
logger.js:357 07:37:58.921 [DEBUG] [moqt:session:object-router] Looking up subscription by trackAlias {lookupAlias: '0', found: true, knownAliases: Array(1)}
logger.js:357 07:37:58.921 [INFO] [moqt:session:object-router] Delivering object {subscriptionId: 2, groupId: 1812372264, objectId: 82, dataSize: 8628}
logger.js:357 07:37:58.934 [INFO] [moqt:session:object-router] Stream read chunk {readNumber: 316, chunkSize: 2436, totalBytesReceived: 669811, done: false, firstBytes: '00 61 2a 01 41 7d 01 04 81 db 48 44 61 1f 00 00'}
logger.js:357 07:37:58.936 [INFO] [moqt:session:object-router] Stream read chunk {readNumber: 317, chunkSize: 2436, totalBytesReceived: 672247, done: false, firstBytes: '6f 59 24 eb d4 55 7d dd d7 08 fa d6 ab bc f8 85'}
logger.js:357 07:37:58.939 [INFO] [moqt:session:object-router] Stream read chunk {readNumber: 318, chunkSize: 1218, totalBytesReceived: 673465, done: false, firstBytes: '9f 19 bf b7 19 e6 de 23 87 2c 61 81 fe b2 d3 dc'}
logger.js:357 07:37:58.942 [INFO] [moqt:session:object-router] Stream read chunk {readNumber: 319, chunkSize: 2403, totalBytesReceived: 675868, done: false, firstBytes: 'a5 b1 f1 14 bf 6b 71 dd a3 e6 7c 06 2f db bd 56'}
logger.js:357 07:37:58.943 [DEBUG] [moqt:session:object-router] Looking up subscription by trackAlias {lookupAlias: '0', found: true, knownAliases: Array(1)}
logger.js:357 07:37:58.943 [INFO] [moqt:session:object-router] Delivering object {subscriptionId: 2, groupId: 1812372264, objectId: 83, dataSize: 8490}
logger.js:357 07:37:58.968 [INFO] [moqt:session:object-router] Stream read chunk {readNumber: 320, chunkSize: 1218, totalBytesReceived: 677086, done: false, firstBytes: '00 60 98 01 41 7e 01 04 81 db cb 20 60 8d 00 00'}
logger.js:357 07:37:58.971 [INFO] [moqt:session:object-router] Stream read chunk {readNumber: 321, chunkSize: 2436, totalBytesReceived: 679522, done: false, firstBytes: 'd7 27 82 cb e6 ef 5d 7a 5f f5 50 20 f5 e8 f3 ee'}
logger.js:357 07:37:58.972 [INFO] [moqt:session:object-router] Stream read chunk {readNumber: 322, chunkSize: 1218, totalBytesReceived: 680740, done: false, firstBytes: '92 fa d6 c0 37 e0 30 4e 12 19 bf 7f b5 aa e6 18'}
logger.js:357 07:37:58.977 [INFO] [moqt:session:object-router] Stream read chunk {readNumber: 323, chunkSize: 3475, totalBytesReceived: 684215, done: false, firstBytes: '0d 69 5e fd 7c 7f bc 5b df ba 0d 4b 6f b7 23 61'}
logger.js:357 07:37:58.977 [DEBUG] [moqt:session:object-router] Looking up subscription by trackAlias {lookupAlias: '0', found: true, knownAliases: Array(1)}
logger.js:357 07:37:58.977 [INFO] [moqt:session:object-router] Delivering object {subscriptionId: 2, groupId: 1812372264, objectId: 84, dataSize: 8344}
logger.js:357 07:37:59.000 [INFO] [moqt:session:object-router] Stream read chunk {readNumber: 324, chunkSize: 1218, totalBytesReceived: 685433, done: false, firstBytes: '00 61 2a 01 41 7f 01 04 81 dc 4a 78 61 1f 00 00'}
logger.js:357 07:37:59.003 [INFO] [moqt:session:object-router] Stream read chunk {readNumber: 325, chunkSize: 2436, totalBytesReceived: 687869, done: false, firstBytes: '55 d7 a8 53 c1 07 5e 9a 0d 34 77 8b 3b b8 7f ad'}
logger.js:357 07:37:59.004 [INFO] [moqt:session:object-router] Stream read chunk {readNumber: 326, chunkSize: 2436, totalBytesReceived: 690305, done: false, firstBytes: 'df d2 2e fe 5e f2 75 ab eb df 5e fa f7 d7 ab af'}
logger.js:357 07:37:59.008 [INFO] [moqt:session:object-router] Stream read chunk {readNumber: 327, chunkSize: 2403, totalBytesReceived: 692708, done: false, firstBytes: '5f f8 2c d7 df 5a f7 c2 75 f7 fc 9b fe 4b ff 36'}
logger.js:357 07:37:59.008 [DEBUG] [moqt:session:object-router] Looking up subscription by trackAlias {lookupAlias: '0', found: true, knownAliases: Array(1)}
logger.js:357 07:37:59.008 [INFO] [moqt:session:object-router] Delivering object {subscriptionId: 2, groupId: 1812372264, objectId: 85, dataSize: 8490}
logger.js:357 07:37:59.039 [INFO] [moqt:session:object-router] Stream read chunk {readNumber: 328, chunkSize: 4830, totalBytesReceived: 697538, done: false, firstBytes: '00 62 3f 01 41 80 01 04 81 dc d3 f8 62 34 00 00'}
logger.js:357 07:37:59.041 [INFO] [moqt:session:object-router] Stream read chunk {readNumber: 329, chunkSize: 2478, totalBytesReceived: 700016, done: false, firstBytes: 'df ab 68 33 89 36 ee fe 23 37 d7 bd f4 b5 15 97'}
logger.js:357 07:37:59.044 [INFO] [moqt:session:object-router] Stream read chunk {readNumber: 330, chunkSize: 1462, totalBytesReceived: 701478, done: false, firstBytes: '9e 7f ef 7e f8 23 bf 97 c5 77 ba fe 3f 74 f5 f7'}
logger.js:357 07:37:59.044 [DEBUG] [moqt:session:object-router] Looking up subscription by trackAlias {lookupAlias: '0', found: true, knownAliases: Array(1)}
logger.js:357 07:37:59.044 [INFO] [moqt:session:object-router] Delivering object {subscriptionId: 2, groupId: 1812372264, objectId: 86, dataSize: 8767}
logger.js:357 07:37:59.073 [INFO] [moqt:session:object-router] Stream read chunk {readNumber: 331, chunkSize: 1218, totalBytesReceived: 702696, done: false, firstBytes: '00 60 9a 01 41 81 01 04 81 dd 54 e0 60 8f 00 00'}
logger.js:357 07:37:59.074 [INFO] [moqt:session:object-router] Stream read chunk {readNumber: 332, chunkSize: 4872, totalBytesReceived: 707568, done: false, firstBytes: 'f5 7b 11 c8 23 c5 71 a7 57 8a 58 a3 92 e2 8f eb'}
logger.js:357 07:37:59.078 [INFO] [moqt:session:object-router] Stream read chunk {readNumber: 333, chunkSize: 2259, totalBytesReceived: 709827, done: false, firstBytes: 'e3 b5 8a 39 ba fa 04 fb ef 7b e6 e3 08 c0 b5 e0'}
logger.js:357 07:37:59.078 [DEBUG] [moqt:session:object-router] Looking up subscription by trackAlias {lookupAlias: '0', found: true, knownAliases: Array(1)}
logger.js:357 07:37:59.079 [INFO] [moqt:session:object-router] Delivering object {subscriptionId: 2, groupId: 1812372264, objectId: 87, dataSize: 8346}
logger.js:357 07:37:59.101 [INFO] [moqt:session:object-router] Stream read chunk {readNumber: 334, chunkSize: 1218, totalBytesReceived: 711045, done: false, firstBytes: '00 60 55 01 41 82 01 04 81 dd d8 e8 60 4a 00 00'}
logger.js:357 07:37:59.106 [INFO] [moqt:session:object-router] Stream read chunk {readNumber: 335, chunkSize: 1176, totalBytesReceived: 712221, done: false, firstBytes: 'ef af 7d 7a 5c 0f 12 08 27 da f7 d7 be bd 5d 7b'}
logger.js:357 07:37:59.108 [INFO] [moqt:session:object-router] Stream read chunk {readNumber: 336, chunkSize: 3696, totalBytesReceived: 715917, done: false, firstBytes: 'be b2 f3 76 be 4f 5b e8 46 6b e8 fe 81 0c 97 f8'}
logger.js:357 07:37:59.109 [INFO] [moqt:session:object-router] Stream read chunk {readNumber: 337, chunkSize: 1218, totalBytesReceived: 717135, done: false, firstBytes: 'fb b1 c0 76 01 fc 17 45 6f d7 9f 80 dc 84 7d 7b'}
logger.js:357 07:37:59.114 [INFO] [moqt:session:object-router] Stream read chunk {readNumber: 338, chunkSize: 972, totalBytesReceived: 718107, done: false, firstBytes: '92 bc eb e0 26 40 23 41 4c 47 12 b8 92 3e 48 af'}
logger.js:357 07:37:59.114 [DEBUG] [moqt:session:object-router] Looking up subscription by trackAlias {lookupAlias: '0', found: true, knownAliases: Array(1)}
logger.js:357 07:37:59.114 [INFO] [moqt:session:object-router] Delivering object {subscriptionId: 2, groupId: 1812372264, objectId: 88, dataSize: 8277}
logger.js:357 07:37:59.134 [INFO] [moqt:session:object-router] Stream read chunk {readNumber: 339, chunkSize: 1218, totalBytesReceived: 719325, done: false, firstBytes: '00 5f 8b 01 41 83 01 04 81 de 5c 8c 5f 80 00 00'}
logger.js:357 07:37:59.140 [INFO] [moqt:session:object-router] Stream read chunk {readNumber: 340, chunkSize: 4872, totalBytesReceived: 724197, done: false, firstBytes: 'eb dc 0a 59 7a d6 7e 5c 1c 62 ff 7d 5b eb df 5f'}
logger.js:357 07:37:59.146 [INFO] [moqt:session:object-router] Stream read chunk {readNumber: 341, chunkSize: 1218, totalBytesReceived: 725415, done: false, firstBytes: '9b 66 80 fd 99 bb 5a aa 76 eb 56 ad c1 5b ab b7'}
logger.js:357 07:37:59.147 [INFO] [moqt:session:object-router] Stream read chunk {readNumber: 342, chunkSize: 770, totalBytesReceived: 726185, done: false, firstBytes: '5e c5 72 0a 7c eb e1 0b eb df 04 7b fd 51 66 04'}
logger.js:357 07:37:59.147 [DEBUG] [moqt:session:object-router] Looking up subscription by trackAlias {lookupAlias: '0', found: true, knownAliases: Array(1)}
logger.js:357 07:37:59.147 [INFO] [moqt:session:object-router] Delivering object {subscriptionId: 2, groupId: 1812372264, objectId: 89, dataSize: 8075}
logger.js:357 07:37:59.170 [INFO] [moqt:session:object-router] Stream read chunk {readNumber: 343, chunkSize: 1218, totalBytesReceived: 727403, done: false, firstBytes: '00 5f 35 01 41 84 01 04 81 de df 68 5f 2a 00 00'}
logger.js:357 07:37:59.175 [INFO] [moqt:session:object-router] Stream read chunk {readNumber: 344, chunkSize: 4872, totalBytesReceived: 732275, done: false, firstBytes: '77 fa d6 7f 3f af c5 6f 15 d7 57 94 52 cd d6 a4'}
logger.js:357 07:37:59.179 [INFO] [moqt:session:object-router] Stream read chunk {readNumber: 345, chunkSize: 1902, totalBytesReceived: 734177, done: false, firstBytes: '15 d4 68 54 18 82 3f 77 62 31 2d 2c 02 e8 38 58'}
logger.js:357 07:37:59.179 [DEBUG] [moqt:session:object-router] Looking up subscription by trackAlias {lookupAlias: '0', found: true, knownAliases: Array(1)}
logger.js:357 07:37:59.179 [INFO] [moqt:session:object-router] Delivering object {subscriptionId: 2, groupId: 1812372264, objectId: 90, dataSize: 7989}
logger.js:357 07:37:59.199 [INFO] [moqt:session:object-router] Stream read chunk {readNumber: 346, chunkSize: 1218, totalBytesReceived: 735395, done: false, firstBytes: '00 61 48 01 41 85 01 04 81 df 59 48 61 3d 00 00'}
logger.js:357 07:37:59.202 [INFO] [moqt:session:object-router] Stream read chunk {readNumber: 347, chunkSize: 3654, totalBytesReceived: 739049, done: false, firstBytes: 'df eb 5f 5a 88 3e f3 bb ce f3 7f aa 9f 07 13 75'}
logger.js:357 07:37:59.205 [INFO] [moqt:session:object-router] Stream read chunk {readNumber: 348, chunkSize: 1218, totalBytesReceived: 740267, done: false, firstBytes: '7e b1 1b fa f7 d7 af af 5f 1d dd f7 de fe 6a f7'}
logger.js:357 07:37:59.206 [INFO] [moqt:session:object-router] Stream read chunk {readNumber: 349, chunkSize: 1218, totalBytesReceived: 741485, done: false, firstBytes: '08 fb e0 bb bf 55 ee 35 05 3d ad ad 56 bf b9 18'}
logger.js:357 07:37:59.209 [INFO] [moqt:session:object-router] Stream read chunk {readNumber: 350, chunkSize: 1215, totalBytesReceived: 742700, done: false, firstBytes: '67 f0 97 ad 7f 25 1f e8 47 bd f5 d5 eb 96 ff cb'}
logger.js:357 07:37:59.209 [DEBUG] [moqt:session:object-router] Looking up subscription by trackAlias {lookupAlias: '0', found: true, knownAliases: Array(1)}
logger.js:357 07:37:59.209 [INFO] [moqt:session:object-router] Delivering object {subscriptionId: 2, groupId: 1812372264, objectId: 91, dataSize: 8520}
logger.js:357 07:37:59.232 [INFO] [moqt:session:object-router] Stream read chunk {readNumber: 351, chunkSize: 1218, totalBytesReceived: 743918, done: false, firstBytes: '00 60 c0 01 41 86 01 04 81 df d7 d8 60 b5 00 00'}
logger.js:357 07:37:59.240 [INFO] [moqt:session:object-router] Stream read chunk {readNumber: 352, chunkSize: 7169, totalBytesReceived: 751087, done: false, firstBytes: 'e8 51 3e 0c 65 15 c9 fe aa b9 7b c6 f5 6a ea df'}
logger.js:357 07:37:59.241 [DEBUG] [moqt:session:object-router] Looking up subscription by trackAlias {lookupAlias: '0', found: true, knownAliases: Array(1)}
logger.js:357 07:37:59.241 [INFO] [moqt:session:object-router] Delivering object {subscriptionId: 2, groupId: 1812372264, objectId: 92, dataSize: 8384}
logger.js:357 07:37:59.260 [DEBUG] [moqt:media:video-decoder] Video decode stats {instanceId: 1, framesDecoded: 330, width: 1920, height: 1080}
logger.js:357 07:37:59.270 [INFO] [moqt:session:object-router] Stream read chunk {readNumber: 353, chunkSize: 1218, totalBytesReceived: 752305, done: false, firstBytes: '00 60 a1 01 41 87 01 04 81 e0 5b 7c 60 96 00 00'}
logger.js:357 07:37:59.273 [INFO] [moqt:session:object-router] Stream read chunk {readNumber: 354, chunkSize: 1218, totalBytesReceived: 753523, done: false, firstBytes: '9c bd e1 23 ac 76 0c 24 c1 a5 8a 5a eb d1 30 cf'}
logger.js:357 07:37:59.287 [INFO] [moqt:session:object-router] Stream read chunk {readNumber: 355, chunkSize: 2436, totalBytesReceived: 755959, done: false, firstBytes: 'dd ed 8e c1 96 ca b1 8a 33 cf c0 16 20 1a b3 6b'}
logger.js:357 07:37:59.288 [INFO] [moqt:session:object-router] Stream read chunk {readNumber: 356, chunkSize: 2352, totalBytesReceived: 758311, done: false, firstBytes: '0a 29 b4 9f a6 32 d1 62 af 95 56 d3 24 92 e3 db'}
logger.js:357 07:37:59.288 [INFO] [moqt:session:object-router] Stream read chunk {readNumber: 357, chunkSize: 1132, totalBytesReceived: 759443, done: false, firstBytes: 'fd 6f 7f 82 4d 77 f1 fa 1d d7 ab 8b df e9 ae ac'}
logger.js:357 07:37:59.288 [DEBUG] [moqt:session:object-router] Looking up subscription by trackAlias {lookupAlias: '0', found: true, knownAliases: Array(1)}
logger.js:357 07:37:59.288 [INFO] [moqt:session:object-router] Delivering object {subscriptionId: 2, groupId: 1812372264, objectId: 93, dataSize: 8353}
logger.js:357 07:37:59.291 [DEBUG] [moqt:media:subscribe-pipeline] Video arbiter stats {activeGroup: 1812372264, groupCount: 3, framesOutput: 331, groupsCompleted: 2, groupsSkipped: 0}
logger.js:357 07:37:59.304 [INFO] [moqt:session:object-router] Stream read chunk {readNumber: 358, chunkSize: 1218, totalBytesReceived: 760661, done: false, firstBytes: '00 60 97 01 41 88 01 04 81 e0 de 58 60 8c 00 00'}
logger.js:357 07:37:59.307 [INFO] [moqt:session:object-router] Stream read chunk {readNumber: 359, chunkSize: 2436, totalBytesReceived: 763097, done: false, firstBytes: 'af 47 88 59 cf b9 a0 f3 70 2d 61 f3 f1 9d 6b eb'}
logger.js:357 07:37:59.311 [INFO] [moqt:session:object-router] Stream read chunk {readNumber: 360, chunkSize: 4692, totalBytesReceived: 767789, done: false, firstBytes: 'e6 54 d8 be 6e f8 ef 78 96 b9 b1 76 94 bf b5 97'}
logger.js:357 07:37:59.311 [DEBUG] [moqt:session:object-router] Looking up subscription by trackAlias {lookupAlias: '0', found: true, knownAliases: Array(1)}
logger.js:357 07:37:59.311 [INFO] [moqt:session:object-router] Delivering object {subscriptionId: 2, groupId: 1812372264, objectId: 94, dataSize: 8343}
logger.js:357 07:37:59.335 [INFO] [moqt:session:object-router] Stream read chunk {readNumber: 361, chunkSize: 1218, totalBytesReceived: 769007, done: false, firstBytes: '00 61 79 01 41 89 01 04 81 e1 61 98 61 6e 00 00'}
logger.js:357 07:37:59.338 [INFO] [moqt:session:object-router] Stream read chunk {readNumber: 362, chunkSize: 2436, totalBytesReceived: 771443, done: false, firstBytes: '86 3a f4 bd 5a 20 57 76 e6 11 e2 bf af 5f 5e 93'}
logger.js:357 07:37:59.346 [INFO] [moqt:session:object-router] Stream read chunk {readNumber: 363, chunkSize: 4872, totalBytesReceived: 776315, done: false, firstBytes: '2e 92 f7 d7 a5 78 86 be fa 8e d7 44 78 ab bb b6'}
logger.js:357 07:37:59.351 [INFO] [moqt:session:object-router] Stream read chunk {readNumber: 364, chunkSize: 46, totalBytesReceived: 776361, done: false, firstBytes: 'b5 7b 10 4d da 27 ac ea fe af f7 2f f1 30 de eb'}
logger.js:357 07:37:59.351 [DEBUG] [moqt:session:object-router] Looking up subscription by trackAlias {lookupAlias: '0', found: true, knownAliases: Array(1)}
logger.js:357 07:37:59.351 [INFO] [moqt:session:object-router] Delivering object {subscriptionId: 2, groupId: 1812372264, objectId: 95, dataSize: 8569}
logger.js:357 07:37:59.370 [INFO] [moqt:session:object-router] Stream read chunk {readNumber: 365, chunkSize: 1218, totalBytesReceived: 777579, done: false, firstBytes: '00 62 d0 01 41 8a 01 04 81 e1 f6 6c 62 c5 00 00'}
logger.js:357 07:37:59.372 [INFO] [moqt:session:object-router] Stream read chunk {readNumber: 366, chunkSize: 1218, totalBytesReceived: 778797, done: false, firstBytes: '55 28 ae 05 2e b5 12 7e 27 af 50 ef d4 21 6a 0f'}
logger.js:357 07:37:59.376 [INFO] [moqt:session:object-router] Stream read chunk {readNumber: 367, chunkSize: 1218, totalBytesReceived: 780015, done: false, firstBytes: 'a3 9c e4 14 08 bd eb eb 5e 0a 16 d6 7e 22 07 a0'}
logger.js:357 07:37:59.379 [INFO] [moqt:session:object-router] Stream read chunk {readNumber: 368, chunkSize: 3654, totalBytesReceived: 783669, done: false, firstBytes: '80 00 91 97 6c cb ad 21 e8 93 92 6a 53 3a 7c 05'}
logger.js:357 07:37:59.383 [INFO] [moqt:session:object-router] Stream read chunk {readNumber: 369, chunkSize: 1218, totalBytesReceived: 784887, done: false, firstBytes: '95 fe 5d 8c d9 be 0b bd de fa 9f 82 3f 4a be 5e'}
logger.js:357 07:37:59.385 [INFO] [moqt:session:object-router] Stream read chunk {readNumber: 370, chunkSize: 389, totalBytesReceived: 785276, done: false, firstBytes: '75 af 0d fa 68 67 ff d8 5e 7a ce 8b df ec 47 88'}
logger.js:357 07:37:59.385 [DEBUG] [moqt:session:object-router] Looking up subscription by trackAlias {lookupAlias: '0', found: true, knownAliases: Array(1)}
logger.js:357 07:37:59.385 [INFO] [moqt:session:object-router] Delivering object {subscriptionId: 2, groupId: 1812372264, objectId: 96, dataSize: 8912}
logger.js:357 07:37:59.399 [INFO] [moqt:session:object-router] Stream read chunk {readNumber: 371, chunkSize: 1156, totalBytesReceived: 786432, done: false, firstBytes: '00 63 4e 01 41 8b 01 04 81 e2 60 ac 63 43 00 00'}
logger.js:357 07:37:59.400 [INFO] [moqt:session:object-router] Stream read chunk {readNumber: 372, chunkSize: 1218, totalBytesReceived: 787650, done: false, firstBytes: '55 6f eb 55 d6 be b5 19 01 25 90 43 fd 5e 0c 3a'}
logger.js:357 07:37:59.407 [INFO] [moqt:session:object-router] Stream read chunk {readNumber: 373, chunkSize: 2436, totalBytesReceived: 790086, done: false, firstBytes: 'a1 76 2c 70 2d 71 61 60 6c a0 ba c2 34 a5 95 4c'}
logger.js:357 07:37:59.408 [INFO] [moqt:session:object-router] Stream read chunk {readNumber: 374, chunkSize: 3654, totalBytesReceived: 793740, done: false, firstBytes: '01 0f 60 97 d5 c6 06 60 5c 5e 4f f0 51 de bd b8'}
logger.js:357 07:37:59.410 [INFO] [moqt:session:object-router] Stream read chunk {readNumber: 375, chunkSize: 577, totalBytesReceived: 794317, done: false, firstBytes: '74 dd 33 fa 3f b3 93 dd 7a 8e f3 e7 11 af 7d b1'}
logger.js:357 07:37:59.410 [DEBUG] [moqt:session:object-router] Looking up subscription by trackAlias {lookupAlias: '0', found: true, knownAliases: Array(1)}
logger.js:357 07:37:59.410 [INFO] [moqt:session:object-router] Delivering object {subscriptionId: 2, groupId: 1812372264, objectId: 97, dataSize: 9038}
VideoRenderer.tsx:84 [VideoRenderer] Rendering stats {framesRendered: 330, frameWidth: 1920, frameHeight: 1080, timestamp: 392000}
logger.js:357 07:37:59.438 [INFO] [moqt:session:object-router] Stream read chunk {readNumber: 376, chunkSize: 1218, totalBytesReceived: 795535, done: false, firstBytes: '00 5b e1 01 41 8c 01 04 81 e2 f6 48 5b d6 00 00'}
logger.js:357 07:37:59.440 [INFO] [moqt:session:object-router] Stream read chunk {readNumber: 377, chunkSize: 1218, totalBytesReceived: 796753, done: false, firstBytes: 'c8 b6 28 98 ff f5 55 d5 e2 68 aa d7 d6 be 09 f6'}
logger.js:357 07:37:59.442 [INFO] [moqt:session:object-router] Stream read chunk {readNumber: 378, chunkSize: 1218, totalBytesReceived: 797971, done: false, firstBytes: '15 28 5f ad 7d 6f 08 1f 51 3d 5e bf d5 57 5a 9f'}
logger.js:357 07:37:59.443 [INFO] [moqt:session:object-router] Stream read chunk {readNumber: 379, chunkSize: 2436, totalBytesReceived: 800407, done: false, firstBytes: 'fb fc 12 c9 9e b5 f1 9b d5 6b fe 43 49 9c 4e 97'}
logger.js:357 07:37:59.461 [INFO] [moqt:session:object-router] Stream read chunk {readNumber: 380, chunkSize: 1050, totalBytesReceived: 801457, done: false, firstBytes: '65 cb fd fa 56 89 eb 5f 35 7b b8 4f 5a df 5c 56'}
logger.js:357 07:37:59.461 [DEBUG] [moqt:session:object-router] Looking up subscription by trackAlias {lookupAlias: '0', found: true, knownAliases: Array(1)}
logger.js:357 07:37:59.461 [INFO] [moqt:session:object-router] Delivering object {subscriptionId: 2, groupId: 1812372264, objectId: 98, dataSize: 7137}
logger.js:357 07:37:59.469 [INFO] [moqt:session:object-router] Stream read chunk {readNumber: 381, chunkSize: 2436, totalBytesReceived: 803893, done: false, firstBytes: '00 62 d6 01 41 8d 01 04 81 e3 68 bc 62 cb 00 00'}
logger.js:357 07:37:59.471 [INFO] [moqt:session:object-router] Stream read chunk {readNumber: 382, chunkSize: 2436, totalBytesReceived: 806329, done: false, firstBytes: '7c 2a af 8e c6 70 45 5f 7f ad 48 7e c4 93 e8 dd'}
logger.js:357 07:37:59.472 [INFO] [moqt:session:object-router] Stream read chunk {readNumber: 383, chunkSize: 1218, totalBytesReceived: 807547, done: false, firstBytes: 'b9 49 81 16 b3 f0 9f 0a fa 1b ac 6f 3d d1 89 88'}
logger.js:357 07:37:59.473 [INFO] [moqt:session:object-router] Stream read chunk {readNumber: 384, chunkSize: 1176, totalBytesReceived: 808723, done: false, firstBytes: '8f d7 eb 5f fe aa 3b ab 63 1e fa 02 d8 1c 81 20'}
logger.js:357 07:37:59.473 [INFO] [moqt:session:object-router] Stream read chunk {readNumber: 385, chunkSize: 1260, totalBytesReceived: 809983, done: false, firstBytes: '8f 4b 4e f9 2f d7 57 f9 37 fd f7 7f 24 d9 b4 ba'}
logger.js:357 07:37:59.474 [INFO] [moqt:session:object-router] Stream read chunk {readNumber: 386, chunkSize: 395, totalBytesReceived: 810378, done: false, firstBytes: '04 d6 fd f6 f8 22 bf ad 61 8a d7 6d 6b d0 24 df'}
logger.js:357 07:37:59.474 [DEBUG] [moqt:session:object-router] Looking up subscription by trackAlias {lookupAlias: '0', found: true, knownAliases: Array(1)}
logger.js:357 07:37:59.474 [INFO] [moqt:session:object-router] Delivering object {subscriptionId: 2, groupId: 1812372264, objectId: 99, dataSize: 8918}
logger.js:357 07:37:59.512 [INFO] [moqt:session:object-router] Stream read chunk {readNumber: 387, chunkSize: 2394, totalBytesReceived: 812772, done: false, firstBytes: '00 60 76 01 41 8e 01 04 81 e3 fa d4 60 6b 00 00'}
logger.js:357 07:37:59.514 [INFO] [moqt:session:object-router] Stream read chunk {readNumber: 388, chunkSize: 5919, totalBytesReceived: 818691, done: false, firstBytes: '11 be d5 a5 9f 57 6c db 33 08 58 74 56 64 5b 6b'}
logger.js:357 07:37:59.514 [DEBUG] [moqt:session:object-router] Looking up subscription by trackAlias {lookupAlias: '0', found: true, knownAliases: Array(1)}
logger.js:357 07:37:59.514 [INFO] [moqt:session:object-router] Delivering object {subscriptionId: 2, groupId: 1812372264, objectId: 100, dataSize: 8310}
logger.js:357 07:37:59.532 [INFO] [moqt:session:object-router] Stream read chunk {readNumber: 389, chunkSize: 1176, totalBytesReceived: 819867, done: false, firstBytes: '00 63 23 01 41 8f 01 04 81 e4 70 04 63 18 00 00'}
logger.js:357 07:37:59.533 [INFO] [moqt:session:object-router] Stream read chunk {readNumber: 390, chunkSize: 1260, totalBytesReceived: 821127, done: false, firstBytes: 'ba bc d8 12 24 ff 55 37 57 8f eb 5f 56 fa d4 40'}
logger.js:357 07:37:59.543 [INFO] [moqt:session:object-router] Stream read chunk {readNumber: 391, chunkSize: 1218, totalBytesReceived: 822345, done: false, firstBytes: 'd8 4b 7b cb ee fa d6 b1 40 f5 db f3 ba ce ef 40'}
logger.js:357 07:37:59.544 [INFO] [moqt:session:object-router] Stream read chunk {readNumber: 392, chunkSize: 1218, totalBytesReceived: 823563, done: false, firstBytes: 'd7 8e 07 16 ba cf 8b cf 85 15 8b 77 7c fa 51 4e'}
logger.js:357 07:37:59.546 [INFO] [moqt:session:object-router] Stream read chunk {readNumber: 393, chunkSize: 3654, totalBytesReceived: 827217, done: false, firstBytes: '39 cd 47 c6 2b 75 f5 7c eb 88 25 62 89 6a 39 d5'}
logger.js:357 07:37:59.549 [INFO] [moqt:session:object-router] Stream read chunk {readNumber: 394, chunkSize: 472, totalBytesReceived: 827689, done: false, firstBytes: 'f1 5f 15 9b af 5c 2e 38 b5 fe 6e b5 c1 0e fd 45'}
logger.js:357 07:37:59.549 [DEBUG] [moqt:session:object-router] Looking up subscription by trackAlias {lookupAlias: '0', found: true, knownAliases: Array(1)}
logger.js:357 07:37:59.549 [INFO] [moqt:session:object-router] Delivering object {subscriptionId: 2, groupId: 1812372264, objectId: 101, dataSize: 8995}
logger.js:357 07:37:59.570 [INFO] [moqt:session:object-router] Stream read chunk {readNumber: 395, chunkSize: 1218, totalBytesReceived: 828907, done: false, firstBytes: '00 5c 24 01 41 90 01 04 81 e4 fd 6c 5c 19 00 00'}
logger.js:357 07:37:59.574 [INFO] [moqt:session:object-router] Stream read chunk {readNumber: 396, chunkSize: 1218, totalBytesReceived: 830125, done: false, firstBytes: 'be 2f 5c bd de ba bd 71 15 19 c7 da af 88 d1 e9'}
logger.js:357 07:37:59.575 [INFO] [moqt:session:object-router] Stream read chunk {readNumber: 397, chunkSize: 1176, totalBytesReceived: 831301, done: false, firstBytes: 'bd 07 85 1e 3a ff aa 57 72 5c 9b fe 0b ad f6 ff'}
logger.js:357 07:37:59.576 [INFO] [moqt:session:object-router] Stream read chunk {readNumber: 398, chunkSize: 2478, totalBytesReceived: 833779, done: false, firstBytes: 'f1 78 c2 1d fc 32 09 ab d6 ba 65 15 bc 73 8a 3f'}
logger.js:357 07:37:59.585 [INFO] [moqt:session:object-router] Stream read chunk {readNumber: 399, chunkSize: 1117, totalBytesReceived: 834896, done: false, firstBytes: 'aa c5 2a 7a 93 d7 dd 2f e6 d7 f0 47 d6 8e d7 5a'}
logger.js:357 07:37:59.585 [DEBUG] [moqt:session:object-router] Looking up subscription by trackAlias {lookupAlias: '0', found: true, knownAliases: Array(1)}
logger.js:357 07:37:59.585 [INFO] [moqt:session:object-router] Delivering object {subscriptionId: 2, groupId: 1812372264, objectId: 102, dataSize: 7204}
logger.js:357 07:37:59.609 [INFO] [moqt:session:object-router] Stream read chunk {readNumber: 400, chunkSize: 4872, totalBytesReceived: 839768, done: false, firstBytes: '00 5d 32 01 41 91 01 04 81 e5 86 24 5d 27 00 00'}
logger.js:357 07:37:59.621 [INFO] [moqt:session:object-router] Stream read chunk {readNumber: 401, chunkSize: 2436, totalBytesReceived: 842204, done: false, firstBytes: '4f 00 eb 82 be dc dd 7b f6 e8 fd 3b ce 08 ae ef'}
logger.js:357 07:37:59.626 [INFO] [moqt:session:object-router] Stream read chunk {readNumber: 402, chunkSize: 169, totalBytesReceived: 842373, done: false, firstBytes: '95 cd 38 1a 53 fe 15 ef 5f 3a 81 fa aa 39 c2 de'}
logger.js:357 07:37:59.626 [DEBUG] [moqt:session:object-router] Looking up subscription by trackAlias {lookupAlias: '0', found: true, knownAliases: Array(1)}
logger.js:357 07:37:59.626 [INFO] [moqt:session:object-router] Delivering object {subscriptionId: 2, groupId: 1812372264, objectId: 103, dataSize: 7474}
logger.js:357 07:37:59.642 [INFO] [moqt:session:object-router] Stream read chunk {readNumber: 403, chunkSize: 1218, totalBytesReceived: 843591, done: false, firstBytes: '00 64 7d 01 41 92 01 04 81 e6 1b c0 64 72 00 00'}
logger.js:357 07:37:59.644 [INFO] [moqt:session:object-router] Stream read chunk {readNumber: 404, chunkSize: 1218, totalBytesReceived: 844809, done: false, firstBytes: 'd5 a2 ba f4 dd 5e 84 2f 05 99 c5 71 22 b9 3a f5'}
logger.js:357 07:37:59.645 [INFO] [moqt:session:object-router] Stream read chunk {readNumber: 405, chunkSize: 1176, totalBytesReceived: 845985, done: false, firstBytes: '2b f9 2f da f1 55 4f be ec 28 4b af 90 68 9d bb'}
logger.js:357 07:37:59.646 [INFO] [moqt:session:object-router] Stream read chunk {readNumber: 406, chunkSize: 1260, totalBytesReceived: 847245, done: false, firstBytes: 'bd 09 e5 3f 89 7c 51 38 87 c5 3b 58 06 88 05 42'}
logger.js:357 07:37:59.659 [INFO] [moqt:session:object-router] Stream read chunk {readNumber: 407, chunkSize: 1218, totalBytesReceived: 848463, done: false, firstBytes: '7f f2 12 60 01 83 30 0c 6c cc e8 33 eb 17 51 21'}
logger.js:357 07:37:59.661 [INFO] [moqt:session:object-router] Stream read chunk {readNumber: 408, chunkSize: 3254, totalBytesReceived: 851717, done: false, firstBytes: '52 99 0c bf 53 26 46 7c 36 45 c5 a6 8f 8c c1 a3'}
logger.js:357 07:37:59.661 [DEBUG] [moqt:session:object-router] Looking up subscription by trackAlias {lookupAlias: '0', found: true, knownAliases: Array(1)}
logger.js:357 07:37:59.661 [INFO] [moqt:session:object-router] Delivering object {subscriptionId: 2, groupId: 1812372264, objectId: 104, dataSize: 9341}
logger.js:357 07:37:59.671 [INFO] [moqt:session:object-router] Stream read chunk {readNumber: 409, chunkSize: 5123, totalBytesReceived: 856840, done: false, firstBytes: '00 5b 97 01 41 93 01 04 81 e6 72 dc 5b 8c 00 00'}
logger.js:357 07:37:59.702 [INFO] [moqt:session:object-router] Stream read chunk {readNumber: 410, chunkSize: 3161, totalBytesReceived: 860001, done: false, firstBytes: '91 aa ff fe 9d 06 c1 c0 09 00 16 a1 4a af b8 ad'}
logger.js:357 07:37:59.702 [DEBUG] [moqt:session:object-router] Looking up subscription by trackAlias {lookupAlias: '0', found: true, knownAliases: Array(1)}
logger.js:357 07:37:59.702 [INFO] [moqt:session:object-router] Delivering object {subscriptionId: 2, groupId: 1812372264, objectId: 105, dataSize: 7063}
logger.js:357 07:37:59.706 [INFO] [moqt:session:object-router] Stream read chunk {readNumber: 411, chunkSize: 3654, totalBytesReceived: 863655, done: false, firstBytes: '44 ff d5 44 40 f5 b1 0a f1 0f f5 7f 03 c4 49 dd'}
logger.js:357 07:37:59.710 [INFO] [moqt:session:object-router] Stream read chunk {readNumber: 412, chunkSize: 4315, totalBytesReceived: 867970, done: false, firstBytes: '08 55 3d ef 7e eb ad be b5 f5 a8 8e b5 9d 73 be'}
logger.js:357 07:37:59.710 [DEBUG] [moqt:session:object-router] Looking up subscription by trackAlias {lookupAlias: '0', found: true, knownAliases: Array(1)}
logger.js:357 07:37:59.710 [INFO] [moqt:session:object-router] Delivering object {subscriptionId: 2, groupId: 1812372264, objectId: 106, dataSize: 9184}
logger.js:357 07:37:59.739 [INFO] [moqt:session:object-router] Stream read chunk {readNumber: 413, chunkSize: 1218, totalBytesReceived: 869188, done: false, firstBytes: '00 61 8a 01 41 95 01 04 81 e7 88 fc 61 7f 00 00'}
logger.js:357 07:37:59.745 [INFO] [moqt:session:object-router] Stream read chunk {readNumber: 414, chunkSize: 7371, totalBytesReceived: 876559, done: false, firstBytes: '56 89 c1 c6 29 e6 ff 55 17 83 cc 47 5d 6d 10 77'}
logger.js:357 07:37:59.745 [DEBUG] [moqt:session:object-router] Looking up subscription by trackAlias {lookupAlias: '0', found: true, knownAliases: Array(1)}
logger.js:357 07:37:59.745 [INFO] [moqt:session:object-router] Delivering object {subscriptionId: 2, groupId: 1812372264, objectId: 107, dataSize: 8586}
logger.js:357 07:37:59.771 [INFO] [moqt:session:object-router] Stream read chunk {readNumber: 415, chunkSize: 2436, totalBytesReceived: 878995, done: false, firstBytes: '00 63 12 01 41 96 01 04 81 e8 10 88 63 07 00 00'}
logger.js:357 07:37:59.780 [INFO] [moqt:session:object-router] Stream read chunk {readNumber: 416, chunkSize: 1176, totalBytesReceived: 880171, done: false, firstBytes: 'bf 09 6f f5 89 77 f0 43 eb da 63 2b e2 7a 1a 6f'}
logger.js:357 07:37:59.781 [INFO] [moqt:session:object-router] Stream read chunk {readNumber: 417, chunkSize: 42, totalBytesReceived: 880213, done: false, firstBytes: 'a1 1c 20 7e c2 ee 3c 23 f5 fe 8b eb c1 e2 f7 d7'}
logger.js:357 07:37:59.781 [INFO] [moqt:session:object-router] Stream read chunk {readNumber: 418, chunkSize: 2436, totalBytesReceived: 882649, done: false, firstBytes: 'df e6 04 5d ed b2 da 5a e6 55 d5 a4 71 e7 db 17'}
logger.js:357 07:37:59.786 [INFO] [moqt:session:object-router] Stream read chunk {readNumber: 419, chunkSize: 2891, totalBytesReceived: 885540, done: false, firstBytes: 'b7 c2 34 fe fd 8d d1 de 63 f3 8e ef 42 95 e7 27'}
logger.js:357 07:37:59.786 [DEBUG] [moqt:session:object-router] Looking up subscription by trackAlias {lookupAlias: '0', found: true, knownAliases: Array(1)}
logger.js:357 07:37:59.786 [INFO] [moqt:session:object-router] Delivering object {subscriptionId: 2, groupId: 1812372264, objectId: 108, dataSize: 8978}
logger.js:357 07:37:59.804 [INFO] [moqt:session:object-router] Stream read chunk {readNumber: 420, chunkSize: 2436, totalBytesReceived: 887976, done: false, firstBytes: '00 57 5b 01 41 97 01 04 81 e8 93 64 57 50 00 00'}
logger.js:357 07:37:59.808 [INFO] [moqt:session:object-router] Stream read chunk {readNumber: 421, chunkSize: 1218, totalBytesReceived: 889194, done: false, firstBytes: '56 af af cd ee 0b bf d5 4e 77 a1 3e 25 6f af 4c'}
logger.js:357 07:37:59.809 [INFO] [moqt:session:object-router] Stream read chunk {readNumber: 422, chunkSize: 1218, totalBytesReceived: 890412, done: false, firstBytes: 'ba 3d 1f 95 7f aa 84 0e bd 30 87 a7 2f c3 a0 fb'}
logger.js:357 07:37:59.815 [INFO] [moqt:session:object-router] Stream read chunk {readNumber: 423, chunkSize: 1110, totalBytesReceived: 891522, done: false, firstBytes: 'ef f0 45 ee f4 61 0a cd 46 bf cb 6d 6a 5e b7 df'}
logger.js:357 07:37:59.815 [DEBUG] [moqt:session:object-router] Looking up subscription by trackAlias {lookupAlias: '0', found: true, knownAliases: Array(1)}
logger.js:357 07:37:59.815 [INFO] [moqt:session:object-router] Delivering object {subscriptionId: 2, groupId: 1812372264, objectId: 109, dataSize: 5979}
logger.js:357 07:37:59.834 [INFO] [moqt:session:object-router] Stream read chunk {readNumber: 424, chunkSize: 1218, totalBytesReceived: 892740, done: false, firstBytes: '00 63 82 01 41 98 01 04 81 e9 07 68 63 77 00 00'}
logger.js:357 07:37:59.838 [INFO] [moqt:session:object-router] Stream read chunk {readNumber: 425, chunkSize: 2436, totalBytesReceived: 895176, done: false, firstBytes: 'eb f5 a8 be af 3f 5a ae b5 3c 1d 61 a3 ee 61 5c'}
logger.js:357 07:37:59.839 [INFO] [moqt:session:object-router] Stream read chunk {readNumber: 426, chunkSize: 1218, totalBytesReceived: 896394, done: false, firstBytes: '5f f8 9e bd 7e ad 4b 9e 3b 82 2c ac 7d 2f 5e 8d'}
logger.js:357 07:37:59.841 [INFO] [moqt:session:object-router] Stream read chunk {readNumber: 427, chunkSize: 1218, totalBytesReceived: 897612, done: false, firstBytes: '7f 8e a9 58 5b df 75 f0 60 09 3d 7b 40 3f 00 64'}
logger.js:357 07:37:59.842 [INFO] [moqt:session:object-router] Stream read chunk {readNumber: 428, chunkSize: 1218, totalBytesReceived: 898830, done: false, firstBytes: '2f f6 38 90 2c d1 29 f6 60 f2 9e ea 8e 32 02 9f'}
logger.js:357 07:37:59.843 [INFO] [moqt:session:object-router] Stream read chunk {readNumber: 429, chunkSize: 1218, totalBytesReceived: 900048, done: false, firstBytes: 'f7 d7 be bd 9f ce 4b c5 fb e2 9d e7 25 e2 c9 b6'}
logger.js:357 07:37:59.846 [INFO] [moqt:session:object-router] Stream read chunk {readNumber: 430, chunkSize: 567, totalBytesReceived: 900615, done: false, firstBytes: '3a fc d7 c9 7d 4c 29 50 38 59 d2 ff fa 7f 96 ff'}
logger.js:357 07:37:59.847 [DEBUG] [moqt:session:object-router] Looking up subscription by trackAlias {lookupAlias: '0', found: true, knownAliases: Array(1)}
logger.js:357 07:37:59.847 [INFO] [moqt:session:object-router] Delivering object {subscriptionId: 2, groupId: 1812372264, objectId: 110, dataSize: 9090}
logger.js:357 07:37:59.866 [INFO] [moqt:session:object-router] Stream read chunk {readNumber: 431, chunkSize: 1218, totalBytesReceived: 901833, done: false, firstBytes: '00 5f ca 01 41 99 01 04 81 e9 83 a0 5f bf 00 00'}
logger.js:357 07:37:59.868 [INFO] [moqt:session:object-router] Stream read chunk {readNumber: 432, chunkSize: 2436, totalBytesReceived: 904269, done: false, firstBytes: 'ba b7 d5 a4 39 30 d0 a7 86 7a b4 bd 6b eb 51 22'}
logger.js:357 07:37:59.875 [INFO] [moqt:session:object-router] Stream read chunk {readNumber: 433, chunkSize: 4487, totalBytesReceived: 908756, done: false, firstBytes: 'bb bf c8 ae d3 42 e6 c9 95 69 7d 68 ee 86 14 07'}
logger.js:357 07:37:59.875 [DEBUG] [moqt:session:object-router] Looking up subscription by trackAlias {lookupAlias: '0', found: true, knownAliases: Array(1)}
logger.js:357 07:37:59.875 [INFO] [moqt:session:object-router] Delivering object {subscriptionId: 2, groupId: 1812372264, objectId: 111, dataSize: 8138}
logger.js:357 07:37:59.910 [INFO] [moqt:session:object-router] Stream read chunk {readNumber: 434, chunkSize: 8272, totalBytesReceived: 917028, done: false, firstBytes: '00 60 4d 01 41 9a 01 04 81 ea 0f dc 60 42 00 00'}
logger.js:357 07:37:59.910 [DEBUG] [moqt:session:object-router] Looking up subscription by trackAlias {lookupAlias: '0', found: true, knownAliases: Array(1)}
logger.js:357 07:37:59.910 [INFO] [moqt:session:object-router] Delivering object {subscriptionId: 2, groupId: 1812372264, objectId: 112, dataSize: 8269}
logger.js:357 07:37:59.932 [INFO] [moqt:session:object-router] Stream read chunk {readNumber: 435, chunkSize: 476, totalBytesReceived: 917504, done: false, firstBytes: '00 5f ed 01 41 9b 01 04 81 ea 8c dc 5f e2 00 00'}
logger.js:357 07:37:59.936 [INFO] [moqt:session:object-router] Stream read chunk {readNumber: 436, chunkSize: 1218, totalBytesReceived: 918722, done: false, firstBytes: '31 dd df 5a 8e eb 5f 5a ae b5 47 77 5d 5e 23 af'}
logger.js:357 07:37:59.939 [INFO] [moqt:session:object-router] Stream read chunk {readNumber: 437, chunkSize: 2436, totalBytesReceived: 921158, done: false, firstBytes: 'ef 2e 78 4b bf 7f 8e f6 b6 bd 7c d7 e1 0c 31 8a'}
logger.js:357 07:37:59.946 [INFO] [moqt:session:object-router] Stream read chunk {readNumber: 438, chunkSize: 2436, totalBytesReceived: 923594, done: false, firstBytes: '86 7c 8c e7 98 2f 71 f2 f2 f3 d6 0f b5 b4 27 c0'}
logger.js:357 07:37:59.947 [INFO] [moqt:session:object-router] Stream read chunk {readNumber: 439, chunkSize: 1610, totalBytesReceived: 925204, done: false, firstBytes: '23 95 d7 00 5c 50 45 82 ca ee 30 c7 73 2a ad 59'}
logger.js:357 07:37:59.948 [DEBUG] [moqt:session:object-router] Looking up subscription by trackAlias {lookupAlias: '0', found: true, knownAliases: Array(1)}
logger.js:357 07:37:59.948 [INFO] [moqt:session:object-router] Delivering object {subscriptionId: 2, groupId: 1812372264, objectId: 113, dataSize: 8173}
logger.js:357 07:37:59.969 [INFO] [moqt:session:object-router] Stream read chunk {readNumber: 440, chunkSize: 1176, totalBytesReceived: 926380, done: false, firstBytes: '00 60 97 01 41 9c 01 04 81 eb 17 24 60 8c 00 00'}
logger.js:357 07:37:59.977 [INFO] [moqt:session:object-router] Stream read chunk {readNumber: 441, chunkSize: 6132, totalBytesReceived: 932512, done: false, firstBytes: '23 ad 4a 25 5c dd 5e 19 eb df 5e 9b af 57 5a 89'}
logger.js:357 07:37:59.985 [INFO] [moqt:session:object-router] Stream read chunk {readNumber: 442, chunkSize: 1038, totalBytesReceived: 933550, done: false, firstBytes: '0e e0 0d b0 49 aa ad 62 89 0b 80 7a 6f 55 9b e9'}
logger.js:357 07:37:59.986 [DEBUG] [moqt:session:object-router] Looking up subscription by trackAlias {lookupAlias: '0', found: true, knownAliases: Array(1)}
logger.js:357 07:37:59.986 [INFO] [moqt:session:object-router] Delivering object {subscriptionId: 2, groupId: 1812372264, objectId: 114, dataSize: 8343}
logger.js:357 07:38:00.002 [INFO] [moqt:session:object-router] Stream read chunk {readNumber: 443, chunkSize: 2436, totalBytesReceived: 935986, done: false, firstBytes: '00 60 e9 01 41 9d 01 04 81 eb 8f 74 60 de 00 00'}
logger.js:357 07:38:00.007 [INFO] [moqt:session:object-router] Stream read chunk {readNumber: 444, chunkSize: 2436, totalBytesReceived: 938422, done: false, firstBytes: '4b f9 77 fd de bf 11 a5 f4 be 23 d2 af e4 d4 56'}
logger.js:357 07:38:00.010 [INFO] [moqt:session:object-router] Stream read chunk {readNumber: 445, chunkSize: 1218, totalBytesReceived: 939640, done: false, firstBytes: '4c 69 7f e1 49 7b 1e ba 24 63 86 ea 76 ec 91 47'}
logger.js:357 07:38:00.013 [INFO] [moqt:session:object-router] Stream read chunk {readNumber: 446, chunkSize: 2338, totalBytesReceived: 941978, done: false, firstBytes: '70 b0 06 59 5f 8b 8f af be aa ab e1 2a f5 fe 09'}
logger.js:357 07:38:00.013 [DEBUG] [moqt:session:object-router] Looking up subscription by trackAlias {lookupAlias: '0', found: true, knownAliases: Array(1)}
logger.js:357 07:38:00.013 [INFO] [moqt:session:object-router] Delivering object {subscriptionId: 2, groupId: 1812372264, objectId: 115, dataSize: 8425}
logger.js:357 07:38:00.042 [INFO] [moqt:session:object-router] Stream read chunk {readNumber: 447, chunkSize: 1218, totalBytesReceived: 943196, done: false, firstBytes: '00 61 27 01 41 9e 01 04 81 ec 30 c8 61 1c 00 00'}
logger.js:357 07:38:00.043 [INFO] [moqt:session:object-router] Stream read chunk {readNumber: 448, chunkSize: 1176, totalBytesReceived: 944372, done: false, firstBytes: 'eb df 5e b1 6f e8 cf f5 a8 25 c0 81 15 83 f8 47'}
logger.js:357 07:38:00.045 [INFO] [moqt:session:object-router] Stream read chunk {readNumber: 449, chunkSize: 2478, totalBytesReceived: 946850, done: false, firstBytes: 'af 05 77 7d 44 f3 5e df 2c 79 78 ab 96 fc 93 33'}
logger.js:357 07:38:00.048 [INFO] [moqt:session:object-router] Stream read chunk {readNumber: 450, chunkSize: 2352, totalBytesReceived: 949202, done: false, firstBytes: 'ea ca 2b de ff 82 1e fd 2f a5 7e 90 ff 7d fa af'}
logger.js:357 07:38:00.048 [INFO] [moqt:session:object-router] Stream read chunk {readNumber: 451, chunkSize: 1266, totalBytesReceived: 950468, done: false, firstBytes: '52 36 98 b7 6d f1 4b 8a 27 3a e2 bc fb d5 26 09'}
logger.js:357 07:38:00.048 [DEBUG] [moqt:session:object-router] Looking up subscription by trackAlias {lookupAlias: '0', found: true, knownAliases: Array(1)}
logger.js:357 07:38:00.048 [INFO] [moqt:session:object-router] Delivering object {subscriptionId: 2, groupId: 1812372264, objectId: 116, dataSize: 8487}
logger.js:357 07:38:00.069 [INFO] [moqt:session:object-router] Stream read chunk {readNumber: 452, chunkSize: 4872, totalBytesReceived: 955340, done: false, firstBytes: '00 5f fa 01 41 9f 01 04 81 ec 8e 24 5f ef 00 00'}
logger.js:357 07:38:00.075 [INFO] [moqt:session:object-router] Stream read chunk {readNumber: 453, chunkSize: 2436, totalBytesReceived: 957776, done: false, firstBytes: 'ad 5f 5a 8d e0 8a ef 76 cd 3b 22 30 41 bd 88 13'}
logger.js:357 07:38:00.080 [INFO] [moqt:session:object-router] Stream read chunk {readNumber: 454, chunkSize: 881, totalBytesReceived: 958657, done: false, firstBytes: '7f 5f f6 0f 89 ef 3a b5 3a bc ff d5 b8 77 8e 25'}
logger.js:357 07:38:00.080 [DEBUG] [moqt:session:object-router] Looking up subscription by trackAlias {lookupAlias: '0', found: true, knownAliases: Array(1)}
logger.js:357 07:38:00.080 [INFO] [moqt:session:object-router] Delivering object {subscriptionId: 2, groupId: 1812372264, objectId: 117, dataSize: 8186}
logger.js:357 07:38:00.101 [INFO] [moqt:session:object-router] Stream read chunk {readNumber: 455, chunkSize: 2436, totalBytesReceived: 961093, done: false, firstBytes: '00 61 d8 01 41 a0 01 04 81 ed 17 a4 61 cd 00 00'}
logger.js:357 07:38:00.103 [INFO] [moqt:session:object-router] Stream read chunk {readNumber: 456, chunkSize: 1218, totalBytesReceived: 962311, done: false, firstBytes: 'b5 b2 e6 11 c7 f2 6b 2b 38 2b 03 ba d6 25 f1 7e'}
logger.js:357 07:38:00.104 [INFO] [moqt:session:object-router] Stream read chunk {readNumber: 457, chunkSize: 1218, totalBytesReceived: 963529, done: false, firstBytes: '1c 04 3d 2b df 7e 92 e2 3d ef 72 f5 ef af 5f 5e'}
logger.js:357 07:38:00.110 [INFO] [moqt:session:object-router] Stream read chunk {readNumber: 458, chunkSize: 3795, totalBytesReceived: 967324, done: false, firstBytes: '51 e8 27 de 7f d7 02 18 0b 15 d1 c7 30 79 7f d6'}
logger.js:357 07:38:00.110 [DEBUG] [moqt:session:object-router] Looking up subscription by trackAlias {lookupAlias: '0', found: true, knownAliases: Array(1)}
logger.js:357 07:38:00.110 [INFO] [moqt:session:object-router] Delivering object {subscriptionId: 2, groupId: 1812372264, objectId: 118, dataSize: 8664}
logger.js:357 07:38:00.134 [INFO] [moqt:session:object-router] Stream read chunk {readNumber: 459, chunkSize: 1218, totalBytesReceived: 968542, done: false, firstBytes: '00 61 8a 01 41 a1 01 04 81 ed 99 54 61 7f 00 00'}
logger.js:357 07:38:00.136 [INFO] [moqt:session:object-router] Stream read chunk {readNumber: 460, chunkSize: 3654, totalBytesReceived: 972196, done: false, firstBytes: '26 77 71 3d 7a 26 fc 3b a3 f2 de 85 78 95 d7 d8'}
logger.js:357 07:38:00.143 [INFO] [moqt:session:object-router] Stream read chunk {readNumber: 461, chunkSize: 3717, totalBytesReceived: 975913, done: false, firstBytes: 'b3 f5 ac ff d6 b1 2b 2d 97 ea d1 9d 5a 2f 82 2d'}
logger.js:357 07:38:00.144 [DEBUG] [moqt:session:object-router] Looking up subscription by trackAlias {lookupAlias: '0', found: true, knownAliases: Array(1)}
logger.js:357 07:38:00.144 [INFO] [moqt:session:object-router] Delivering object {subscriptionId: 2, groupId: 1812372264, objectId: 119, dataSize: 8586}
logger.js:357 07:38:00.169 [INFO] [moqt:session:object-router] Stream read chunk {readNumber: 462, chunkSize: 1218, totalBytesReceived: 977131, done: false, firstBytes: '00 5f 58 01 41 a2 01 04 81 ee 20 e0 5f 4d 00 00'}
logger.js:357 07:38:00.171 [INFO] [moqt:session:object-router] Stream read chunk {readNumber: 463, chunkSize: 1176, totalBytesReceived: 978307, done: false, firstBytes: '7d 6b 3f 7d 6a b0 63 2f fa a8 40 47 09 e1 98 60'}
logger.js:357 07:38:00.172 [INFO] [moqt:session:object-router] Stream read chunk {readNumber: 464, chunkSize: 1260, totalBytesReceived: 979567, done: false, firstBytes: '7a f1 b5 65 f0 84 40 b0 58 20 22 28 29 10 e5 cf'}
logger.js:357 07:38:00.173 [INFO] [moqt:session:object-router] Stream read chunk {readNumber: 465, chunkSize: 1218, totalBytesReceived: 980785, done: false, firstBytes: 'b0 4b 5e 35 9f 14 e9 62 c3 fd 73 4e 68 c9 57 8c'}
logger.js:357 07:38:00.175 [INFO] [moqt:session:object-router] Stream read chunk {readNumber: 466, chunkSize: 1218, totalBytesReceived: 982003, done: false, firstBytes: 'df ff e8 98 39 0c f5 e1 ca bf 73 6b cc 06 7f a6'}
logger.js:357 07:38:00.178 [INFO] [moqt:session:object-router] Stream read chunk {readNumber: 467, chunkSize: 1937, totalBytesReceived: 983940, done: false, firstBytes: '6d f5 7c f8 bf af 62 39 3a d5 f5 79 3f 0c d6 b8'}
logger.js:357 07:38:00.178 [DEBUG] [moqt:session:object-router] Looking up subscription by trackAlias {lookupAlias: '0', found: true, knownAliases: Array(1)}
logger.js:357 07:38:00.178 [INFO] [moqt:session:object-router] Delivering object {subscriptionId: 2, groupId: 1812372264, objectId: 120, dataSize: 8024}
logger.js:357 07:38:00.201 [INFO] [moqt:session:object-router] Stream read chunk {readNumber: 468, chunkSize: 1218, totalBytesReceived: 985158, done: false, firstBytes: '00 5e d6 01 41 a3 01 04 81 ee 9d 18 5e cb 00 00'}
logger.js:357 07:38:00.206 [INFO] [moqt:session:object-router] Stream read chunk {readNumber: 469, chunkSize: 2436, totalBytesReceived: 987594, done: false, firstBytes: '8e 15 c1 c4 49 d6 41 4b 1a 23 9c 53 d4 3b 5a fa'}
logger.js:357 07:38:00.208 [INFO] [moqt:session:object-router] Stream read chunk {readNumber: 470, chunkSize: 3654, totalBytesReceived: 991248, done: false, firstBytes: '47 d6 8e fd 5f 78 40 1a 97 df 1f 5a a3 e1 45 0a'}
logger.js:357 07:38:00.210 [INFO] [moqt:session:object-router] Stream read chunk {readNumber: 471, chunkSize: 589, totalBytesReceived: 991837, done: false, firstBytes: '4f f5 53 f5 af ad 4f 45 11 5b f7 f8 8a 93 36 67'}
logger.js:357 07:38:00.210 [DEBUG] [moqt:session:object-router] Looking up subscription by trackAlias {lookupAlias: '0', found: true, knownAliases: Array(1)}
logger.js:357 07:38:00.210 [INFO] [moqt:session:object-router] Delivering object {subscriptionId: 2, groupId: 1812372264, objectId: 121, dataSize: 7894}
logger.js:357 07:38:00.237 [INFO] [moqt:session:object-router] Stream read chunk {readNumber: 472, chunkSize: 1218, totalBytesReceived: 993055, done: false, firstBytes: '00 5e d4 01 41 a4 01 04 81 ef 24 40 5e c9 00 00'}
logger.js:357 07:38:00.241 [INFO] [moqt:session:object-router] Stream read chunk {readNumber: 473, chunkSize: 4872, totalBytesReceived: 997927, done: false, firstBytes: '46 75 fc d5 cb ea 15 ea f2 41 ee 4c 18 41 65 e1'}
logger.js:357 07:38:00.244 [INFO] [moqt:session:object-router] Stream read chunk {readNumber: 474, chunkSize: 1805, totalBytesReceived: 999732, done: false, firstBytes: 'c5 be a4 2f ea 65 63 2d e7 3f a7 ee bf c1 4f ba'}
logger.js:357 07:38:00.244 [DEBUG] [moqt:session:object-router] Looking up subscription by trackAlias {lookupAlias: '0', found: true, knownAliases: Array(1)}
logger.js:357 07:38:00.244 [INFO] [moqt:session:object-router] Delivering object {subscriptionId: 2, groupId: 1812372264, objectId: 122, dataSize: 7892}
logger.js:357 07:38:00.251 [DEBUG] [moqt:media:video-decoder] Video decode stats {instanceId: 1, framesDecoded: 360, width: 1920, height: 1080}
logger.js:357 07:38:00.271 [INFO] [moqt:session:object-router] Stream read chunk {readNumber: 475, chunkSize: 1218, totalBytesReceived: 1000950, done: false, firstBytes: '00 60 11 01 41 a5 01 04 81 ef a7 80 60 06 00 00'}
logger.js:357 07:38:00.273 [INFO] [moqt:session:object-router] Stream read chunk {readNumber: 476, chunkSize: 2436, totalBytesReceived: 1003386, done: false, firstBytes: '9c c4 f7 51 e6 2f 79 05 7f fa a8 81 1d 0a 59 fa'}
logger.js:357 07:38:00.277 [INFO] [moqt:session:object-router] Stream read chunk {readNumber: 477, chunkSize: 1218, totalBytesReceived: 1004604, done: false, firstBytes: '5e c3 be 5e ff 5a fa d7 a0 4d 7d ef d4 58 b7 d6'}
logger.js:357 07:38:00.283 [INFO] [moqt:session:object-router] Stream read chunk {readNumber: 478, chunkSize: 3340, totalBytesReceived: 1007944, done: false, firstBytes: '0a 15 b7 03 85 6d c1 1c 13 eb ea b6 e0 2f 40 10'}
logger.js:357 07:38:00.283 [DEBUG] [moqt:session:object-router] Looking up subscription by trackAlias {lookupAlias: '0', found: true, knownAliases: Array(1)}
logger.js:357 07:38:00.284 [INFO] [moqt:session:object-router] Delivering object {subscriptionId: 2, groupId: 1812372264, objectId: 123, dataSize: 8209}
logger.js:357 07:38:00.303 [INFO] [moqt:session:object-router] Stream read chunk {readNumber: 479, chunkSize: 1218, totalBytesReceived: 1009162, done: false, firstBytes: '00 61 2c 01 41 a6 01 04 81 f0 2c b4 61 21 00 00'}
logger.js:357 07:38:00.305 [INFO] [moqt:session:object-router] Stream read chunk {readNumber: 480, chunkSize: 3654, totalBytesReceived: 1012816, done: false, firstBytes: '63 3a d4 2a 27 a3 ac 39 85 61 0e ad 47 7b ff 55'}
logger.js:357 07:38:00.308 [INFO] [moqt:session:object-router] Stream read chunk {readNumber: 481, chunkSize: 1218, totalBytesReceived: 1014034, done: false, firstBytes: 'fc 4f b1 00 39 44 84 01 5f d0 f7 3f a9 f9 39 54'}
logger.js:357 07:38:00.309 [INFO] [moqt:session:object-router] Stream read chunk {readNumber: 482, chunkSize: 1218, totalBytesReceived: 1015252, done: false, firstBytes: 'ae f2 5e bd 59 a0 af 27 d7 ef 7f 96 bf c7 77 f4'}
logger.js:357 07:38:00.311 [INFO] [moqt:session:object-router] Stream read chunk {readNumber: 483, chunkSize: 1187, totalBytesReceived: 1016439, done: false, firstBytes: 'd7 4b b4 bd 9b e1 fe 32 05 36 38 33 e1 d3 2b 25'}
logger.js:357 07:38:00.311 [DEBUG] [moqt:session:object-router] Looking up subscription by trackAlias {lookupAlias: '0', found: true, knownAliases: Array(1)}
logger.js:357 07:38:00.311 [INFO] [moqt:session:object-router] Delivering object {subscriptionId: 2, groupId: 1812372264, objectId: 124, dataSize: 8492}
logger.js:357 07:38:00.335 [INFO] [moqt:session:object-router] Stream read chunk {readNumber: 484, chunkSize: 2436, totalBytesReceived: 1018875, done: false, firstBytes: '00 60 fd 01 41 a7 01 04 81 f0 ab a8 60 f2 00 00'}
logger.js:357 07:38:00.341 [INFO] [moqt:session:object-router] Stream read chunk {readNumber: 485, chunkSize: 3654, totalBytesReceived: 1022529, done: false, firstBytes: 'ff a7 db 12 a1 c1 49 4e a1 c3 61 37 c4 a5 c0 34'}
logger.js:357 07:38:00.341 [INFO] [moqt:session:object-router] Stream read chunk {readNumber: 486, chunkSize: 1218, totalBytesReceived: 1023747, done: false, firstBytes: '09 be 25 71 24 d1 f5 16 f1 52 69 5a 98 7f 84 a5'}
logger.js:357 07:38:00.343 [INFO] [moqt:session:object-router] Stream read chunk {readNumber: 487, chunkSize: 1140, totalBytesReceived: 1024887, done: false, firstBytes: '91 14 e3 be c1 68 77 c1 5d 75 ef af 7d 7e ce 4b'}
logger.js:357 07:38:00.343 [DEBUG] [moqt:session:object-router] Looking up subscription by trackAlias {lookupAlias: '0', found: true, knownAliases: Array(1)}
logger.js:357 07:38:00.343 [INFO] [moqt:session:object-router] Delivering object {subscriptionId: 2, groupId: 1812372264, objectId: 125, dataSize: 8445}
logger.js:357 07:38:00.368 [INFO] [moqt:session:object-router] Stream read chunk {readNumber: 488, chunkSize: 1218, totalBytesReceived: 1026105, done: false, firstBytes: '00 5f 59 01 41 a8 01 04 81 f1 2f b0 5f 4e 00 00'}
logger.js:357 07:38:00.375 [INFO] [moqt:session:object-router] Stream read chunk {readNumber: 489, chunkSize: 6810, totalBytesReceived: 1032915, done: false, firstBytes: '2c 47 05 67 58 d1 5c 9e 4e ad f5 e8 ce 2b de ff'}
logger.js:357 07:38:00.375 [DEBUG] [moqt:session:object-router] Looking up subscription by trackAlias {lookupAlias: '0', found: true, knownAliases: Array(1)}
logger.js:357 07:38:00.375 [INFO] [moqt:session:object-router] Delivering object {subscriptionId: 2, groupId: 1812372264, objectId: 126, dataSize: 8025}
logger.js:357 07:38:00.402 [INFO] [moqt:session:object-router] Stream read chunk {readNumber: 490, chunkSize: 1218, totalBytesReceived: 1034133, done: false, firstBytes: '00 60 54 01 41 a9 01 04 81 f1 af 6c 60 49 00 00'}
logger.js:357 07:38:00.405 [INFO] [moqt:session:object-router] Stream read chunk {readNumber: 491, chunkSize: 1218, totalBytesReceived: 1035351, done: false, firstBytes: '3f d5 48 21 f8 1a 81 66 29 ef af 4b d6 a3 45 2e'}
logger.js:357 07:38:00.411 [INFO] [moqt:session:object-router] Stream read chunk {readNumber: 492, chunkSize: 5843, totalBytesReceived: 1041194, done: false, firstBytes: '17 7f c4 77 7b bb f8 8b a5 97 3f 82 2c f9 be dc'}
logger.js:357 07:38:00.411 [DEBUG] [moqt:session:object-router] Looking up subscription by trackAlias {lookupAlias: '0', found: true, knownAliases: Array(1)}
logger.js:357 07:38:00.411 [INFO] [moqt:session:object-router] Delivering object {subscriptionId: 2, groupId: 1812372264, objectId: 127, dataSize: 8276}
logger.js:357 07:38:00.440 [INFO] [moqt:session:object-router] Stream read chunk {readNumber: 493, chunkSize: 3654, totalBytesReceived: 1044848, done: false, firstBytes: '00 60 5f 01 41 aa 01 04 81 f2 33 74 60 54 00 00'}
logger.js:357 07:38:00.440 [INFO] [moqt:session:object-router] Stream read chunk {readNumber: 494, chunkSize: 1218, totalBytesReceived: 1046066, done: false, firstBytes: '0d e3 4a fb 7c ca 39 16 f2 fa f6 8d 9d 44 71 b9'}
logger.js:357 07:38:00.446 [INFO] [moqt:session:object-router] Stream read chunk {readNumber: 495, chunkSize: 2510, totalBytesReceived: 1048576, done: false, firstBytes: 'e3 ff 01 86 03 80 4f bb bf 70 67 0c ad 70 f8 29'}
logger.js:357 07:38:00.446 [INFO] [moqt:session:object-router] Stream read chunk {readNumber: 496, chunkSize: 908, totalBytesReceived: 1049484, done: false, firstBytes: 'ee fe 25 d3 3f 17 e9 ef 2b 4d c2 3d de 92 26 99'}
logger.js:357 07:38:00.446 [DEBUG] [moqt:session:object-router] Looking up subscription by trackAlias {lookupAlias: '0', found: true, knownAliases: Array(1)}
logger.js:357 07:38:00.446 [INFO] [moqt:session:object-router] Delivering object {subscriptionId: 2, groupId: 1812372264, objectId: 128, dataSize: 8287}
logger.js:357 07:38:00.483 [INFO] [moqt:session:object-router] Stream read chunk {readNumber: 497, chunkSize: 1218, totalBytesReceived: 1050702, done: false, firstBytes: '00 60 ee 01 41 ab 01 04 81 f2 d6 58 60 e3 00 00'}
logger.js:357 07:38:00.485 [INFO] [moqt:session:object-router] Stream read chunk {readNumber: 498, chunkSize: 4872, totalBytesReceived: 1055574, done: false, firstBytes: '77 fc 11 eb d4 c7 7f aa 8e eb 5f 5a ae ad f5 ef'}
logger.js:357 07:38:00.486 [INFO] [moqt:session:object-router] Stream read chunk {readNumber: 499, chunkSize: 1218, totalBytesReceived: 1056792, done: false, firstBytes: 'e7 71 44 53 e2 9a 88 05 60 93 5e b3 6e 26 75 1f'}
logger.js:357 07:38:00.487 [INFO] [moqt:session:object-router] Stream read chunk {readNumber: 500, chunkSize: 1125, totalBytesReceived: 1057917, done: false, firstBytes: 'ba fa 6f b2 82 2f 77 f8 ed 45 6e 9e 5c 2f 38 61'}
logger.js:357 07:38:00.487 [DEBUG] [moqt:session:object-router] Looking up subscription by trackAlias {lookupAlias: '0', found: true, knownAliases: Array(1)}
logger.js:357 07:38:00.487 [INFO] [moqt:session:object-router] Delivering object {subscriptionId: 2, groupId: 1812372264, objectId: 129, dataSize: 8430}
logger.js:357 07:38:00.505 [INFO] [moqt:session:object-router] Stream read chunk {readNumber: 501, chunkSize: 7308, totalBytesReceived: 1065225, done: false, firstBytes: '00 61 95 01 41 ac 01 04 81 f3 2c 48 61 8a 00 00'}
logger.js:357 07:38:00.509 [INFO] [moqt:session:object-router] Stream read chunk {readNumber: 502, chunkSize: 1292, totalBytesReceived: 1066517, done: false, firstBytes: 'd5 fe a8 ee 77 ce 4e 7f 3b f0 0d c8 0c 00 a4 56'}
logger.js:357 07:38:00.509 [DEBUG] [moqt:session:object-router] Looking up subscription by trackAlias {lookupAlias: '0', found: true, knownAliases: Array(1)}
logger.js:357 07:38:00.509 [INFO] [moqt:session:object-router] Delivering object {subscriptionId: 2, groupId: 1812372264, objectId: 130, dataSize: 8597}
logger.js:357 07:38:00.537 [INFO] [moqt:session:object-router] Stream read chunk {readNumber: 503, chunkSize: 1218, totalBytesReceived: 1067735, done: false, firstBytes: '00 65 e8 01 41 ad 01 04 81 f3 ae c0 65 dd 00 00'}
logger.js:357 07:38:00.539 [INFO] [moqt:session:object-router] Stream read chunk {readNumber: 504, chunkSize: 4872, totalBytesReceived: 1072607, done: false, firstBytes: '87 eb ab c6 f5 7f ab c9 02 66 ba f7 d7 f4 29 e8'}
logger.js:357 07:38:00.541 [INFO] [moqt:session:object-router] Stream read chunk {readNumber: 505, chunkSize: 3617, totalBytesReceived: 1076224, done: false, firstBytes: 'df 1f cb 5f e2 36 f4 f9 7a f6 7e 41 7f a2 0e 4e'}
logger.js:357 07:38:00.541 [DEBUG] [moqt:session:object-router] Looking up subscription by trackAlias {lookupAlias: '0', found: true, knownAliases: Array(1)}
logger.js:357 07:38:00.541 [INFO] [moqt:session:object-router] Delivering object {subscriptionId: 2, groupId: 1812372264, objectId: 131, dataSize: 9704}
logger.js:357 07:38:00.568 [INFO] [moqt:session:object-router] Stream read chunk {readNumber: 506, chunkSize: 1218, totalBytesReceived: 1077442, done: false, firstBytes: '00 60 b5 01 41 ae 01 04 81 f4 34 bc 60 aa 00 00'}
logger.js:357 07:38:00.569 [INFO] [moqt:session:object-router] Stream read chunk {readNumber: 507, chunkSize: 1218, totalBytesReceived: 1078660, done: false, firstBytes: 'a8 53 c9 d7 a8 ef 5d 5f ea f7 d7 a7 eb df 5e a1'}
logger.js:357 07:38:00.572 [INFO] [moqt:session:object-router] Stream read chunk {readNumber: 508, chunkSize: 3654, totalBytesReceived: 1082314, done: false, firstBytes: '37 69 df af dd 32 9f 9b af 45 72 6f 8a 87 f7 d7'}
logger.js:357 07:38:00.573 [INFO] [moqt:session:object-router] Stream read chunk {readNumber: 509, chunkSize: 1218, totalBytesReceived: 1083532, done: false, firstBytes: '52 5d 6d 98 da 52 66 56 0e d5 a7 26 dd 7e 35 89'}
logger.js:357 07:38:00.575 [INFO] [moqt:session:object-router] Stream read chunk {readNumber: 510, chunkSize: 1068, totalBytesReceived: 1084600, done: false, firstBytes: '7a f5 88 5a 6e 21 84 77 f9 a5 83 de 25 e0 9a fd'}
logger.js:357 07:38:00.575 [DEBUG] [moqt:session:object-router] Looking up subscription by trackAlias {lookupAlias: '0', found: true, knownAliases: Array(1)}
logger.js:357 07:38:00.575 [INFO] [moqt:session:object-router] Delivering object {subscriptionId: 2, groupId: 1812372264, objectId: 132, dataSize: 8373}
logger.js:357 07:38:00.607 [INFO] [moqt:session:object-router] Stream read chunk {readNumber: 511, chunkSize: 6090, totalBytesReceived: 1090690, done: false, firstBytes: '00 60 41 01 41 af 01 04 81 f4 ba 54 60 36 00 00'}
logger.js:357 07:38:00.613 [INFO] [moqt:session:object-router] Stream read chunk {readNumber: 512, chunkSize: 2170, totalBytesReceived: 1092860, done: false, firstBytes: '90 7b 4f d1 22 0c 08 72 e3 ef f3 57 fb eb ff aa'}
logger.js:357 07:38:00.613 [DEBUG] [moqt:session:object-router] Looking up subscription by trackAlias {lookupAlias: '0', found: true, knownAliases: Array(1)}
logger.js:357 07:38:00.613 [INFO] [moqt:session:object-router] Delivering object {subscriptionId: 2, groupId: 1812372264, objectId: 133, dataSize: 8257}
logger.js:357 07:38:00.641 [INFO] [moqt:session:object-router] Stream read chunk {readNumber: 513, chunkSize: 1218, totalBytesReceived: 1094078, done: false, firstBytes: '00 60 b5 01 41 b0 01 04 81 f5 40 b4 60 aa 00 00'}
logger.js:357 07:38:00.643 [INFO] [moqt:session:object-router] Stream read chunk {readNumber: 514, chunkSize: 4872, totalBytesReceived: 1098950, done: false, firstBytes: 'e2 8e f3 60 f2 23 af 4d d7 be bd 37 56 be ad 70'}
logger.js:357 07:38:00.646 [INFO] [moqt:session:object-router] Stream read chunk {readNumber: 515, chunkSize: 1218, totalBytesReceived: 1100168, done: false, firstBytes: '50 40 9f 17 fa 8e c6 b9 87 cb 10 8a f8 5b af 5f'}
logger.js:357 07:38:00.648 [INFO] [moqt:session:object-router] Stream read chunk {readNumber: 516, chunkSize: 1068, totalBytesReceived: 1101236, done: false, firstBytes: '11 2b f0 3c 81 98 12 eb bb e3 e3 be 72 d6 be 14'}
logger.js:357 07:38:00.648 [DEBUG] [moqt:session:object-router] Looking up subscription by trackAlias {lookupAlias: '0', found: true, knownAliases: Array(1)}
logger.js:357 07:38:00.648 [INFO] [moqt:session:object-router] Delivering object {subscriptionId: 2, groupId: 1812372264, objectId: 134, dataSize: 8373}
logger.js:357 07:38:00.671 [INFO] [moqt:session:object-router] Stream read chunk {readNumber: 517, chunkSize: 1218, totalBytesReceived: 1102454, done: false, firstBytes: '00 61 31 01 41 b1 01 04 81 f5 d0 10 61 26 00 00'}
logger.js:357 07:38:00.682 [INFO] [moqt:session:object-router] Stream read chunk {readNumber: 518, chunkSize: 7282, totalBytesReceived: 1109736, done: false, firstBytes: 'a6 82 ad 7c ef 27 57 88 3a b8 4f fd 7a 13 ea f1'}
logger.js:357 07:38:00.682 [DEBUG] [moqt:session:object-router] Looking up subscription by trackAlias {lookupAlias: '0', found: true, knownAliases: Array(1)}
logger.js:357 07:38:00.682 [INFO] [moqt:session:object-router] Delivering object {subscriptionId: 2, groupId: 1812372264, objectId: 135, dataSize: 8497}
logger.js:357 07:38:00.700 [INFO] [moqt:session:object-router] Stream read chunk {readNumber: 519, chunkSize: 1218, totalBytesReceived: 1110954, done: false, firstBytes: '00 63 8b 01 41 b2 01 04 81 f6 3b 7c 63 80 00 00'}
logger.js:357 07:38:00.705 [INFO] [moqt:session:object-router] Stream read chunk {readNumber: 520, chunkSize: 3654, totalBytesReceived: 1114608, done: false, firstBytes: 'd2 3f 05 ba f7 dd f0 57 df df bf b2 f7 e9 8d 21'}
logger.js:357 07:38:00.707 [INFO] [moqt:session:object-router] Stream read chunk {readNumber: 521, chunkSize: 4230, totalBytesReceived: 1118838, done: false, firstBytes: '4f 49 e3 3a f8 c4 2b ed 32 cf 4c bf fb 61 0a af'}
logger.js:357 07:38:00.707 [DEBUG] [moqt:session:object-router] Looking up subscription by trackAlias {lookupAlias: '0', found: true, knownAliases: Array(1)}
logger.js:357 07:38:00.707 [INFO] [moqt:session:object-router] Delivering object {subscriptionId: 2, groupId: 1812372264, objectId: 136, dataSize: 9099}
logger.js:357 07:38:00.741 [INFO] [moqt:session:object-router] Stream read chunk {readNumber: 522, chunkSize: 6801, totalBytesReceived: 1125639, done: false, firstBytes: '00 5a 8e 01 41 b3 01 04 81 f6 c0 b0 5a 83 00 00'}
logger.js:357 07:38:00.741 [DEBUG] [moqt:session:object-router] Looking up subscription by trackAlias {lookupAlias: '0', found: true, knownAliases: Array(1)}
logger.js:357 07:38:00.741 [INFO] [moqt:session:object-router] Delivering object {subscriptionId: 2, groupId: 1812372264, objectId: 137, dataSize: 6798}
logger.js:357 07:38:00.773 [INFO] [moqt:session:object-router] Stream read chunk {readNumber: 523, chunkSize: 3654, totalBytesReceived: 1129293, done: false, firstBytes: '00 64 7d 01 41 b4 01 04 81 f7 46 48 64 72 00 00'}
logger.js:357 07:38:00.776 [INFO] [moqt:session:object-router] Stream read chunk {readNumber: 524, chunkSize: 5690, totalBytesReceived: 1134983, done: false, firstBytes: '39 c9 c5 ad f3 ab c6 2a 4f 8a f1 39 bc 49 39 dc'}
logger.js:357 07:38:00.776 [DEBUG] [moqt:session:object-router] Looking up subscription by trackAlias {lookupAlias: '0', found: true, knownAliases: Array(1)}
logger.js:357 07:38:00.776 [INFO] [moqt:session:object-router] Delivering object {subscriptionId: 2, groupId: 1812372264, objectId: 138, dataSize: 9341}
logger.js:357 07:38:00.801 [INFO] [moqt:session:object-router] Stream read chunk {readNumber: 525, chunkSize: 1218, totalBytesReceived: 1136201, done: false, firstBytes: '00 60 2b 01 41 b5 01 04 81 f7 c3 48 60 20 00 00'}
logger.js:357 07:38:00.812 [INFO] [moqt:session:object-router] Stream read chunk {readNumber: 526, chunkSize: 4872, totalBytesReceived: 1141073, done: false, firstBytes: '2b 89 14 ef c1 c7 d5 a8 fc 27 04 b8 4c 4f 1d d7'}
logger.js:357 07:38:00.813 [INFO] [moqt:session:object-router] Stream read chunk {readNumber: 527, chunkSize: 2148, totalBytesReceived: 1143221, done: false, firstBytes: '4a a8 62 2a e2 bb 36 90 ae 92 b4 ab dc cd f7 cd'}
logger.js:357 07:38:00.813 [DEBUG] [moqt:session:object-router] Looking up subscription by trackAlias {lookupAlias: '0', found: true, knownAliases: Array(1)}
logger.js:357 07:38:00.813 [INFO] [moqt:session:object-router] Delivering object {subscriptionId: 2, groupId: 1812372264, objectId: 139, dataSize: 8235}
logger.js:357 07:38:00.834 [INFO] [moqt:session:object-router] Stream read chunk {readNumber: 528, chunkSize: 1218, totalBytesReceived: 1144439, done: false, firstBytes: '00 61 25 01 41 b6 01 04 81 f8 47 b4 61 1a 00 00'}
logger.js:357 07:38:00.836 [INFO] [moqt:session:object-router] Stream read chunk {readNumber: 529, chunkSize: 2436, totalBytesReceived: 1146875, done: false, firstBytes: '05 d5 ef ab f8 d5 78 81 1e 21 fe ab eb 50 d6 1d'}
logger.js:357 07:38:00.845 [INFO] [moqt:session:object-router] Stream read chunk {readNumber: 530, chunkSize: 3654, totalBytesReceived: 1150529, done: false, firstBytes: 'b2 1d 68 4f 7d 5a 8e b9 c9 36 4d ff fe 40 8d f1'}
logger.js:357 07:38:00.849 [INFO] [moqt:session:object-router] Stream read chunk {readNumber: 531, chunkSize: 1180, totalBytesReceived: 1151709, done: false, firstBytes: 'd8 d2 cf b1 d9 73 b8 27 0f 67 76 e2 fd 70 10 bf'}
logger.js:357 07:38:00.849 [DEBUG] [moqt:session:object-router] Looking up subscription by trackAlias {lookupAlias: '0', found: true, knownAliases: Array(1)}
logger.js:357 07:38:00.849 [INFO] [moqt:session:object-router] Delivering object {subscriptionId: 2, groupId: 1812372264, objectId: 140, dataSize: 8485}
logger.js:357 07:38:00.867 [INFO] [moqt:session:object-router] Stream read chunk {readNumber: 532, chunkSize: 1218, totalBytesReceived: 1152927, done: false, firstBytes: '00 61 bb 01 41 b7 01 04 81 f8 c3 24 61 b0 00 00'}
logger.js:357 07:38:00.869 [INFO] [moqt:session:object-router] Stream read chunk {readNumber: 533, chunkSize: 2436, totalBytesReceived: 1155363, done: false, firstBytes: 'ce 5c 1c 7d 6a f7 5d 6a 6e 4d ff 15 d3 15 8a dd'}
logger.js:357 07:38:00.869 [INFO] [moqt:session:object-router] Stream read chunk {readNumber: 534, chunkSize: 1218, totalBytesReceived: 1156581, done: false, firstBytes: 'ef ec df 3f 4f c2 31 d9 5c 51 20 6b 8a 48 e7 57'}
logger.js:357 07:38:00.874 [INFO] [moqt:session:object-router] Stream read chunk {readNumber: 535, chunkSize: 3654, totalBytesReceived: 1160235, done: false, firstBytes: '25 ba 7a 6c de 5c 45 56 8a a8 93 5a 64 46 75 19'}
logger.js:357 07:38:00.879 [INFO] [moqt:session:object-router] Stream read chunk {readNumber: 536, chunkSize: 112, totalBytesReceived: 1160347, done: false, firstBytes: '82 dd 45 af 7b a2 e5 62 f4 13 b3 3d de fb 4e 8f'}
logger.js:357 07:38:00.879 [DEBUG] [moqt:session:object-router] Looking up subscription by trackAlias {lookupAlias: '0', found: true, knownAliases: Array(1)}
logger.js:357 07:38:00.879 [INFO] [moqt:session:object-router] Delivering object {subscriptionId: 2, groupId: 1812372264, objectId: 141, dataSize: 8635}
logger.js:357 07:38:00.903 [INFO] [moqt:session:object-router] Stream read chunk {readNumber: 537, chunkSize: 3654, totalBytesReceived: 1164001, done: false, firstBytes: '00 60 ba 01 41 b8 01 04 81 f9 50 28 60 af 00 00'}
logger.js:357 07:38:00.903 [INFO] [moqt:session:object-router] Stream read chunk {readNumber: 538, chunkSize: 1218, totalBytesReceived: 1165219, done: false, firstBytes: 'b7 d5 f1 1c 65 b2 66 63 db 2d 2e 17 3b ac 47 27'}
logger.js:357 07:38:00.906 [INFO] [moqt:session:object-router] Stream read chunk {readNumber: 539, chunkSize: 1218, totalBytesReceived: 1166437, done: false, firstBytes: '7e c7 03 10 d1 41 76 ff 7a e0 b0 19 82 3e ba e0'}
logger.js:357 07:38:00.906 [INFO] [moqt:session:object-router] Stream read chunk {readNumber: 540, chunkSize: 1218, totalBytesReceived: 1167655, done: false, firstBytes: '1e 1f 17 df aa da 46 06 20 93 de b3 b8 5f 45 06'}
logger.js:357 07:38:00.908 [INFO] [moqt:session:object-router] Stream read chunk {readNumber: 541, chunkSize: 1073, totalBytesReceived: 1168728, done: false, firstBytes: 'ed c7 8c 13 d2 bf f0 a5 56 b7 f5 d5 49 9a df 12'}
logger.js:357 07:38:00.908 [DEBUG] [moqt:session:object-router] Looking up subscription by trackAlias {lookupAlias: '0', found: true, knownAliases: Array(1)}
logger.js:357 07:38:00.908 [INFO] [moqt:session:object-router] Delivering object {subscriptionId: 2, groupId: 1812372264, objectId: 142, dataSize: 8378}
logger.js:357 07:38:00.936 [INFO] [moqt:session:object-router] Stream read chunk {readNumber: 542, chunkSize: 1218, totalBytesReceived: 1169946, done: false, firstBytes: '00 5f 32 01 41 b9 01 04 81 f9 cb 98 5f 27 00 00'}
logger.js:357 07:38:00.937 [INFO] [moqt:session:object-router] Stream read chunk {readNumber: 543, chunkSize: 2436, totalBytesReceived: 1172382, done: false, firstBytes: 'ab 7d 5a 5f e2 0b 7f d7 92 a0 7a ab c8 29 fc 1c'}
logger.js:357 07:38:00.938 [INFO] [moqt:session:object-router] Stream read chunk {readNumber: 544, chunkSize: 2436, totalBytesReceived: 1174818, done: false, firstBytes: '2a 06 90 1d 64 f6 f0 16 20 1a 10 49 df 6c 4f c5'}
logger.js:357 07:38:00.939 [INFO] [moqt:session:object-router] Stream read chunk {readNumber: 545, chunkSize: 1218, totalBytesReceived: 1176036, done: false, firstBytes: '3d c7 cc 3d 4c c1 4c 4c 3c 5f a4 de d2 7d 71 71'}
logger.js:357 07:38:00.940 [INFO] [moqt:session:object-router] Stream read chunk {readNumber: 546, chunkSize: 681, totalBytesReceived: 1176717, done: false, firstBytes: 'ad ed 5b e5 d7 e7 17 be ff 37 ae b3 f1 2f 5b 5a'}
logger.js:357 07:38:00.940 [DEBUG] [moqt:session:object-router] Looking up subscription by trackAlias {lookupAlias: '0', found: true, knownAliases: Array(1)}
logger.js:357 07:38:00.940 [INFO] [moqt:session:object-router] Delivering object {subscriptionId: 2, groupId: 1812372264, objectId: 143, dataSize: 7986}
logger.js:357 07:38:00.976 [INFO] [moqt:session:object-router] Stream read chunk {readNumber: 547, chunkSize: 1218, totalBytesReceived: 1177935, done: false, firstBytes: '00 5f 32 01 41 ba 01 04 81 fa 5d b0 5f 27 00 00'}
logger.js:357 07:38:00.978 [INFO] [moqt:session:object-router] Stream read chunk {readNumber: 548, chunkSize: 6771, totalBytesReceived: 1184706, done: false, firstBytes: 'fe ab ea d1 9d 5e ba bf d5 fe af 10 21 e0 e0 ef'}
logger.js:357 07:38:00.978 [DEBUG] [moqt:session:object-router] Looking up subscription by trackAlias {lookupAlias: '0', found: true, knownAliases: Array(1)}
logger.js:357 07:38:00.979 [INFO] [moqt:session:object-router] Delivering object {subscriptionId: 2, groupId: 1812372264, objectId: 144, dataSize: 7986}
logger.js:357 07:38:00.999 [INFO] [moqt:session:object-router] Stream read chunk {readNumber: 549, chunkSize: 2436, totalBytesReceived: 1187142, done: false, firstBytes: '00 5f 97 01 41 bb 01 04 81 fa cb 74 5f 8c 00 00'}
logger.js:357 07:38:01.005 [INFO] [moqt:session:object-router] Stream read chunk {readNumber: 550, chunkSize: 1218, totalBytesReceived: 1188360, done: false, firstBytes: 'fd fb 30 36 16 b4 1b d1 ea be dd 7b b1 1b 5a 02'}
logger.js:357 07:38:01.008 [INFO] [moqt:session:object-router] Stream read chunk {readNumber: 551, chunkSize: 3654, totalBytesReceived: 1192014, done: false, firstBytes: '7b ea d2 61 9f af 42 ff ea a2 4f d1 f9 44 be 29'}
logger.js:357 07:38:01.017 [INFO] [moqt:session:object-router] Stream read chunk {readNumber: 552, chunkSize: 782, totalBytesReceived: 1192796, done: false, firstBytes: '0a eb bb fd 7a ba bd 70 97 2d 3a f7 04 36 bd eb'}
logger.js:357 07:38:01.017 [DEBUG] [moqt:session:object-router] Looking up subscription by trackAlias {lookupAlias: '0', found: true, knownAliases: Array(1)}
logger.js:357 07:38:01.017 [INFO] [moqt:session:object-router] Delivering object {subscriptionId: 2, groupId: 1812372264, objectId: 145, dataSize: 8087}
logger.js:357 07:38:01.034 [INFO] [moqt:session:object-router] Stream read chunk {readNumber: 553, chunkSize: 1218, totalBytesReceived: 1194014, done: false, firstBytes: '00 60 15 01 41 bc 01 04 81 fb 58 14 60 0a 00 00'}
logger.js:357 07:38:01.036 [INFO] [moqt:session:object-router] Stream read chunk {readNumber: 554, chunkSize: 1218, totalBytesReceived: 1195232, done: false, firstBytes: '93 fd 54 bd 6a 10 ea d5 d5 b1 1d 75 ea ea d3 75'}
logger.js:357 07:38:01.039 [INFO] [moqt:session:object-router] Stream read chunk {readNumber: 555, chunkSize: 1218, totalBytesReceived: 1196450, done: false, firstBytes: 'd9 9f 05 11 d6 57 da b5 cf 05 f4 97 61 a0 3b 9c'}
logger.js:357 07:38:01.042 [INFO] [moqt:session:object-router] Stream read chunk {readNumber: 556, chunkSize: 2436, totalBytesReceived: 1198886, done: false, firstBytes: '96 fb ff 37 5f 9b df 47 a4 d0 1e b5 c5 7b df c7'}
logger.js:357 07:38:01.047 [INFO] [moqt:session:object-router] Stream read chunk {readNumber: 557, chunkSize: 2126, totalBytesReceived: 1201012, done: false, firstBytes: '6e 03 64 06 f0 23 eb 47 e2 89 47 1c a2 44 8d 68'}
logger.js:357 07:38:01.047 [DEBUG] [moqt:session:object-router] Looking up subscription by trackAlias {lookupAlias: '0', found: true, knownAliases: Array(1)}
logger.js:357 07:38:01.047 [INFO] [moqt:session:object-router] Delivering object {subscriptionId: 2, groupId: 1812372264, objectId: 146, dataSize: 8213}
logger.js:357 07:38:01.067 [INFO] [moqt:session:object-router] Stream read chunk {readNumber: 558, chunkSize: 1218, totalBytesReceived: 1202230, done: false, firstBytes: '00 60 46 01 41 bd 01 04 81 fb da 28 60 3b 00 00'}
logger.js:357 07:38:01.069 [INFO] [moqt:session:object-router] Stream read chunk {readNumber: 559, chunkSize: 1176, totalBytesReceived: 1203406, done: false, firstBytes: '78 61 7a 84 6f 5f 62 9e 2f ab 51 de 7f e0 21 55'}
logger.js:357 07:38:01.069 [INFO] [moqt:session:object-router] Stream read chunk {readNumber: 560, chunkSize: 1260, totalBytesReceived: 1204666, done: false, firstBytes: '9b e9 f7 3e df c0 2e 80 32 01 5d 37 fd 3d fa b6'}
logger.js:357 07:38:01.072 [INFO] [moqt:session:object-router] Stream read chunk {readNumber: 561, chunkSize: 1218, totalBytesReceived: 1205884, done: false, firstBytes: 'bd fa f3 04 3d fa ab fd 8b bf ea 3f 92 4f bf bb'}
logger.js:357 07:38:01.077 [INFO] [moqt:session:object-router] Stream read chunk {readNumber: 562, chunkSize: 3393, totalBytesReceived: 1209277, done: false, firstBytes: '39 cc 10 29 c5 fe 9e cc c8 68 87 d3 82 6c 16 f7'}
logger.js:357 07:38:01.077 [DEBUG] [moqt:session:object-router] Looking up subscription by trackAlias {lookupAlias: '0', found: true, knownAliases: Array(1)}
logger.js:357 07:38:01.077 [INFO] [moqt:session:object-router] Delivering object {subscriptionId: 2, groupId: 1812372264, objectId: 147, dataSize: 8262}
logger.js:357 07:38:01.100 [INFO] [moqt:session:object-router] Stream read chunk {readNumber: 563, chunkSize: 1218, totalBytesReceived: 1210495, done: false, firstBytes: '00 62 84 01 41 be 01 04 81 fc 5d 68 62 79 00 00'}
logger.js:357 07:38:01.105 [INFO] [moqt:session:object-router] Stream read chunk {readNumber: 564, chunkSize: 2436, totalBytesReceived: 1212931, done: false, firstBytes: '8c 1d 62 fa b4 bd 6a ba d5 0a 5b eb df 5e c4 6e'}
logger.js:357 07:38:01.106 [INFO] [moqt:session:object-router] Stream read chunk {readNumber: 565, chunkSize: 1176, totalBytesReceived: 1214107, done: false, firstBytes: '77 c6 bd f1 0b 89 27 11 85 15 8a 71 0e 42 ea 18'}
logger.js:357 07:38:01.108 [INFO] [moqt:session:object-router] Stream read chunk {readNumber: 566, chunkSize: 4009, totalBytesReceived: 1218116, done: false, firstBytes: '80 7a 22 ee f6 ed e2 bf b1 d9 bb e1 77 06 43 65'}
logger.js:357 07:38:01.108 [DEBUG] [moqt:session:object-router] Looking up subscription by trackAlias {lookupAlias: '0', found: true, knownAliases: Array(1)}
logger.js:357 07:38:01.108 [INFO] [moqt:session:object-router] Delivering object {subscriptionId: 2, groupId: 1812372264, objectId: 148, dataSize: 8836}
logger.js:357 07:38:01.135 [INFO] [moqt:session:object-router] Stream read chunk {readNumber: 567, chunkSize: 3, totalBytesReceived: 1218119, done: false, firstBytes: '00 00 03'}
logger.js:357 07:38:01.135 [INFO] [moqt:session:object-router] Received END_OF_GROUP {groupId: 1812372264, objectId: 149, trackAlias: '0'}
logger.js:357 07:38:01.140 [INFO] [moqt:session:object-router] Stream read chunk {readNumber: 568, chunkSize: 3, totalBytesReceived: 1218122, done: false, firstBytes: '00 00 03'}
logger.js:357 07:38:01.141 [INFO] [moqt:session:object-router] Received END_OF_GROUP {groupId: 1812372264, objectId: 150, trackAlias: '0'}
logger.js:357 07:38:01.141 [INFO] [moqt:session:object-router] Stream ended {totalBytesReceived: 1218122, totalReads: 569, objectCount: 151, headerParsed: true, trackAlias: '0'}
logger.js:357 07:38:01.141 [DEBUG] [moqt:session:object-router] Finished processing stream {objectCount: 151, trackAlias: 0n, groupId: 1812372264}
logger.js:360 07:38:01.179 [INFO] [moqt:session] Received unidirectional-stream event from transport
logger.js:360 07:38:01.179 [INFO] [moqt:session:object-router] Received incoming stream
logger.js:357 07:38:01.179 [INFO] [moqt:session:object-router] Stream read chunk {readNumber: 1, chunkSize: 2399, totalBytesReceived: 2399, done: false, firstBytes: '18 00 c0 00 00 00 6c 06 9b 29 80 00 74 5d 41 41'}
logger.js:357 07:38:01.179 [INFO] [moqt:session:object-router] Incoming stream first bytes (draft-16) {viewLength: 2399, preview: '18 00 c0 00 00 00 6c 06 9b 29 80 00 74 5d 41 41 bf 01 04 81'}
logger.js:357 07:38:01.179 [INFO] [moqt:session:object-router] Decoded subgroup header (draft-16) {trackAlias: 0n, groupId: 1812372265, subgroupId: 0, endOfGroup: true, hasExtensions: false}
logger.js:357 07:38:01.181 [INFO] [moqt:session:object-router] Stream read chunk {readNumber: 2, chunkSize: 7362, totalBytesReceived: 9761, done: false, firstBytes: 'd6 eb ae ba dd 74 ee b7 5d 6e b7 4b 5b a7 ae b7'}
logger.js:357 07:38:01.182 [INFO] [moqt:session:object-router] Stream read chunk {readNumber: 3, chunkSize: 3658, totalBytesReceived: 13419, done: false, firstBytes: 'f5 9a 8c fa e8 ed ce 2e ca cc 67 bd 26 6b 1e 55'}
logger.js:357 07:38:01.182 [DEBUG] [moqt:session:object-router] Looking up subscription by trackAlias {lookupAlias: '0', found: true, knownAliases: Array(1)}
logger.js:357 07:38:01.182 [INFO] [moqt:session:object-router] New group started {subscriptionId: 2, previousGroup: 1812372264, previousLastObject: 148, newGroup: 1812372265, newFirstObject: 0}
logger.js:357 07:38:01.183 [INFO] [moqt:session:object-router] Delivering object {subscriptionId: 2, groupId: 1812372265, objectId: 0, dataSize: 13405}
logger.js:357 07:38:01.199 [INFO] [moqt:session:object-router] Stream read chunk {readNumber: 4, chunkSize: 1830, totalBytesReceived: 15249, done: false, firstBytes: '00 47 23 01 41 c0 01 04 81 fd d7 24 47 18 00 00'}
logger.js:357 07:38:01.199 [DEBUG] [moqt:session:object-router] Looking up subscription by trackAlias {lookupAlias: '0', found: true, knownAliases: Array(1)}
logger.js:357 07:38:01.199 [INFO] [moqt:session:object-router] Delivering object {subscriptionId: 2, groupId: 1812372265, objectId: 1, dataSize: 1827}
logger.js:357 07:38:01.234 [INFO] [moqt:session:object-router] Stream read chunk {readNumber: 5, chunkSize: 2438, totalBytesReceived: 17687, done: false, firstBytes: '00 50 97 01 41 c1 01 04 81 fe 5b f4 50 8c 00 00'}
logger.js:357 07:38:01.242 [INFO] [moqt:session:object-router] Stream read chunk {readNumber: 6, chunkSize: 1812, totalBytesReceived: 19499, done: false, firstBytes: 'f7 76 d3 6d 77 f8 25 a4 5c 12 e1 ee 15 82 f7 fd'}
logger.js:357 07:38:01.242 [DEBUG] [moqt:session:object-router] Looking up subscription by trackAlias {lookupAlias: '0', found: true, knownAliases: Array(1)}
logger.js:357 07:38:01.242 [INFO] [moqt:session:object-router] Delivering object {subscriptionId: 2, groupId: 1812372265, objectId: 2, dataSize: 4247}
logger.js:357 07:38:01.266 [INFO] [moqt:session:object-router] Stream read chunk {readNumber: 7, chunkSize: 1218, totalBytesReceived: 20717, done: false, firstBytes: '00 62 53 01 41 c2 01 04 81 fe e3 e4 62 48 00 00'}
logger.js:357 07:38:01.267 [INFO] [moqt:session:object-router] Stream read chunk {readNumber: 8, chunkSize: 1218, totalBytesReceived: 21935, done: false, firstBytes: '53 ef 3f 10 7d e7 dd 0a dd 8a 7c fb 9c fb 9c fb'}
logger.js:357 07:38:01.272 [INFO] [moqt:session:object-router] Stream read chunk {readNumber: 9, chunkSize: 2394, totalBytesReceived: 24329, done: false, firstBytes: '3e e4 3b b9 cf b9 05 7f 56 ce b9 d5 c4 0a 59 85'}
logger.js:357 07:38:01.273 [INFO] [moqt:session:object-router] Stream read chunk {readNumber: 10, chunkSize: 1260, totalBytesReceived: 25589, done: false, firstBytes: '57 a3 93 47 e5 eb d6 77 93 02 79 7d 7d 7b c1 a7'}
logger.js:357 07:38:01.278 [INFO] [moqt:session:object-router] Stream read chunk {readNumber: 11, chunkSize: 2700, totalBytesReceived: 28289, done: false, firstBytes: 'bf e0 f8 05 70 22 de fd f2 f4 e2 4f c9 cd ea 23'}
logger.js:357 07:38:01.278 [DEBUG] [moqt:session:object-router] Looking up subscription by trackAlias {lookupAlias: '0', found: true, knownAliases: Array(1)}
logger.js:357 07:38:01.278 [INFO] [moqt:session:object-router] Delivering object {subscriptionId: 2, groupId: 1812372265, objectId: 3, dataSize: 8787}
logger.js:357 07:38:01.291 [DEBUG] [moqt:media:video-decoder] New group started {groupId: 1812372265, previousGroupId: 1812372265}
logger.js:357 07:38:01.291 [DEBUG] [moqt:media:video-decoder] Received keyframe {keyframeCount: 4, groupId: 1812372265}
logger.js:357 07:38:01.291 [DEBUG] [moqt:media:subscribe-pipeline] Video arbiter stats {activeGroup: 1812372265, groupCount: 4, framesOutput: 361, groupsCompleted: 3, groupsSkipped: 0}
logger.js:357 07:38:01.298 [INFO] [moqt:session:object-router] Stream read chunk {readNumber: 12, chunkSize: 1218, totalBytesReceived: 29507, done: false, firstBytes: '00 58 a3 01 41 c3 01 04 81 ff 63 3c 58 98 00 00'}
logger.js:357 07:38:01.298 [INFO] [moqt:session:object-router] Stream read chunk {readNumber: 13, chunkSize: 1218, totalBytesReceived: 30725, done: false, firstBytes: '30 a7 71 18 12 31 1d 7f aa a3 ee 51 3b a3 ee 3c'}
logger.js:357 07:38:01.304 [INFO] [moqt:session:object-router] Stream read chunk {readNumber: 14, chunkSize: 1218, totalBytesReceived: 31943, done: false, firstBytes: 'ad f5 51 5d 5a b4 bd f5 f7 c4 77 7d eb 93 8f 7b'}
logger.js:357 07:38:01.305 [INFO] [moqt:session:object-router] Stream read chunk {readNumber: 15, chunkSize: 2656, totalBytesReceived: 34599, done: false, firstBytes: 'f6 af 7d 6b 14 4f 0a 0f 5a ec ea fa a4 26 9e 44'}
logger.js:357 07:38:01.305 [DEBUG] [moqt:session:object-router] Looking up subscription by trackAlias {lookupAlias: '0', found: true, knownAliases: Array(1)}
logger.js:357 07:38:01.305 [INFO] [moqt:session:object-router] Delivering object {subscriptionId: 2, groupId: 1812372265, objectId: 4, dataSize: 6307}
logger.js:357 07:38:01.333 [INFO] [moqt:session:object-router] Stream read chunk {readNumber: 16, chunkSize: 1218, totalBytesReceived: 35817, done: false, firstBytes: '00 50 d1 01 41 c4 01 04 81 ff e9 9c 50 c6 00 00'}
logger.js:357 07:38:01.335 [INFO] [moqt:session:object-router] Stream read chunk {readNumber: 17, chunkSize: 1176, totalBytesReceived: 36993, done: false, firstBytes: 'eb b0 ff 26 6c d7 35 fb e0 92 fe be b5 9d 62 37'}
logger.js:357 07:38:01.337 [INFO] [moqt:session:object-router] Stream read chunk {readNumber: 18, chunkSize: 1914, totalBytesReceived: 38907, done: false, firstBytes: 'd5 f3 7b f8 21 cf 90 1f 75 eb fd 54 20 77 f9 3d'}
logger.js:357 07:38:01.337 [DEBUG] [moqt:session:object-router] Looking up subscription by trackAlias {lookupAlias: '0', found: true, knownAliases: Array(1)}
logger.js:357 07:38:01.337 [INFO] [moqt:session:object-router] Delivering object {subscriptionId: 2, groupId: 1812372265, objectId: 5, dataSize: 4305}
logger.js:357 07:38:01.372 [INFO] [moqt:session:object-router] Stream read chunk {readNumber: 19, chunkSize: 6015, totalBytesReceived: 44922, done: false, firstBytes: '00 57 7c 01 41 c5 01 04 82 00 6f 98 57 71 00 00'}
logger.js:357 07:38:01.372 [DEBUG] [moqt:session:object-router] Looking up subscription by trackAlias {lookupAlias: '0', found: true, knownAliases: Array(1)}
logger.js:357 07:38:01.372 [INFO] [moqt:session:object-router] Delivering object {subscriptionId: 2, groupId: 1812372265, objectId: 6, dataSize: 6012}
VideoRenderer.tsx:84 [VideoRenderer] Rendering stats {framesRendered: 360, frameWidth: 1920, frameHeight: 1080, timestamp: 451000}
logger.js:357 07:38:01.405 [INFO] [moqt:session:object-router] Stream read chunk {readNumber: 20, chunkSize: 2436, totalBytesReceived: 47358, done: false, firstBytes: '00 53 d0 01 41 c6 01 04 82 00 f8 b4 53 c5 00 00'}
logger.js:357 07:38:01.409 [INFO] [moqt:session:object-router] Stream read chunk {readNumber: 21, chunkSize: 2639, totalBytesReceived: 49997, done: false, firstBytes: '29 da cd 2a 65 fb 9b c7 5a 1b 24 ea f2 9f 84 8e'}
logger.js:357 07:38:01.409 [DEBUG] [moqt:session:object-router] Looking up subscription by trackAlias {lookupAlias: '0', found: true, knownAliases: Array(1)}
logger.js:357 07:38:01.409 [INFO] [moqt:session:object-router] Delivering object {subscriptionId: 2, groupId: 1812372265, objectId: 7, dataSize: 5072}
logger.js:357 07:38:01.442 [INFO] [moqt:session:object-router] Stream read chunk {readNumber: 22, chunkSize: 5171, totalBytesReceived: 55168, done: false, firstBytes: '00 54 30 01 41 c7 01 04 82 01 74 88 54 25 00 00'}
logger.js:357 07:38:01.442 [DEBUG] [moqt:session:object-router] Looking up subscription by trackAlias {lookupAlias: '0', found: true, knownAliases: Array(1)}
logger.js:357 07:38:01.442 [INFO] [moqt:session:object-router] Delivering object {subscriptionId: 2, groupId: 1812372265, objectId: 8, dataSize: 5168}
logger.js:357 07:38:01.474 [INFO] [moqt:session:object-router] Stream read chunk {readNumber: 23, chunkSize: 1218, totalBytesReceived: 56386, done: false, firstBytes: '00 5d f2 01 41 c8 01 04 82 02 01 28 5d e7 00 00'}
logger.js:357 07:38:01.476 [INFO] [moqt:session:object-router] Stream read chunk {readNumber: 24, chunkSize: 2436, totalBytesReceived: 58822, done: false, firstBytes: '81 8b 13 81 e3 3e e5 ea f2 8a f1 0a e6 83 cc 54'}
logger.js:357 07:38:01.479 [INFO] [moqt:session:object-router] Stream read chunk {readNumber: 25, chunkSize: 1218, totalBytesReceived: 60040, done: false, firstBytes: '4b bf 7f 04 bb ef db d1 ab d7 26 bf ba af 85 f2'}
logger.js:357 07:38:01.482 [INFO] [moqt:session:object-router] Stream read chunk {readNumber: 26, chunkSize: 2797, totalBytesReceived: 62837, done: false, firstBytes: 'c1 9b 18 37 ed 6f bc 55 ca 8b c1 aa 5d ff 34 9b'}
logger.js:357 07:38:01.482 [DEBUG] [moqt:session:object-router] Looking up subscription by trackAlias {lookupAlias: '0', found: true, knownAliases: Array(1)}
logger.js:357 07:38:01.482 [INFO] [moqt:session:object-router] Delivering object {subscriptionId: 2, groupId: 1812372265, objectId: 9, dataSize: 7666}
logger.js:357 07:38:01.502 [INFO] [moqt:session:object-router] Stream read chunk {readNumber: 27, chunkSize: 2436, totalBytesReceived: 65273, done: false, firstBytes: '00 56 58 01 41 c9 01 04 82 02 74 64 56 4d 00 00'}
logger.js:357 07:38:01.503 [INFO] [moqt:session:object-router] Stream read chunk {readNumber: 28, chunkSize: 1218, totalBytesReceived: 66491, done: false, firstBytes: 'df df bf 96 fc 9d 5a f8 9f 77 7d dc 46 fb 1f 68'}
logger.js:357 07:38:01.504 [INFO] [moqt:session:object-router] Stream read chunk {readNumber: 29, chunkSize: 1218, totalBytesReceived: 67709, done: false, firstBytes: '5a e9 96 6c 75 af d5 5f 14 49 db 3f 89 7c ef 9c'}
logger.js:357 07:38:01.507 [INFO] [moqt:session:object-router] Stream read chunk {readNumber: 30, chunkSize: 851, totalBytesReceived: 68560, done: false, firstBytes: '71 04 e3 17 d8 85 58 a5 1b 59 c9 1b 58 b5 17 ec'}
logger.js:357 07:38:01.507 [DEBUG] [moqt:session:object-router] Looking up subscription by trackAlias {lookupAlias: '0', found: true, knownAliases: Array(1)}
logger.js:357 07:38:01.507 [INFO] [moqt:session:object-router] Delivering object {subscriptionId: 2, groupId: 1812372265, objectId: 10, dataSize: 5720}
logger.js:357 07:38:01.534 [INFO] [moqt:session:object-router] Stream read chunk {readNumber: 31, chunkSize: 1176, totalBytesReceived: 69736, done: false, firstBytes: '00 66 e4 01 41 ca 01 04 82 02 fd 1c 66 d9 00 00'}
logger.js:357 07:38:01.535 [INFO] [moqt:session:object-router] Stream read chunk {readNumber: 32, chunkSize: 1260, totalBytesReceived: 70996, done: false, firstBytes: '48 08 ac bd 7a ba fb eb ef af 5f 5e 8c 3b b9 30'}
logger.js:357 07:38:01.537 [INFO] [moqt:session:object-router] Stream read chunk {readNumber: 33, chunkSize: 1218, totalBytesReceived: 72214, done: false, firstBytes: 'dc 39 af c5 71 c7 26 73 ee 23 ad 5f 57 92 05 5f'}
logger.js:357 07:38:01.537 [INFO] [moqt:session:object-router] Stream read chunk {readNumber: 34, chunkSize: 1218, totalBytesReceived: 73432, done: false, firstBytes: 'e6 da 49 2c 44 14 7b ed 6b e1 2d e5 fd fc 29 5e'}
logger.js:357 07:38:01.541 [INFO] [moqt:session:object-router] Stream read chunk {readNumber: 35, chunkSize: 2436, totalBytesReceived: 75868, done: false, firstBytes: '3f 77 fe 09 f7 df f6 8f 6c 47 b7 af 6c 11 67 cc'}
logger.js:357 07:38:01.542 [INFO] [moqt:session:object-router] Stream read chunk {readNumber: 36, chunkSize: 1218, totalBytesReceived: 77086, done: false, firstBytes: 'be 6d 7b cf 37 67 f1 fe ba a5 7b f8 ef 2d 37 46'}
logger.js:357 07:38:01.544 [INFO] [moqt:session:object-router] Stream read chunk {readNumber: 37, chunkSize: 1218, totalBytesReceived: 78304, done: false, firstBytes: '28 87 3d 68 e3 c3 61 b5 a3 b8 e7 17 4d c0 d0 0f'}
logger.js:357 07:38:01.545 [INFO] [moqt:session:object-router] Stream read chunk {readNumber: 38, chunkSize: 215, totalBytesReceived: 78519, done: false, firstBytes: '9a 1c 0f 18 79 02 3b e6 f0 c8 3f c2 37 c7 62 43'}
logger.js:357 07:38:01.545 [DEBUG] [moqt:session:object-router] Looking up subscription by trackAlias {lookupAlias: '0', found: true, knownAliases: Array(1)}
logger.js:357 07:38:01.545 [INFO] [moqt:session:object-router] Delivering object {subscriptionId: 2, groupId: 1812372265, objectId: 11, dataSize: 9956}
logger.js:357 07:38:01.573 [INFO] [moqt:session:object-router] Stream read chunk {readNumber: 39, chunkSize: 4872, totalBytesReceived: 83391, done: false, firstBytes: '00 59 bf 01 41 cb 01 04 82 03 7c d8 59 b4 00 00'}
logger.js:357 07:38:01.578 [INFO] [moqt:session:object-router] Stream read chunk {readNumber: 40, chunkSize: 1722, totalBytesReceived: 85113, done: false, firstBytes: 'f8 0f 95 6c 51 23 ec fd 7f 8a 5c 49 25 bc 04 58'}
logger.js:357 07:38:01.578 [DEBUG] [moqt:session:object-router] Looking up subscription by trackAlias {lookupAlias: '0', found: true, knownAliases: Array(1)}
logger.js:357 07:38:01.578 [INFO] [moqt:session:object-router] Delivering object {subscriptionId: 2, groupId: 1812372265, objectId: 12, dataSize: 6591}
logger.js:357 07:38:01.609 [INFO] [moqt:session:object-router] Stream read chunk {readNumber: 41, chunkSize: 1218, totalBytesReceived: 86331, done: false, firstBytes: '00 65 d7 01 41 cc 01 04 82 04 18 50 65 cc 00 00'}
logger.js:357 07:38:01.623 [INFO] [moqt:session:object-router] Stream read chunk {readNumber: 42, chunkSize: 1176, totalBytesReceived: 87507, done: false, firstBytes: 'bf af 7d 7a 27 af 4b 82 89 04 3b a1 ae ef f5 bf'}
logger.js:357 07:38:01.625 [INFO] [moqt:session:object-router] Stream read chunk {readNumber: 43, chunkSize: 7296, totalBytesReceived: 94803, done: false, firstBytes: '6b 92 5b ef 7f c7 ec 7e 9d 3a 72 8a ec fc db f8'}
logger.js:357 07:38:01.625 [DEBUG] [moqt:session:object-router] Looking up subscription by trackAlias {lookupAlias: '0', found: true, knownAliases: Array(1)}
logger.js:357 07:38:01.625 [INFO] [moqt:session:object-router] Delivering object {subscriptionId: 2, groupId: 1812372265, objectId: 13, dataSize: 9687}
logger.js:357 07:38:01.632 [INFO] [moqt:session:object-router] Stream read chunk {readNumber: 44, chunkSize: 1218, totalBytesReceived: 96021, done: false, firstBytes: '00 62 6a 01 41 cd 01 04 82 04 77 3c 62 5f 00 00'}
logger.js:357 07:38:01.633 [INFO] [moqt:session:object-router] Stream read chunk {readNumber: 45, chunkSize: 1218, totalBytesReceived: 97239, done: false, firstBytes: 'b7 fa d4 19 9f 92 06 2e 29 fe bd 8a eb af 4b d7'}
logger.js:357 07:38:01.639 [INFO] [moqt:session:object-router] Stream read chunk {readNumber: 46, chunkSize: 3654, totalBytesReceived: 100893, done: false, firstBytes: '76 2e 10 ef 7b e9 78 bc 29 c9 ef eb 57 d5 e2 45'}
logger.js:357 07:38:01.641 [INFO] [moqt:session:object-router] Stream read chunk {readNumber: 47, chunkSize: 2723, totalBytesReceived: 103616, done: false, firstBytes: '2f 14 48 7c 00 c9 1d 92 35 8a 24 29 4c c4 b8 69'}
logger.js:357 07:38:01.641 [DEBUG] [moqt:session:object-router] Looking up subscription by trackAlias {lookupAlias: '0', found: true, knownAliases: Array(1)}
logger.js:357 07:38:01.641 [INFO] [moqt:session:object-router] Delivering object {subscriptionId: 2, groupId: 1812372265, objectId: 14, dataSize: 8810}
logger.js:357 07:38:01.666 [INFO] [moqt:session:object-router] Stream read chunk {readNumber: 48, chunkSize: 1218, totalBytesReceived: 104834, done: false, firstBytes: '00 5f e9 01 41 ce 01 04 82 04 f9 b4 5f de 00 00'}
logger.js:357 07:38:01.672 [INFO] [moqt:session:object-router] Stream read chunk {readNumber: 49, chunkSize: 1176, totalBytesReceived: 106010, done: false, firstBytes: '14 4c b8 3d ae af f5 e9 45 3c 51 c9 7e 18 55 c0'}
logger.js:357 07:38:01.675 [INFO] [moqt:session:object-router] Stream read chunk {readNumber: 50, chunkSize: 3696, totalBytesReceived: 109706, done: false, firstBytes: 'fe 2b cf 8d 7f 8e ef 5e be d6 85 6c 7b 7b 9b ab'}
logger.js:357 07:38:01.675 [INFO] [moqt:session:object-router] Stream read chunk {readNumber: 51, chunkSize: 2082, totalBytesReceived: 111788, done: false, firstBytes: '45 b9 8f 8a 0a 3f e8 43 69 61 f1 d9 29 d7 3d 84'}
logger.js:357 07:38:01.675 [DEBUG] [moqt:session:object-router] Looking up subscription by trackAlias {lookupAlias: '0', found: true, knownAliases: Array(1)}
logger.js:357 07:38:01.675 [INFO] [moqt:session:object-router] Delivering object {subscriptionId: 2, groupId: 1812372265, objectId: 15, dataSize: 8169}
logger.js:357 07:38:01.700 [INFO] [moqt:session:object-router] Stream read chunk {readNumber: 52, chunkSize: 2436, totalBytesReceived: 114224, done: false, firstBytes: '00 5e d3 01 41 cf 01 04 82 05 82 d0 5e c8 00 00'}
logger.js:357 07:38:01.716 [INFO] [moqt:session:object-router] Stream read chunk {readNumber: 53, chunkSize: 2436, totalBytesReceived: 116660, done: false, firstBytes: 'b4 4d fd c4 5d f7 eb 82 19 a9 db 7b 92 ef f8 2e'}
logger.js:357 07:38:01.722 [INFO] [moqt:session:object-router] Stream read chunk {readNumber: 54, chunkSize: 3022, totalBytesReceived: 119682, done: false, firstBytes: '6a bd 22 88 94 42 0f a5 cb f1 0f ae 66 47 fd 39'}
logger.js:357 07:38:01.722 [DEBUG] [moqt:session:object-router] Looking up subscription by trackAlias {lookupAlias: '0', found: true, knownAliases: Array(1)}
logger.js:357 07:38:01.722 [INFO] [moqt:session:object-router] Delivering object {subscriptionId: 2, groupId: 1812372265, objectId: 16, dataSize: 7891}
logger.js:357 07:38:01.738 [INFO] [moqt:session:object-router] Stream read chunk {readNumber: 55, chunkSize: 2436, totalBytesReceived: 122118, done: false, firstBytes: '00 5e 8f 01 41 d0 01 04 82 06 0d 18 5e 84 00 00'}
logger.js:357 07:38:01.738 [INFO] [moqt:session:object-router] Stream read chunk {readNumber: 56, chunkSize: 2436, totalBytesReceived: 124554, done: false, firstBytes: '14 3e 93 bf 97 2f e6 8e b8 7e 3b c9 bd 7d ee dd'}
logger.js:357 07:38:01.743 [INFO] [moqt:session:object-router] Stream read chunk {readNumber: 57, chunkSize: 2436, totalBytesReceived: 126990, done: false, firstBytes: '74 ca 13 4a bc 37 d2 7b 1f 51 14 de ef f6 40 4d'}
logger.js:357 07:38:01.753 [INFO] [moqt:session:object-router] Stream read chunk {readNumber: 58, chunkSize: 518, totalBytesReceived: 127508, done: false, firstBytes: '15 47 20 7a b6 f1 ae 35 93 e6 09 a9 e9 c0 2d 40'}
logger.js:357 07:38:01.753 [DEBUG] [moqt:session:object-router] Looking up subscription by trackAlias {lookupAlias: '0', found: true, knownAliases: Array(1)}
logger.js:357 07:38:01.753 [INFO] [moqt:session:object-router] Delivering object {subscriptionId: 2, groupId: 1812372265, objectId: 17, dataSize: 7823}
logger.js:357 07:38:01.771 [INFO] [moqt:session:object-router] Stream read chunk {readNumber: 59, chunkSize: 3654, totalBytesReceived: 131162, done: false, firstBytes: '00 5e a5 01 41 d1 01 04 82 06 91 e8 5e 9a 00 00'}
logger.js:357 07:38:01.771 [INFO] [moqt:session:object-router] Stream read chunk {readNumber: 60, chunkSize: 1218, totalBytesReceived: 132380, done: false, firstBytes: '98 ac 9a 73 c7 d9 9a dc 43 fd 82 8d f7 ea 39 d9'}
logger.js:357 07:38:01.774 [INFO] [moqt:session:object-router] Stream read chunk {readNumber: 61, chunkSize: 1218, totalBytesReceived: 133598, done: false, firstBytes: 'c5 5a f7 bf ab 5f 04 9a 7f 68 82 42 80 b4 4f a6'}
logger.js:357 07:38:01.775 [INFO] [moqt:session:object-router] Stream read chunk {readNumber: 62, chunkSize: 1758, totalBytesReceived: 135356, done: false, firstBytes: '56 fa f7 82 95 ea b8 fb b2 b7 a6 b6 5f 82 4a f7'}
logger.js:357 07:38:01.775 [DEBUG] [moqt:session:object-router] Looking up subscription by trackAlias {lookupAlias: '0', found: true, knownAliases: Array(1)}
logger.js:357 07:38:01.775 [INFO] [moqt:session:object-router] Delivering object {subscriptionId: 2, groupId: 1812372265, objectId: 18, dataSize: 7845}
logger.js:357 07:38:01.802 [INFO] [moqt:session:object-router] Stream read chunk {readNumber: 63, chunkSize: 1218, totalBytesReceived: 136574, done: false, firstBytes: '00 5a 50 01 41 d2 01 04 82 07 10 78 5a 45 00 00'}
logger.js:357 07:38:01.804 [INFO] [moqt:session:object-router] Stream read chunk {readNumber: 64, chunkSize: 2436, totalBytesReceived: 139010, done: false, firstBytes: '55 d5 77 bc 5e d6 a6 cf f3 7a fa f7 d7 ab 93 7f'}
logger.js:357 07:38:01.806 [INFO] [moqt:session:object-router] Stream read chunk {readNumber: 65, chunkSize: 2352, totalBytesReceived: 141362, done: false, firstBytes: '13 89 57 8a 57 89 25 e2 5d 62 14 99 14 af 14 f8'}
logger.js:357 07:38:01.806 [INFO] [moqt:session:object-router] Stream read chunk {readNumber: 66, chunkSize: 733, totalBytesReceived: 142095, done: false, firstBytes: 'e1 37 fb 2f ff 19 ec 63 5c 7f 6d 88 f1 3e 75 c5'}
logger.js:357 07:38:01.806 [DEBUG] [moqt:session:object-router] Looking up subscription by trackAlias {lookupAlias: '0', found: true, knownAliases: Array(1)}
logger.js:357 07:38:01.806 [INFO] [moqt:session:object-router] Delivering object {subscriptionId: 2, groupId: 1812372265, objectId: 19, dataSize: 6736}
logger.js:357 07:38:01.835 [INFO] [moqt:session:object-router] Stream read chunk {readNumber: 67, chunkSize: 1218, totalBytesReceived: 143313, done: false, firstBytes: '00 6c cb 01 41 d3 01 04 82 07 88 c8 6c c0 00 00'}
logger.js:357 07:38:01.835 [INFO] [moqt:session:object-router] Stream read chunk {readNumber: 68, chunkSize: 1218, totalBytesReceived: 144531, done: false, firstBytes: '28 46 bf 4b bf 45 56 ee ad f0 5b 5e fd aa 02 6a'}
logger.js:357 07:38:01.837 [INFO] [moqt:session:object-router] Stream read chunk {readNumber: 69, chunkSize: 1218, totalBytesReceived: 145749, done: false, firstBytes: 'ab cb c2 1d f5 da d1 93 97 d5 f7 eb e4 df 85 17'}
logger.js:357 07:38:01.840 [INFO] [moqt:session:object-router] Stream read chunk {readNumber: 70, chunkSize: 2352, totalBytesReceived: 148101, done: false, firstBytes: 'fe 27 cc c6 ff 13 eb 5f d7 ab ab 4b 7b ea f5 d5'}
logger.js:357 07:38:01.842 [INFO] [moqt:session:object-router] Stream read chunk {readNumber: 71, chunkSize: 1302, totalBytesReceived: 149403, done: false, firstBytes: '81 34 40 eb c0 94 a6 ad 96 a5 88 9c 28 0d d7 cb'}
logger.js:357 07:38:01.843 [INFO] [moqt:session:object-router] Stream read chunk {readNumber: 72, chunkSize: 4162, totalBytesReceived: 153565, done: false, firstBytes: '51 05 80 2d f5 53 9c 4c bc be b2 c9 bd fb 99 a2'}
logger.js:357 07:38:01.843 [DEBUG] [moqt:session:object-router] Looking up subscription by trackAlias {lookupAlias: '0', found: true, knownAliases: Array(1)}
logger.js:357 07:38:01.843 [INFO] [moqt:session:object-router] Delivering object {subscriptionId: 2, groupId: 1812372265, objectId: 20, dataSize: 11467}
logger.js:357 07:38:01.874 [INFO] [moqt:session:object-router] Stream read chunk {readNumber: 73, chunkSize: 1218, totalBytesReceived: 154783, done: false, firstBytes: '00 5d 21 01 41 d4 01 04 82 08 1b a8 5d 16 00 00'}
logger.js:357 07:38:01.876 [INFO] [moqt:session:object-router] Stream read chunk {readNumber: 74, chunkSize: 2436, totalBytesReceived: 157219, done: false, firstBytes: 'a0 b4 68 95 ce b1 5f ea ac 5f 6c 47 9d 66 e6 df'}
logger.js:357 07:38:01.879 [INFO] [moqt:session:object-router] Stream read chunk {readNumber: 75, chunkSize: 1218, totalBytesReceived: 158437, done: false, firstBytes: '90 3d f5 ea 9f 78 21 16 33 ae 9f 3f 88 72 5e c0'}
logger.js:357 07:38:01.880 [INFO] [moqt:session:object-router] Stream read chunk {readNumber: 76, chunkSize: 1218, totalBytesReceived: 159655, done: false, firstBytes: '64 8f d1 f3 eb 8e c8 5f 30 62 2e 49 c2 96 d9 6f'}
logger.js:357 07:38:01.881 [INFO] [moqt:session:object-router] Stream read chunk {readNumber: 77, chunkSize: 1370, totalBytesReceived: 161025, done: false, firstBytes: '14 b4 1f 80 2e f0 0a 8b af 89 52 ec 52 e3 9c 4f'}
logger.js:357 07:38:01.881 [DEBUG] [moqt:session:object-router] Looking up subscription by trackAlias {lookupAlias: '0', found: true, knownAliases: Array(1)}
logger.js:357 07:38:01.881 [INFO] [moqt:session:object-router] Delivering object {subscriptionId: 2, groupId: 1812372265, objectId: 21, dataSize: 7457}
logger.js:357 07:38:01.900 [INFO] [moqt:session:object-router] Stream read chunk {readNumber: 78, chunkSize: 2436, totalBytesReceived: 163461, done: false, firstBytes: '00 5d 65 01 41 d5 01 04 82 08 90 d8 5d 5a 00 00'}
logger.js:357 07:38:01.907 [INFO] [moqt:session:object-router] Stream read chunk {readNumber: 79, chunkSize: 1218, totalBytesReceived: 164679, done: false, firstBytes: 'eb d3 7f aa 84 c4 3e 25 61 51 44 de 1d be b5 35'}
logger.js:357 07:38:01.912 [INFO] [moqt:session:object-router] Stream read chunk {readNumber: 80, chunkSize: 2436, totalBytesReceived: 167115, done: false, firstBytes: '46 30 5b 66 a7 2a 19 99 62 c5 ee ba 45 f9 ce 17'}
logger.js:357 07:38:01.912 [INFO] [moqt:session:object-router] Stream read chunk {readNumber: 81, chunkSize: 1438, totalBytesReceived: 168553, done: false, firstBytes: 'fc bb da a9 b3 7a f9 69 bf e4 f6 62 b7 f1 1d fb'}
logger.js:357 07:38:01.912 [DEBUG] [moqt:session:object-router] Looking up subscription by trackAlias {lookupAlias: '0', found: true, knownAliases: Array(1)}
logger.js:357 07:38:01.912 [INFO] [moqt:session:object-router] Delivering object {subscriptionId: 2, groupId: 1812372265, objectId: 22, dataSize: 7525}
logger.js:357 07:38:01.938 [INFO] [moqt:session:object-router] Stream read chunk {readNumber: 82, chunkSize: 1218, totalBytesReceived: 169771, done: false, firstBytes: '00 5d 28 01 41 d6 01 04 82 09 14 7c 5d 1d 00 00'}
logger.js:357 07:38:01.940 [INFO] [moqt:session:object-router] Stream read chunk {readNumber: 83, chunkSize: 4872, totalBytesReceived: 174643, done: false, firstBytes: '1d 64 c1 26 2b ae ad f5 6f ab 5f 56 90 4a b9 ff'}
logger.js:357 07:38:01.942 [INFO] [moqt:session:object-router] Stream read chunk {readNumber: 84, chunkSize: 1218, totalBytesReceived: 175861, done: false, firstBytes: 'bb fb f5 90 40 27 f5 b5 f7 71 17 e4 cf b8 28 ee'}
logger.js:357 07:38:01.944 [INFO] [moqt:session:object-router] Stream read chunk {readNumber: 85, chunkSize: 159, totalBytesReceived: 176020, done: false, firstBytes: 'f0 e8 29 e5 c9 7f 31 11 39 17 fe 40 9f 77 bf 80'}
logger.js:357 07:38:01.944 [DEBUG] [moqt:session:object-router] Looking up subscription by trackAlias {lookupAlias: '0', found: true, knownAliases: Array(1)}
logger.js:357 07:38:01.944 [INFO] [moqt:session:object-router] Delivering object {subscriptionId: 2, groupId: 1812372265, objectId: 23, dataSize: 7464}
logger.js:357 07:38:01.977 [INFO] [moqt:session:object-router] Stream read chunk {readNumber: 86, chunkSize: 1218, totalBytesReceived: 177238, done: false, firstBytes: '00 5c 21 01 41 d7 01 04 82 09 ae 00 5c 16 00 00'}
logger.js:357 07:38:01.977 [INFO] [moqt:session:object-router] Stream read chunk {readNumber: 87, chunkSize: 2352, totalBytesReceived: 179590, done: false, firstBytes: '1e 73 f0 80 a2 5c 67 5a 84 bf d5 4b d7 be bd f5'}
logger.js:357 07:38:01.977 [INFO] [moqt:session:object-router] Stream read chunk {readNumber: 88, chunkSize: 1302, totalBytesReceived: 180892, done: false, firstBytes: '73 32 51 f3 fb 61 4a 88 39 7c f9 e5 c7 46 2a c4'}
logger.js:357 07:38:01.982 [INFO] [moqt:session:object-router] Stream read chunk {readNumber: 89, chunkSize: 2332, totalBytesReceived: 183224, done: false, firstBytes: '33 ed fb 1f fa ba f5 9d f3 f3 f5 ef a8 ee e0 ea'}
logger.js:357 07:38:01.982 [DEBUG] [moqt:session:object-router] Looking up subscription by trackAlias {lookupAlias: '0', found: true, knownAliases: Array(1)}
logger.js:357 07:38:01.982 [INFO] [moqt:session:object-router] Delivering object {subscriptionId: 2, groupId: 1812372265, objectId: 24, dataSize: 7201}
logger.js:357 07:38:02.000 [INFO] [moqt:session:object-router] Stream read chunk {readNumber: 90, chunkSize: 1218, totalBytesReceived: 184442, done: false, firstBytes: '00 6a 6d 01 41 d8 01 04 82 0a 12 00 6a 62 00 00'}
logger.js:357 07:38:02.003 [INFO] [moqt:session:object-router] Stream read chunk {readNumber: 91, chunkSize: 2436, totalBytesReceived: 186878, done: false, firstBytes: '4e ae 63 bd e0 78 5a ce ae ce ee e0 52 e3 17 d6'}
logger.js:357 07:38:02.004 [INFO] [moqt:session:object-router] Stream read chunk {readNumber: 92, chunkSize: 1218, totalBytesReceived: 188096, done: false, firstBytes: 'db f6 be fa 2a ba d7 47 05 bb fa db eb 55 12 0c'}
logger.js:357 07:38:02.005 [INFO] [moqt:session:object-router] Stream read chunk {readNumber: 93, chunkSize: 1218, totalBytesReceived: 189314, done: false, firstBytes: '3b 51 1f d5 f1 3e 77 ae b5 f5 a8 de af f5 7a 12'}
logger.js:357 07:38:02.012 [INFO] [moqt:session:object-router] Stream read chunk {readNumber: 94, chunkSize: 4774, totalBytesReceived: 194088, done: false, firstBytes: 'bb 6a 37 73 db ef af 34 9d 6b eb 79 f9 ba fc db'}
logger.js:357 07:38:02.012 [DEBUG] [moqt:session:object-router] Looking up subscription by trackAlias {lookupAlias: '0', found: true, knownAliases: Array(1)}
logger.js:357 07:38:02.012 [INFO] [moqt:session:object-router] Delivering object {subscriptionId: 2, groupId: 1812372265, objectId: 25, dataSize: 10861}
logger.js:357 07:38:02.039 [INFO] [moqt:session:object-router] Stream read chunk {readNumber: 95, chunkSize: 6588, totalBytesReceived: 200676, done: false, firstBytes: '00 59 b9 01 41 d9 01 04 82 0a 99 8c 59 ae 00 00'}
logger.js:357 07:38:02.040 [DEBUG] [moqt:session:object-router] Looking up subscription by trackAlias {lookupAlias: '0', found: true, knownAliases: Array(1)}
logger.js:357 07:38:02.040 [INFO] [moqt:session:object-router] Delivering object {subscriptionId: 2, groupId: 1812372265, objectId: 26, dataSize: 6585}
logger.js:357 07:38:02.072 [INFO] [moqt:session:object-router] Stream read chunk {readNumber: 96, chunkSize: 2436, totalBytesReceived: 203112, done: false, firstBytes: '00 5c bd 01 41 da 01 04 82 0b 24 9c 5c b2 00 00'}
logger.js:357 07:38:02.082 [INFO] [moqt:session:object-router] Stream read chunk {readNumber: 97, chunkSize: 1218, totalBytesReceived: 204330, done: false, firstBytes: 'da 6a e6 b8 55 38 88 9e d7 3e 3f 65 df a7 c2 3d'}
logger.js:357 07:38:02.085 [INFO] [moqt:session:object-router] Stream read chunk {readNumber: 98, chunkSize: 3706, totalBytesReceived: 208036, done: false, firstBytes: 'fd 7b a8 52 8a f3 43 a8 cd 3d 26 e4 e2 1a 0e ec'}
logger.js:357 07:38:02.085 [DEBUG] [moqt:session:object-router] Looking up subscription by trackAlias {lookupAlias: '0', found: true, knownAliases: Array(1)}
logger.js:357 07:38:02.085 [INFO] [moqt:session:object-router] Delivering object {subscriptionId: 2, groupId: 1812372265, objectId: 27, dataSize: 7357}
logger.js:357 07:38:02.106 [INFO] [moqt:session:object-router] Stream read chunk {readNumber: 99, chunkSize: 1218, totalBytesReceived: 209254, done: false, firstBytes: '00 6c e3 01 41 db 01 04 82 0b a0 d4 6c d8 00 00'}
logger.js:357 07:38:02.108 [INFO] [moqt:session:object-router] Stream read chunk {readNumber: 100, chunkSize: 6090, totalBytesReceived: 215344, done: false, firstBytes: 'ab 48 20 99 f0 32 2f 7d 7a ba bf d5 e5 eb d9 c9'}
logger.js:357 07:38:02.113 [INFO] [moqt:session:object-router] Stream read chunk {readNumber: 101, chunkSize: 4186, totalBytesReceived: 219530, done: false, firstBytes: 'd7 b3 f2 60 e9 7b 80 55 eb c7 3f 5e 38 73 aa c5'}
logger.js:357 07:38:02.113 [DEBUG] [moqt:session:object-router] Looking up subscription by trackAlias {lookupAlias: '0', found: true, knownAliases: Array(1)}
logger.js:357 07:38:02.113 [INFO] [moqt:session:object-router] Delivering object {subscriptionId: 2, groupId: 1812372265, objectId: 28, dataSize: 11491}
logger.js:357 07:38:02.137 [INFO] [moqt:session:object-router] Stream read chunk {readNumber: 102, chunkSize: 1218, totalBytesReceived: 220748, done: false, firstBytes: '00 5b f2 01 41 dc 01 04 82 0c 1f c8 5b e7 00 00'}
logger.js:357 07:38:02.140 [INFO] [moqt:session:object-router] Stream read chunk {readNumber: 103, chunkSize: 1218, totalBytesReceived: 221966, done: false, firstBytes: '1c 7a af 7a ea dc 28 75 71 f6 3c de ac 51 29 38'}
logger.js:357 07:38:02.143 [INFO] [moqt:session:object-router] Stream read chunk {readNumber: 104, chunkSize: 1218, totalBytesReceived: 223184, done: false, firstBytes: 'ef 97 11 2f 05 3a 7b fa af ba fc 15 df 5b ef eb'}
logger.js:357 07:38:02.144 [INFO] [moqt:session:object-router] Stream read chunk {readNumber: 105, chunkSize: 2436, totalBytesReceived: 225620, done: false, firstBytes: 'b2 87 c1 ba ae e7 1e 81 1e 54 38 b1 3d 90 21 de'}
logger.js:357 07:38:02.153 [INFO] [moqt:session:object-router] Stream read chunk {readNumber: 106, chunkSize: 1067, totalBytesReceived: 226687, done: false, firstBytes: 'e1 1d f9 a1 a6 fe 90 cd 9f 1f e9 6b 25 ad 97 ac'}
logger.js:357 07:38:02.154 [DEBUG] [moqt:session:object-router] Looking up subscription by trackAlias {lookupAlias: '0', found: true, knownAliases: Array(1)}
logger.js:357 07:38:02.154 [INFO] [moqt:session:object-router] Delivering object {subscriptionId: 2, groupId: 1812372265, objectId: 29, dataSize: 7154}
logger.js:357 07:38:02.175 [INFO] [moqt:session:object-router] Stream read chunk {readNumber: 107, chunkSize: 3654, totalBytesReceived: 230341, done: false, firstBytes: '00 5c 64 01 41 dd 01 04 82 0c ad 30 5c 59 00 00'}
logger.js:357 07:38:02.187 [INFO] [moqt:session:object-router] Stream read chunk {readNumber: 108, chunkSize: 3617, totalBytesReceived: 233958, done: false, firstBytes: '77 db e0 8f 3f da 8e f1 aa b0 45 6e e8 aa ba bc'}
logger.js:357 07:38:02.187 [DEBUG] [moqt:session:object-router] Looking up subscription by trackAlias {lookupAlias: '0', found: true, knownAliases: Array(1)}
logger.js:357 07:38:02.187 [INFO] [moqt:session:object-router] Delivering object {subscriptionId: 2, groupId: 1812372265, objectId: 30, dataSize: 7268}
logger.js:357 07:38:02.201 [INFO] [moqt:session:object-router] Stream read chunk {readNumber: 109, chunkSize: 2436, totalBytesReceived: 236394, done: false, firstBytes: '00 5d a8 01 41 de 01 04 82 0d 1e dc 5d 9d 00 00'}
logger.js:357 07:38:02.205 [INFO] [moqt:session:object-router] Stream read chunk {readNumber: 110, chunkSize: 1218, totalBytesReceived: 237612, done: false, firstBytes: 'ef ac bd 7a 61 2b 11 45 26 fe 90 9c ee bb e0 6c'}
logger.js:357 07:38:02.210 [INFO] [moqt:session:object-router] Stream read chunk {readNumber: 111, chunkSize: 2436, totalBytesReceived: 240048, done: false, firstBytes: 'f7 6c 72 86 41 fa dc 00 96 80 15 d0 4b 17 5e ee'}
logger.js:357 07:38:02.213 [INFO] [moqt:session:object-router] Stream read chunk {readNumber: 112, chunkSize: 1505, totalBytesReceived: 241553, done: false, firstBytes: '5f ff b7 d4 0e 10 48 23 bf 69 ac 02 98 06 60 59'}
logger.js:357 07:38:02.213 [DEBUG] [moqt:session:object-router] Looking up subscription by trackAlias {lookupAlias: '0', found: true, knownAliases: Array(1)}
logger.js:357 07:38:02.213 [INFO] [moqt:session:object-router] Delivering object {subscriptionId: 2, groupId: 1812372265, objectId: 31, dataSize: 7592}
logger.js:357 07:38:02.237 [INFO] [moqt:session:object-router] Stream read chunk {readNumber: 113, chunkSize: 1218, totalBytesReceived: 242771, done: false, firstBytes: '00 6d 74 01 41 df 01 04 82 0d aa b4 6d 69 00 00'}
logger.js:357 07:38:02.240 [INFO] [moqt:session:object-router] Stream read chunk {readNumber: 114, chunkSize: 3654, totalBytesReceived: 246425, done: false, firstBytes: 'ea e2 ba f7 d4 76 fa fb eb d2 1d 5f 81 45 6b 83'}
logger.js:357 07:38:02.245 [INFO] [moqt:session:object-router] Stream read chunk {readNumber: 115, chunkSize: 2394, totalBytesReceived: 248819, done: false, firstBytes: '42 9e 53 bc 82 9f 4e a1 2e c5 e8 65 51 39 3b bf'}
logger.js:357 07:38:02.247 [INFO] [moqt:session:object-router] Stream read chunk {readNumber: 116, chunkSize: 4373, totalBytesReceived: 253192, done: false, firstBytes: '29 b8 f8 ee 3b 08 75 7b a7 cc c6 17 ec 41 c9 88'}
logger.js:357 07:38:02.247 [DEBUG] [moqt:session:object-router] Looking up subscription by trackAlias {lookupAlias: '0', found: true, knownAliases: Array(1)}
logger.js:357 07:38:02.247 [INFO] [moqt:session:object-router] Delivering object {subscriptionId: 2, groupId: 1812372265, objectId: 32, dataSize: 11636}
logger.js:357 07:38:02.268 [INFO] [moqt:session:object-router] Stream read chunk {readNumber: 117, chunkSize: 1218, totalBytesReceived: 254410, done: false, firstBytes: '00 5e bb 01 41 e0 01 04 82 0e 2b 9c 5e b0 00 00'}
logger.js:357 07:38:02.268 [INFO] [moqt:session:object-router] Stream read chunk {readNumber: 118, chunkSize: 1218, totalBytesReceived: 255628, done: false, firstBytes: 'fc 4f f5 1d 8f cf a7 16 ae df 5f 7d 5a 4c 1e d4'}
logger.js:357 07:38:02.269 [DEBUG] [moqt:media:video-decoder] Video decode stats {instanceId: 1, framesDecoded: 390, width: 1920, height: 1080}
logger.js:357 07:38:02.275 [INFO] [moqt:session:object-router] Stream read chunk {readNumber: 119, chunkSize: 2436, totalBytesReceived: 258064, done: false, firstBytes: '68 f5 c4 fa af ad 8d e7 7a 6c 50 80 4f ad be a9'}
logger.js:357 07:38:02.279 [INFO] [moqt:session:object-router] Stream read chunk {readNumber: 120, chunkSize: 2436, totalBytesReceived: 260500, done: false, firstBytes: '2e 7f 0f e1 ff 30 f3 b8 1f 1a d6 c0 5d 03 d0 04'}
logger.js:357 07:38:02.281 [INFO] [moqt:session:object-router] Stream read chunk {readNumber: 121, chunkSize: 562, totalBytesReceived: 261062, done: false, firstBytes: 'ab df ff 6f 99 eb ff f8 20 eb 8d 5d 62 94 0d 75'}
logger.js:357 07:38:02.282 [DEBUG] [moqt:session:object-router] Looking up subscription by trackAlias {lookupAlias: '0', found: true, knownAliases: Array(1)}
logger.js:357 07:38:02.282 [INFO] [moqt:session:object-router] Delivering object {subscriptionId: 2, groupId: 1812372265, objectId: 33, dataSize: 7867}
logger.js:357 07:38:02.299 [DEBUG] [moqt:media:subscribe-pipeline] Video arbiter stats {activeGroup: 1812372265, groupCount: 4, framesOutput: 391, groupsCompleted: 3, groupsSkipped: 0}
logger.js:357 07:38:02.308 [INFO] [moqt:session:object-router] Stream read chunk {readNumber: 122, chunkSize: 1082, totalBytesReceived: 262144, done: false, firstBytes: '00 5e 89 01 41 e1 01 04 82 0e b1 fc 5e 7e 00 00'}
logger.js:357 07:38:02.308 [INFO] [moqt:session:object-router] Stream read chunk {readNumber: 123, chunkSize: 2436, totalBytesReceived: 264580, done: false, firstBytes: '88 e2 3a bc 3d d6 a2 3a d4 57 56 8c 10 f2 f5 a8'}
logger.js:357 07:38:02.310 [INFO] [moqt:session:object-router] Stream read chunk {readNumber: 124, chunkSize: 2352, totalBytesReceived: 266932, done: false, firstBytes: '55 67 5a 58 50 24 09 39 b1 6b 40 72 1e 0a 41 20'}
logger.js:357 07:38:02.311 [INFO] [moqt:session:object-router] Stream read chunk {readNumber: 125, chunkSize: 1302, totalBytesReceived: 268234, done: false, firstBytes: '87 25 fe 4a a6 2a 7d 14 d4 6b 21 f8 da f6 9b 7d'}
logger.js:357 07:38:02.314 [INFO] [moqt:session:object-router] Stream read chunk {readNumber: 126, chunkSize: 648, totalBytesReceived: 268882, done: false, firstBytes: '7a fb 99 ab 57 2f 55 75 15 b1 f6 e8 7a 6e df 27'}
logger.js:357 07:38:02.314 [DEBUG] [moqt:session:object-router] Looking up subscription by trackAlias {lookupAlias: '0', found: true, knownAliases: Array(1)}
logger.js:357 07:38:02.314 [INFO] [moqt:session:object-router] Delivering object {subscriptionId: 2, groupId: 1812372265, objectId: 34, dataSize: 7817}
logger.js:357 07:38:02.334 [INFO] [moqt:session:object-router] Stream read chunk {readNumber: 127, chunkSize: 1176, totalBytesReceived: 270058, done: false, firstBytes: '00 5e 6d 01 41 e2 01 04 82 0f 28 58 5e 62 00 00'}
logger.js:357 07:38:02.336 [INFO] [moqt:session:object-router] Stream read chunk {readNumber: 128, chunkSize: 2478, totalBytesReceived: 272536, done: false, firstBytes: 'd8 62 41 9e b3 af 82 d5 a8 4b fd 54 6f 04 bb f7'}
logger.js:357 07:38:02.336 [INFO] [moqt:session:object-router] Stream read chunk {readNumber: 129, chunkSize: 1218, totalBytesReceived: 273754, done: false, firstBytes: '54 69 da aa c9 af 59 e5 92 41 e7 d4 9e b5 65 bc'}
logger.js:357 07:38:02.345 [INFO] [moqt:session:object-router] Stream read chunk {readNumber: 130, chunkSize: 2920, totalBytesReceived: 276674, done: false, firstBytes: 'ec 79 d8 ee 28 90 ee 8c 68 0d c0 4b 7d f5 e8 ce'}
logger.js:357 07:38:02.345 [DEBUG] [moqt:session:object-router] Looking up subscription by trackAlias {lookupAlias: '0', found: true, knownAliases: Array(1)}
logger.js:357 07:38:02.345 [INFO] [moqt:session:object-router] Delivering object {subscriptionId: 2, groupId: 1812372265, objectId: 35, dataSize: 7789}
logger.js:357 07:38:02.377 [INFO] [moqt:session:object-router] Stream read chunk {readNumber: 131, chunkSize: 6090, totalBytesReceived: 282764, done: false, firstBytes: '00 5c e4 01 41 e3 01 04 82 0f b0 48 5c d9 00 00'}
logger.js:357 07:38:02.383 [INFO] [moqt:session:object-router] Stream read chunk {readNumber: 132, chunkSize: 1309, totalBytesReceived: 284073, done: false, firstBytes: 'c0 35 30 d0 15 c1 1f 7b 74 04 f1 31 5d dd fd 98'}
logger.js:357 07:38:02.383 [DEBUG] [moqt:session:object-router] Looking up subscription by trackAlias {lookupAlias: '0', found: true, knownAliases: Array(1)}
logger.js:357 07:38:02.383 [INFO] [moqt:session:object-router] Delivering object {subscriptionId: 2, groupId: 1812372265, objectId: 36, dataSize: 7396}
VideoRenderer.tsx:84 [VideoRenderer] Rendering stats {framesRendered: 390, frameWidth: 1920, frameHeight: 1080, timestamp: 481000}
logger.js:357 07:38:02.421 [INFO] [moqt:session:object-router] Stream read chunk {readNumber: 133, chunkSize: 1218, totalBytesReceived: 285291, done: false, firstBytes: '00 5b dc 01 41 e4 01 04 82 10 54 bc 5b d1 00 00'}
logger.js:357 07:38:02.423 [INFO] [moqt:session:object-router] Stream read chunk {readNumber: 134, chunkSize: 4830, totalBytesReceived: 290121, done: false, firstBytes: '47 57 8d 83 4c 78 a2 5d 41 ed 6a b0 c7 d6 a2 8f'}
logger.js:357 07:38:02.423 [INFO] [moqt:session:object-router] Stream read chunk {readNumber: 135, chunkSize: 1087, totalBytesReceived: 291208, done: false, firstBytes: '36 47 6d 37 d5 1d c4 93 8d de b1 5e 77 4f 03 90'}
logger.js:357 07:38:02.423 [DEBUG] [moqt:session:object-router] Looking up subscription by trackAlias {lookupAlias: '0', found: true, knownAliases: Array(1)}
logger.js:357 07:38:02.423 [INFO] [moqt:session:object-router] Delivering object {subscriptionId: 2, groupId: 1812372265, objectId: 37, dataSize: 7132}
logger.js:357 07:38:02.432 [INFO] [moqt:session:object-router] Stream read chunk {readNumber: 136, chunkSize: 2436, totalBytesReceived: 293644, done: false, firstBytes: '00 6c 75 01 41 e5 01 04 82 10 ac 3c 6c 6a 00 00'}
logger.js:357 07:38:02.436 [INFO] [moqt:session:object-router] Stream read chunk {readNumber: 137, chunkSize: 1176, totalBytesReceived: 294820, done: false, firstBytes: '82 b8 4f ad 7d 6a 8e f9 fa 15 c5 89 e6 ea d2 75'}
logger.js:357 07:38:02.438 [INFO] [moqt:session:object-router] Stream read chunk {readNumber: 138, chunkSize: 3696, totalBytesReceived: 298516, done: false, firstBytes: 'e3 91 3b e9 4e 40 43 ee ff 1d 4f be fb ef 42 5e'}
logger.js:357 07:38:02.439 [INFO] [moqt:session:object-router] Stream read chunk {readNumber: 139, chunkSize: 1176, totalBytesReceived: 299692, done: false, firstBytes: 'e2 9f 14 4e 25 f3 f8 ad e2 3d d8 20 97 4d 0d 38'}
logger.js:357 07:38:02.440 [INFO] [moqt:session:object-router] Stream read chunk {readNumber: 140, chunkSize: 1260, totalBytesReceived: 300952, done: false, firstBytes: 'c4 b9 7b d6 84 90 39 04 d7 da 55 f2 e4 30 99 f7'}
logger.js:357 07:38:02.448 [INFO] [moqt:session:object-router] Stream read chunk {readNumber: 141, chunkSize: 1640, totalBytesReceived: 302592, done: false, firstBytes: '6c dd fc b2 da 36 49 9b 92 cf ae bd c2 a7 e3 f5'}
logger.js:357 07:38:02.448 [DEBUG] [moqt:session:object-router] Looking up subscription by trackAlias {lookupAlias: '0', found: true, knownAliases: Array(1)}
logger.js:357 07:38:02.448 [INFO] [moqt:session:object-router] Delivering object {subscriptionId: 2, groupId: 1812372265, objectId: 38, dataSize: 11381}
logger.js:357 07:38:02.467 [INFO] [moqt:session:object-router] Stream read chunk {readNumber: 142, chunkSize: 1218, totalBytesReceived: 303810, done: false, firstBytes: '00 5b 53 01 41 e6 01 04 82 11 2d ec 5b 48 00 00'}
logger.js:357 07:38:02.468 [INFO] [moqt:session:object-router] Stream read chunk {readNumber: 143, chunkSize: 1218, totalBytesReceived: 305028, done: false, firstBytes: 'e1 1e 56 3d 37 fb 53 71 f7 ef fb 6b 07 5f 09 6f'}
logger.js:357 07:38:02.470 [INFO] [moqt:session:object-router] Stream read chunk {readNumber: 144, chunkSize: 2436, totalBytesReceived: 307464, done: false, firstBytes: 'f6 34 9f 62 f5 cb 3f 9d 71 3a 73 be 23 c4 2b 51'}
logger.js:357 07:38:02.491 [INFO] [moqt:session:object-router] Stream read chunk {readNumber: 145, chunkSize: 2126, totalBytesReceived: 309590, done: false, firstBytes: '7d d9 87 97 e6 30 c2 5d fb fd 5b ea d5 70 9f ac'}
logger.js:357 07:38:02.491 [DEBUG] [moqt:session:object-router] Looking up subscription by trackAlias {lookupAlias: '0', found: true, knownAliases: Array(1)}
logger.js:357 07:38:02.492 [INFO] [moqt:session:object-router] Delivering object {subscriptionId: 2, groupId: 1812372265, objectId: 39, dataSize: 6995}
logger.js:357 07:38:02.552 [INFO] [moqt:session:object-router] Stream read chunk {readNumber: 146, chunkSize: 1218, totalBytesReceived: 310808, done: false, firstBytes: '00 5c 78 01 41 e7 01 04 82 11 b1 2c 5c 6d 00 00'}
logger.js:357 07:38:02.555 [INFO] [moqt:session:object-router] Stream read chunk {readNumber: 147, chunkSize: 14324, totalBytesReceived: 325132, done: false, firstBytes: 'ea 7f ea f1 a2 38 be af f5 79 05 2b 8f 11 c1 1d'}
logger.js:357 07:38:02.555 [DEBUG] [moqt:session:object-router] Looking up subscription by trackAlias {lookupAlias: '0', found: true, knownAliases: Array(1)}
logger.js:357 07:38:02.555 [INFO] [moqt:session:object-router] Delivering object {subscriptionId: 2, groupId: 1812372265, objectId: 40, dataSize: 7288}
logger.js:357 07:38:02.555 [DEBUG] [moqt:session:object-router] Looking up subscription by trackAlias {lookupAlias: '0', found: true, knownAliases: Array(1)}
logger.js:357 07:38:02.555 [INFO] [moqt:session:object-router] Delivering object {subscriptionId: 2, groupId: 1812372265, objectId: 41, dataSize: 8248}
logger.js:357 07:38:02.567 [INFO] [moqt:session:object-router] Stream read chunk {readNumber: 148, chunkSize: 1176, totalBytesReceived: 326308, done: false, firstBytes: '00 61 0c 01 41 e9 01 04 82 12 b6 e4 61 01 00 00'}
logger.js:357 07:38:02.568 [INFO] [moqt:session:object-router] Stream read chunk {readNumber: 149, chunkSize: 1260, totalBytesReceived: 327568, done: false, firstBytes: 'f1 0f 0a 1f 72 9f 70 41 02 96 3b af 45 75 69 3a'}
logger.js:357 07:38:02.574 [INFO] [moqt:session:object-router] Stream read chunk {readNumber: 150, chunkSize: 3654, totalBytesReceived: 331222, done: false, firstBytes: 'ca c6 74 b4 b7 51 9d e9 5e f9 41 1c 96 4c 8a 26'}
logger.js:357 07:38:02.576 [INFO] [moqt:session:object-router] Stream read chunk {readNumber: 151, chunkSize: 2373, totalBytesReceived: 333595, done: false, firstBytes: '4f 0f 8a 49 15 ee fe 99 7d be 6d 45 10 d1 0c 11'}
logger.js:357 07:38:02.576 [DEBUG] [moqt:session:object-router] Looking up subscription by trackAlias {lookupAlias: '0', found: true, knownAliases: Array(1)}
logger.js:357 07:38:02.576 [INFO] [moqt:session:object-router] Delivering object {subscriptionId: 2, groupId: 1812372265, objectId: 42, dataSize: 8460}
logger.js:357 07:38:02.600 [INFO] [moqt:session:object-router] Stream read chunk {readNumber: 152, chunkSize: 1218, totalBytesReceived: 334813, done: false, firstBytes: '00 5f 13 01 41 ea 01 04 82 13 38 94 5f 08 00 00'}
logger.js:357 07:38:02.603 [INFO] [moqt:session:object-router] Stream read chunk {readNumber: 153, chunkSize: 2436, totalBytesReceived: 337249, done: false, firstBytes: 'fd 88 5f af 62 bf 06 8b d2 e0 e2 48 1c b1 78 34'}
logger.js:357 07:38:02.615 [INFO] [moqt:session:object-router] Stream read chunk {readNumber: 154, chunkSize: 2436, totalBytesReceived: 339685, done: false, firstBytes: 'f5 bf d7 ab 30 aa 7b 1d 3f 98 21 77 7b bf 15 f7'}
logger.js:357 07:38:02.616 [INFO] [moqt:session:object-router] Stream read chunk {readNumber: 155, chunkSize: 1868, totalBytesReceived: 341553, done: false, firstBytes: '56 f8 24 bf 73 e2 fb 5e b7 99 fb 11 96 94 aa 92'}
logger.js:357 07:38:02.616 [DEBUG] [moqt:session:object-router] Looking up subscription by trackAlias {lookupAlias: '0', found: true, knownAliases: Array(1)}
logger.js:357 07:38:02.616 [INFO] [moqt:session:object-router] Delivering object {subscriptionId: 2, groupId: 1812372265, objectId: 43, dataSize: 7955}
logger.js:357 07:38:02.637 [INFO] [moqt:session:object-router] Stream read chunk {readNumber: 156, chunkSize: 2436, totalBytesReceived: 343989, done: false, firstBytes: '00 60 e5 01 41 eb 01 04 82 13 c1 b0 60 da 00 00'}
logger.js:357 07:38:02.641 [INFO] [moqt:session:object-router] Stream read chunk {readNumber: 157, chunkSize: 4872, totalBytesReceived: 348861, done: false, firstBytes: '9e 38 48 28 ef 6a ad 76 b1 ac 16 49 f7 1b 06 46'}
logger.js:357 07:38:02.644 [INFO] [moqt:session:object-router] Stream read chunk {readNumber: 158, chunkSize: 1116, totalBytesReceived: 349977, done: false, firstBytes: '31 42 06 9f 5d ab 94 15 5a 65 a4 d4 1f 61 79 c3'}
logger.js:357 07:38:02.644 [DEBUG] [moqt:session:object-router] Looking up subscription by trackAlias {lookupAlias: '0', found: true, knownAliases: Array(1)}
logger.js:357 07:38:02.644 [INFO] [moqt:session:object-router] Delivering object {subscriptionId: 2, groupId: 1812372265, objectId: 44, dataSize: 8421}
logger.js:357 07:38:02.667 [INFO] [moqt:session:object-router] Stream read chunk {readNumber: 159, chunkSize: 1218, totalBytesReceived: 351195, done: false, firstBytes: '00 63 c0 01 41 ec 01 04 82 14 3a 64 63 b5 00 00'}
logger.js:357 07:38:02.668 [INFO] [moqt:session:object-router] Stream read chunk {readNumber: 160, chunkSize: 2436, totalBytesReceived: 353631, done: false, firstBytes: 'ad 7d 6b eb 54 29 6f ad 50 8e fc c7 26 6f f5 51'}
logger.js:357 07:38:02.674 [INFO] [moqt:session:object-router] Stream read chunk {readNumber: 161, chunkSize: 5501, totalBytesReceived: 359132, done: false, firstBytes: 'e3 4b df b9 bd 6a 64 29 d0 ef 21 c9 8a 60 f7 92'}
logger.js:357 07:38:02.674 [DEBUG] [moqt:session:object-router] Looking up subscription by trackAlias {lookupAlias: '0', found: true, knownAliases: Array(1)}
logger.js:357 07:38:02.674 [INFO] [moqt:session:object-router] Delivering object {subscriptionId: 2, groupId: 1812372265, objectId: 45, dataSize: 9152}
logger.js:357 07:38:02.704 [INFO] [moqt:session:object-router] Stream read chunk {readNumber: 162, chunkSize: 2394, totalBytesReceived: 361526, done: false, firstBytes: '00 62 3e 01 41 ed 01 04 82 14 c1 8c 62 33 00 00'}
logger.js:357 07:38:02.705 [INFO] [moqt:session:object-router] Stream read chunk {readNumber: 163, chunkSize: 1260, totalBytesReceived: 362786, done: false, firstBytes: 'df 2f f2 41 31 51 3b 3d d1 20 a2 4c 35 36 9a f2'}
logger.js:357 07:38:02.706 [INFO] [moqt:session:object-router] Stream read chunk {readNumber: 164, chunkSize: 1176, totalBytesReceived: 363962, done: false, firstBytes: 'd5 b9 8e 27 c4 96 15 42 fe c9 5f d0 43 c9 fb e7'}
logger.js:357 07:38:02.707 [INFO] [moqt:session:object-router] Stream read chunk {readNumber: 165, chunkSize: 1260, totalBytesReceived: 365222, done: false, firstBytes: '7b ae bd ff aa c4 72 0e ed f5 af ad 7d 6b eb 56'}
logger.js:357 07:38:02.710 [INFO] [moqt:session:object-router] Stream read chunk {readNumber: 166, chunkSize: 2679, totalBytesReceived: 367901, done: false, firstBytes: '57 df e0 86 bf 5f 37 7f 37 2f 7b 2f 45 7b e4 b1'}
logger.js:357 07:38:02.710 [DEBUG] [moqt:session:object-router] Looking up subscription by trackAlias {lookupAlias: '0', found: true, knownAliases: Array(1)}
logger.js:357 07:38:02.710 [INFO] [moqt:session:object-router] Delivering object {subscriptionId: 2, groupId: 1812372265, objectId: 46, dataSize: 8766}
logger.js:357 07:38:02.736 [INFO] [moqt:session:object-router] Stream read chunk {readNumber: 167, chunkSize: 2436, totalBytesReceived: 370337, done: false, firstBytes: '00 62 02 01 41 ee 01 04 82 15 41 48 61 f7 00 00'}
logger.js:357 07:38:02.741 [INFO] [moqt:session:object-router] Stream read chunk {readNumber: 168, chunkSize: 2352, totalBytesReceived: 372689, done: false, firstBytes: '21 24 ed f9 4d 89 fb 7a 29 62 3f 17 b2 fb 8d eb'}
logger.js:357 07:38:02.744 [INFO] [moqt:session:object-router] Stream read chunk {readNumber: 169, chunkSize: 1302, totalBytesReceived: 373991, done: false, firstBytes: '1a fb f9 bb bf 63 ae f7 d8 f6 99 df 57 ce f1 68'}
logger.js:357 07:38:02.746 [INFO] [moqt:session:object-router] Stream read chunk {readNumber: 170, chunkSize: 2436, totalBytesReceived: 376427, done: false, firstBytes: 'c1 f8 8d 56 bd f5 6d c0 ae aa d2 70 4f ef 7e b8'}
logger.js:357 07:38:02.747 [INFO] [moqt:session:object-router] Stream read chunk {readNumber: 171, chunkSize: 183, totalBytesReceived: 376610, done: false, firstBytes: '77 f5 77 c5 ef 7a d6 68 7a 26 1f 7c 55 c9 05 f4'}
logger.js:357 07:38:02.747 [DEBUG] [moqt:session:object-router] Looking up subscription by trackAlias {lookupAlias: '0', found: true, knownAliases: Array(1)}
logger.js:357 07:38:02.747 [INFO] [moqt:session:object-router] Delivering object {subscriptionId: 2, groupId: 1812372265, objectId: 47, dataSize: 8706}
logger.js:357 07:38:02.768 [INFO] [moqt:session:object-router] Stream read chunk {readNumber: 172, chunkSize: 1218, totalBytesReceived: 377828, done: false, firstBytes: '00 63 6e 01 41 ef 01 04 82 15 c6 18 63 63 00 00'}
logger.js:357 07:38:02.773 [INFO] [moqt:session:object-router] Stream read chunk {readNumber: 173, chunkSize: 2436, totalBytesReceived: 380264, done: false, firstBytes: 'ab c2 67 27 81 eb 1e 7e 1f eb 55 02 96 2f ab 46'}
logger.js:357 07:38:02.776 [INFO] [moqt:session:object-router] Stream read chunk {readNumber: 174, chunkSize: 3612, totalBytesReceived: 383876, done: false, firstBytes: 'fc e1 d0 43 5f 7f 82 1d f7 f8 43 bb bb f5 ee 20'}
logger.js:357 07:38:02.778 [INFO] [moqt:session:object-router] Stream read chunk {readNumber: 175, chunkSize: 1807, totalBytesReceived: 385683, done: false, firstBytes: 'af 08 cc c2 7e f7 49 f6 da 84 6f 14 56 be fe 8a'}
logger.js:357 07:38:02.778 [DEBUG] [moqt:session:object-router] Looking up subscription by trackAlias {lookupAlias: '0', found: true, knownAliases: Array(1)}
logger.js:357 07:38:02.778 [INFO] [moqt:session:object-router] Delivering object {subscriptionId: 2, groupId: 1812372265, objectId: 48, dataSize: 9070}
logger.js:357 07:38:02.801 [INFO] [moqt:session:object-router] Stream read chunk {readNumber: 176, chunkSize: 2394, totalBytesReceived: 388077, done: false, firstBytes: '00 64 d3 01 41 f0 01 04 82 16 43 7c 64 c8 00 00'}
logger.js:357 07:38:02.801 [INFO] [moqt:session:object-router] Stream read chunk {readNumber: 177, chunkSize: 1260, totalBytesReceived: 389337, done: false, firstBytes: 'ab c2 7d 7a 9c bd 65 9b 44 d5 d2 b4 7c 12 ee d5'}
logger.js:357 07:38:02.809 [INFO] [moqt:session:object-router] Stream read chunk {readNumber: 178, chunkSize: 2436, totalBytesReceived: 391773, done: false, firstBytes: '69 5a 96 8f b6 40 7a 30 10 e9 6f c7 30 a6 f7 63'}
logger.js:357 07:38:02.812 [INFO] [moqt:session:object-router] Stream read chunk {readNumber: 179, chunkSize: 2436, totalBytesReceived: 394209, done: false, firstBytes: 'c2 a5 68 07 e0 06 50 20 1e 05 dd 75 d1 ce 6d 79'}
logger.js:357 07:38:02.814 [INFO] [moqt:session:object-router] Stream read chunk {readNumber: 180, chunkSize: 904, totalBytesReceived: 395113, done: false, firstBytes: 'b6 2a 94 b4 3d bb f3 ce 52 45 6e ef 32 a9 0a 91'}
logger.js:357 07:38:02.814 [DEBUG] [moqt:session:object-router] Looking up subscription by trackAlias {lookupAlias: '0', found: true, knownAliases: Array(1)}
logger.js:357 07:38:02.814 [INFO] [moqt:session:object-router] Delivering object {subscriptionId: 2, groupId: 1812372265, objectId: 49, dataSize: 9427}
logger.js:357 07:38:02.834 [INFO] [moqt:session:object-router] Stream read chunk {readNumber: 181, chunkSize: 2436, totalBytesReceived: 397549, done: false, firstBytes: '00 5d 1d 01 41 f1 01 04 82 16 c9 14 5d 12 00 00'}
logger.js:357 07:38:02.842 [INFO] [moqt:session:object-router] Stream read chunk {readNumber: 182, chunkSize: 4872, totalBytesReceived: 402421, done: false, firstBytes: '05 61 fc 18 ad a8 e6 5b 65 de e8 c1 2b 7f d7 51'}
logger.js:357 07:38:02.845 [INFO] [moqt:session:object-router] Stream read chunk {readNumber: 183, chunkSize: 148, totalBytesReceived: 402569, done: false, firstBytes: 'e2 ad 45 59 3f 2e 5a 6c 40 d2 58 e3 0c 5b 18 c2'}
logger.js:357 07:38:02.845 [DEBUG] [moqt:session:object-router] Looking up subscription by trackAlias {lookupAlias: '0', found: true, knownAliases: Array(1)}
logger.js:357 07:38:02.845 [INFO] [moqt:session:object-router] Delivering object {subscriptionId: 2, groupId: 1812372265, objectId: 50, dataSize: 7453}
logger.js:357 07:38:02.872 [INFO] [moqt:session:object-router] Stream read chunk {readNumber: 184, chunkSize: 3654, totalBytesReceived: 406223, done: false, firstBytes: '00 60 86 01 41 f2 01 04 82 17 4d 1c 60 7b 00 00'}
logger.js:357 07:38:02.875 [INFO] [moqt:session:object-router] Stream read chunk {readNumber: 185, chunkSize: 2436, totalBytesReceived: 408659, done: false, firstBytes: '3e 14 14 2f 56 c4 3c b5 7a 79 d6 0d ab 5c 75 6b'}
logger.js:357 07:38:02.878 [INFO] [moqt:session:object-router] Stream read chunk {readNumber: 186, chunkSize: 2239, totalBytesReceived: 410898, done: false, firstBytes: 'c1 f2 f5 b5 c4 fd 7a a5 0d 04 bb ef 84 7a f7 d7'}
logger.js:357 07:38:02.878 [DEBUG] [moqt:session:object-router] Looking up subscription by trackAlias {lookupAlias: '0', found: true, knownAliases: Array(1)}
logger.js:357 07:38:02.878 [INFO] [moqt:session:object-router] Delivering object {subscriptionId: 2, groupId: 1812372265, objectId: 51, dataSize: 8326}
logger.js:357 07:38:02.916 [INFO] [moqt:session:object-router] Stream read chunk {readNumber: 187, chunkSize: 2436, totalBytesReceived: 413334, done: false, firstBytes: '00 60 ff 01 41 f3 01 04 82 18 0e dc 60 f4 00 00'}
logger.js:357 07:38:02.917 [INFO] [moqt:session:object-router] Stream read chunk {readNumber: 188, chunkSize: 6014, totalBytesReceived: 419348, done: false, firstBytes: '8b 13 df c9 f3 61 6e 26 c6 df d8 df 5e fa f5 75'}
logger.js:357 07:38:02.917 [DEBUG] [moqt:session:object-router] Looking up subscription by trackAlias {lookupAlias: '0', found: true, knownAliases: Array(1)}
logger.js:357 07:38:02.917 [INFO] [moqt:session:object-router] Delivering object {subscriptionId: 2, groupId: 1812372265, objectId: 52, dataSize: 8447}
logger.js:357 07:38:02.931 [INFO] [moqt:session:object-router] Stream read chunk {readNumber: 189, chunkSize: 2352, totalBytesReceived: 421700, done: false, firstBytes: '00 60 8b 01 41 f4 01 04 82 18 4a a0 60 80 00 00'}
logger.js:357 07:38:02.933 [INFO] [moqt:session:object-router] Stream read chunk {readNumber: 190, chunkSize: 3738, totalBytesReceived: 425438, done: false, firstBytes: 'f8 d0 49 7f dc 04 48 7d 7b 2f c0 86 16 30 a0 52'}
logger.js:357 07:38:02.938 [INFO] [moqt:session:object-router] Stream read chunk {readNumber: 191, chunkSize: 2244, totalBytesReceived: 427682, done: false, firstBytes: '2e 9a 51 dd b7 fe 41 40 a6 af 3e aa ea 0d 75 9e'}
logger.js:357 07:38:02.938 [DEBUG] [moqt:session:object-router] Looking up subscription by trackAlias {lookupAlias: '0', found: true, knownAliases: Array(1)}
logger.js:357 07:38:02.938 [INFO] [moqt:session:object-router] Delivering object {subscriptionId: 2, groupId: 1812372265, objectId: 53, dataSize: 8331}
logger.js:357 07:38:02.971 [INFO] [moqt:session:object-router] Stream read chunk {readNumber: 192, chunkSize: 2436, totalBytesReceived: 430118, done: false, firstBytes: '00 65 91 01 41 f5 01 04 82 18 d4 84 65 86 00 00'}
logger.js:357 07:38:02.974 [INFO] [moqt:session:object-router] Stream read chunk {readNumber: 193, chunkSize: 1176, totalBytesReceived: 431294, done: false, firstBytes: 'a8 11 a3 45 f7 6f 77 d8 f1 da 7b f7 bd 75 6d e0'}
logger.js:357 07:38:02.976 [INFO] [moqt:session:object-router] Stream read chunk {readNumber: 194, chunkSize: 2436, totalBytesReceived: 433730, done: false, firstBytes: '71 59 70 b6 5b 7c 3a 0c 83 b2 59 75 c5 a2 e4 57'}
logger.js:357 07:38:02.977 [INFO] [moqt:session:object-router] Stream read chunk {readNumber: 195, chunkSize: 3572, totalBytesReceived: 437302, done: false, firstBytes: '03 c4 03 06 08 b7 fb a7 7d 5f 11 a5 c0 a1 73 05'}
logger.js:357 07:38:02.977 [DEBUG] [moqt:session:object-router] Looking up subscription by trackAlias {lookupAlias: '0', found: true, knownAliases: Array(1)}
logger.js:357 07:38:02.977 [INFO] [moqt:session:object-router] Delivering object {subscriptionId: 2, groupId: 1812372265, objectId: 54, dataSize: 9617}
logger.js:357 07:38:03.001 [INFO] [moqt:session:object-router] Stream read chunk {readNumber: 196, chunkSize: 1218, totalBytesReceived: 438520, done: false, firstBytes: '00 68 ac 01 41 f6 01 04 82 19 5a 80 68 a1 00 00'}
logger.js:357 07:38:03.006 [INFO] [moqt:session:object-router] Stream read chunk {readNumber: 197, chunkSize: 1218, totalBytesReceived: 439738, done: false, firstBytes: '84 38 8f 13 c3 82 fd 7d 6a 30 fb 8a c3 35 86 f1'}
logger.js:357 07:38:03.007 [INFO] [moqt:session:object-router] Stream read chunk {readNumber: 198, chunkSize: 1218, totalBytesReceived: 440956, done: false, firstBytes: '75 46 f1 0e b1 0e 21 a4 46 72 33 b8 d2 c6 ea fe'}
logger.js:357 07:38:03.008 [INFO] [moqt:session:object-router] Stream read chunk {readNumber: 199, chunkSize: 1218, totalBytesReceived: 442174, done: false, firstBytes: 'fe be c4 13 af fa d6 72 5e 27 ce fc 03 3a 0f f1'}
logger.js:357 07:38:03.010 [INFO] [moqt:session:object-router] Stream read chunk {readNumber: 200, chunkSize: 1218, totalBytesReceived: 443392, done: false, firstBytes: '57 80 dc 00 f0 82 be f7 fb 9b 28 d0 54 d8 c8 8a'}
logger.js:357 07:38:03.014 [INFO] [moqt:session:object-router] Stream read chunk {readNumber: 201, chunkSize: 4325, totalBytesReceived: 447717, done: false, firstBytes: 'f4 aa 79 4c 73 ef 10 bf c5 f7 b3 bd 9f fa d4 c7'}
logger.js:357 07:38:03.014 [DEBUG] [moqt:session:object-router] Looking up subscription by trackAlias {lookupAlias: '0', found: true, knownAliases: Array(1)}
logger.js:357 07:38:03.014 [INFO] [moqt:session:object-router] Delivering object {subscriptionId: 2, groupId: 1812372265, objectId: 55, dataSize: 10412}
logger.js:357 07:38:03.036 [INFO] [moqt:session:object-router] Stream read chunk {readNumber: 202, chunkSize: 1218, totalBytesReceived: 448935, done: false, firstBytes: '00 65 66 01 41 f7 01 04 82 19 dc f8 65 5b 00 00'}
logger.js:357 07:38:03.038 [INFO] [moqt:session:object-router] Stream read chunk {readNumber: 203, chunkSize: 1176, totalBytesReceived: 450111, done: false, firstBytes: '91 dd 7d 55 72 6b ff 84 fc 2f f7 d7 dc 2a 25 5e'}
logger.js:357 07:38:03.040 [INFO] [moqt:session:object-router] Stream read chunk {readNumber: 204, chunkSize: 3696, totalBytesReceived: 453807, done: false, firstBytes: '58 a7 5c 07 18 38 57 c4 b8 21 3b 59 ce 6b 16 d2'}
logger.js:357 07:38:03.045 [INFO] [moqt:session:object-router] Stream read chunk {readNumber: 205, chunkSize: 2436, totalBytesReceived: 456243, done: false, firstBytes: '22 bf 68 83 ac a2 ba a7 a8 da 13 d3 b1 f1 9c de'}
logger.js:357 07:38:03.046 [INFO] [moqt:session:object-router] Stream read chunk {readNumber: 206, chunkSize: 1051, totalBytesReceived: 457294, done: false, firstBytes: 'a6 f5 e7 1f aa 55 5d 7e 43 8f ea bd 29 f3 ce 87'}
logger.js:357 07:38:03.046 [DEBUG] [moqt:session:object-router] Looking up subscription by trackAlias {lookupAlias: '0', found: true, knownAliases: Array(1)}
logger.js:357 07:38:03.046 [INFO] [moqt:session:object-router] Delivering object {subscriptionId: 2, groupId: 1812372265, objectId: 56, dataSize: 9574}
logger.js:357 07:38:03.071 [INFO] [moqt:session:object-router] Stream read chunk {readNumber: 207, chunkSize: 1458, totalBytesReceived: 458752, done: false, firstBytes: '00 5f 5d 01 41 f8 01 04 82 1a 60 9c 5f 52 00 00'}
logger.js:357 07:38:03.072 [INFO] [moqt:session:object-router] Stream read chunk {readNumber: 208, chunkSize: 1218, totalBytesReceived: 459970, done: false, firstBytes: '9d df bb 8a c5 62 b4 7e 39 44 0d 1c c4 e1 9c 91'}
logger.js:357 07:38:03.078 [INFO] [moqt:session:object-router] Stream read chunk {readNumber: 209, chunkSize: 5356, totalBytesReceived: 465326, done: false, firstBytes: '8a e8 60 10 c5 84 15 b8 19 80 2c 6e be 27 a9 42'}
logger.js:357 07:38:03.078 [DEBUG] [moqt:session:object-router] Looking up subscription by trackAlias {lookupAlias: '0', found: true, knownAliases: Array(1)}
logger.js:357 07:38:03.078 [INFO] [moqt:session:object-router] Delivering object {subscriptionId: 2, groupId: 1812372265, objectId: 57, dataSize: 8029}
logger.js:357 07:38:03.106 [INFO] [moqt:session:object-router] Stream read chunk {readNumber: 210, chunkSize: 4872, totalBytesReceived: 470198, done: false, firstBytes: '00 63 eb 01 41 f9 01 04 82 1a e0 58 63 e0 00 00'}
logger.js:357 07:38:03.108 [INFO] [moqt:session:object-router] Stream read chunk {readNumber: 211, chunkSize: 1218, totalBytesReceived: 471416, done: false, firstBytes: '28 ad 83 99 98 bf fe 89 80 29 00 10 0a 3e 38 e2'}
logger.js:357 07:38:03.112 [INFO] [moqt:session:object-router] Stream read chunk {readNumber: 212, chunkSize: 3108, totalBytesReceived: 474524, done: false, firstBytes: 'c5 28 70 7a 62 22 97 6f 93 a1 9b f7 7c 2f 55 2f'}
logger.js:357 07:38:03.113 [DEBUG] [moqt:session:object-router] Looking up subscription by trackAlias {lookupAlias: '0', found: true, knownAliases: Array(1)}
logger.js:357 07:38:03.113 [INFO] [moqt:session:object-router] Delivering object {subscriptionId: 2, groupId: 1812372265, objectId: 58, dataSize: 9195}
logger.js:357 07:38:03.135 [INFO] [moqt:session:object-router] Stream read chunk {readNumber: 213, chunkSize: 1218, totalBytesReceived: 475742, done: false, firstBytes: '00 61 3b 01 41 fa 01 04 82 1b 5e e8 61 30 00 00'}
logger.js:357 07:38:03.142 [INFO] [moqt:session:object-router] Stream read chunk {readNumber: 214, chunkSize: 2394, totalBytesReceived: 478136, done: false, firstBytes: '68 a0 3b fe bf ce bf 57 e0 2e 2a f6 c1 d8 04 98'}
logger.js:357 07:38:03.143 [INFO] [moqt:session:object-router] Stream read chunk {readNumber: 215, chunkSize: 4898, totalBytesReceived: 483034, done: false, firstBytes: 'af b1 5e 39 c1 02 55 d6 7c c4 4d fc fe c9 10 49'}
logger.js:357 07:38:03.143 [DEBUG] [moqt:session:object-router] Looking up subscription by trackAlias {lookupAlias: '0', found: true, knownAliases: Array(1)}
logger.js:357 07:38:03.143 [INFO] [moqt:session:object-router] Delivering object {subscriptionId: 2, groupId: 1812372265, objectId: 59, dataSize: 8507}
logger.js:357 07:38:03.167 [INFO] [moqt:session:object-router] Stream read chunk {readNumber: 216, chunkSize: 1218, totalBytesReceived: 484252, done: false, firstBytes: '00 63 3c 01 41 fb 01 04 82 1b e6 d8 63 31 00 00'}
logger.js:357 07:38:03.171 [INFO] [moqt:session:object-router] Stream read chunk {readNumber: 217, chunkSize: 1218, totalBytesReceived: 485470, done: false, firstBytes: '11 e2 37 c0 16 7a c4 69 44 f9 c9 c4 f8 8f 12 f8'}
logger.js:357 07:38:03.172 [INFO] [moqt:session:object-router] Stream read chunk {readNumber: 218, chunkSize: 1176, totalBytesReceived: 486646, done: false, firstBytes: '80 2a f0 04 e4 0a 35 17 17 ee 3b bc 1f 02 7d 7d'}
logger.js:357 07:38:03.172 [INFO] [moqt:session:object-router] Stream read chunk {readNumber: 219, chunkSize: 42, totalBytesReceived: 486688, done: false, firstBytes: '2b eb d6 69 64 cd 22 6f df aa 5d 7c 5e b3 7f ff'}
logger.js:357 07:38:03.175 [INFO] [moqt:session:object-router] Stream read chunk {readNumber: 220, chunkSize: 4872, totalBytesReceived: 491560, done: false, firstBytes: 'b8 a5 ce b8 e7 be 21 f3 92 2f 16 ea d8 b5 f4 a2'}
logger.js:357 07:38:03.176 [INFO] [moqt:session:object-router] Stream read chunk {readNumber: 221, chunkSize: 497, totalBytesReceived: 492057, done: false, firstBytes: '22 8f 0e cb 7f 13 d1 d6 2e 31 04 6e 2f 5e ef 7c'}
logger.js:357 07:38:03.176 [DEBUG] [moqt:session:object-router] Looking up subscription by trackAlias {lookupAlias: '0', found: true, knownAliases: Array(1)}
logger.js:357 07:38:03.176 [INFO] [moqt:session:object-router] Delivering object {subscriptionId: 2, groupId: 1812372265, objectId: 60, dataSize: 9020}
logger.js:357 07:38:03.202 [INFO] [moqt:session:object-router] Stream read chunk {readNumber: 222, chunkSize: 2436, totalBytesReceived: 494493, done: false, firstBytes: '00 64 ca 01 41 fc 01 04 82 1c 6a 18 64 bf 00 00'}
logger.js:357 07:38:03.204 [INFO] [moqt:session:object-router] Stream read chunk {readNumber: 223, chunkSize: 1218, totalBytesReceived: 495711, done: false, firstBytes: 'a0 c3 43 49 f6 25 71 0a f3 ef 3e f1 0f 9f cf bc'}
logger.js:357 07:38:03.208 [INFO] [moqt:session:object-router] Stream read chunk {readNumber: 224, chunkSize: 2436, totalBytesReceived: 498147, done: false, firstBytes: '1f 12 4e 39 fd 8b ef 88 f1 1c 41 f8 5a 8b d1 df'}
logger.js:357 07:38:03.210 [INFO] [moqt:session:object-router] Stream read chunk {readNumber: 225, chunkSize: 2352, totalBytesReceived: 500499, done: false, firstBytes: '29 72 21 5e 21 71 ca ed 88 57 8c cb 95 88 7c 56'}
logger.js:357 07:38:03.210 [INFO] [moqt:session:object-router] Stream read chunk {readNumber: 226, chunkSize: 979, totalBytesReceived: 501478, done: false, firstBytes: '49 35 11 a3 b9 98 e0 9e 41 9d f1 8b af 40 b3 bf'}
logger.js:357 07:38:03.210 [DEBUG] [moqt:session:object-router] Looking up subscription by trackAlias {lookupAlias: '0', found: true, knownAliases: Array(1)}
logger.js:357 07:38:03.210 [INFO] [moqt:session:object-router] Delivering object {subscriptionId: 2, groupId: 1812372265, objectId: 61, dataSize: 9418}
logger.js:357 07:38:03.235 [INFO] [moqt:session:object-router] Stream read chunk {readNumber: 227, chunkSize: 1218, totalBytesReceived: 502696, done: false, firstBytes: '00 5b db 01 41 fd 01 04 82 1c e4 c0 5b d0 00 00'}
logger.js:357 07:38:03.238 [INFO] [moqt:session:object-router] Stream read chunk {readNumber: 228, chunkSize: 2436, totalBytesReceived: 505132, done: false, firstBytes: 'f7 0e 0a 26 ba d5 75 a8 ff f5 59 d5 e2 17 10 fe'}
logger.js:357 07:38:03.240 [INFO] [moqt:session:object-router] Stream read chunk {readNumber: 229, chunkSize: 2436, totalBytesReceived: 507568, done: false, firstBytes: '1e 01 95 01 08 2b d6 b5 c0 ac bc 77 82 af 7e 3a'}
logger.js:357 07:38:03.242 [INFO] [moqt:session:object-router] Stream read chunk {readNumber: 230, chunkSize: 1044, totalBytesReceived: 508612, done: false, firstBytes: '40 24 c6 eb f1 17 eb fd 6a c4 71 2f 34 da e2 67'}
logger.js:357 07:38:03.242 [DEBUG] [moqt:session:object-router] Looking up subscription by trackAlias {lookupAlias: '0', found: true, knownAliases: Array(1)}
logger.js:357 07:38:03.242 [INFO] [moqt:session:object-router] Delivering object {subscriptionId: 2, groupId: 1812372265, objectId: 62, dataSize: 7131}
logger.js:357 07:38:03.261 [DEBUG] [moqt:media:video-decoder] Video decode stats {instanceId: 1, framesDecoded: 420, width: 1920, height: 1080}
logger.js:357 07:38:03.276 [INFO] [moqt:session:object-router] Stream read chunk {readNumber: 231, chunkSize: 1218, totalBytesReceived: 509830, done: false, firstBytes: '00 5e f7 01 41 fe 01 04 82 1d 71 60 5e ec 00 00'}
logger.js:357 07:38:03.278 [INFO] [moqt:session:object-router] Stream read chunk {readNumber: 232, chunkSize: 6712, totalBytesReceived: 516542, done: false, firstBytes: 'ce 4e 75 ce b9 fc ef 9f c4 78 85 fa f1 dc eb f5'}
logger.js:357 07:38:03.278 [DEBUG] [moqt:session:object-router] Looking up subscription by trackAlias {lookupAlias: '0', found: true, knownAliases: Array(1)}
logger.js:357 07:38:03.278 [INFO] [moqt:session:object-router] Delivering object {subscriptionId: 2, groupId: 1812372265, objectId: 63, dataSize: 7927}
logger.js:357 07:38:03.291 [DEBUG] [moqt:media:subscribe-pipeline] Video arbiter stats {activeGroup: 1812372265, groupCount: 4, framesOutput: 421, groupsCompleted: 3, groupsSkipped: 0}
logger.js:357 07:38:03.300 [INFO] [moqt:session:object-router] Stream read chunk {readNumber: 233, chunkSize: 2436, totalBytesReceived: 518978, done: false, firstBytes: '00 5d 89 01 41 ff 01 04 82 1d e8 e8 5d 7e 00 00'}
logger.js:357 07:38:03.307 [INFO] [moqt:session:object-router] Stream read chunk {readNumber: 234, chunkSize: 1218, totalBytesReceived: 520196, done: false, firstBytes: '4a 37 4d f1 4b 8a 27 14 b8 a5 78 b5 be 2b e0 eb'}
logger.js:357 07:38:03.312 [INFO] [moqt:session:object-router] Stream read chunk {readNumber: 235, chunkSize: 1176, totalBytesReceived: 521372, done: false, firstBytes: 'fe 01 11 00 47 4b ee 05 00 66 6d 6b ee fe 77 37'}
logger.js:357 07:38:03.313 [INFO] [moqt:session:object-router] Stream read chunk {readNumber: 236, chunkSize: 1260, totalBytesReceived: 522632, done: false, firstBytes: 'c1 16 ff 70 40 0f 17 be bd 20 a7 e8 7d 66 df 24'}
logger.js:357 07:38:03.313 [INFO] [moqt:session:object-router] Stream read chunk {readNumber: 237, chunkSize: 1474, totalBytesReceived: 524106, done: false, firstBytes: 'e0 af dd df dc 51 d7 c1 4d df 7f 7e bc 21 f5 af'}
logger.js:357 07:38:03.313 [DEBUG] [moqt:session:object-router] Looking up subscription by trackAlias {lookupAlias: '0', found: true, knownAliases: Array(1)}
logger.js:357 07:38:03.313 [INFO] [moqt:session:object-router] Delivering object {subscriptionId: 2, groupId: 1812372265, objectId: 64, dataSize: 7561}
logger.js:357 07:38:03.353 [INFO] [moqt:session:object-router] Stream read chunk {readNumber: 238, chunkSize: 182, totalBytesReceived: 524288, done: false, firstBytes: '00 5e 3b 01 42 00 01 04 82 1e a3 3c 5e 30 00 00'}
logger.js:357 07:38:03.353 [INFO] [moqt:session:object-router] Stream read chunk {readNumber: 239, chunkSize: 994, totalBytesReceived: 525282, done: false, firstBytes: '5a 2b ad 5f fa a8 60 fe 21 73 ae 21 71 0f 89 f3'}
logger.js:357 07:38:03.354 [INFO] [moqt:session:object-router] Stream read chunk {readNumber: 240, chunkSize: 2618, totalBytesReceived: 527900, done: false, firstBytes: '5a d6 ba bc 47 cf bf ab 7d 5b 3b e7 f3 bb 8c 14'}
logger.js:357 07:38:03.356 [INFO] [moqt:session:object-router] Stream read chunk {readNumber: 241, chunkSize: 3948, totalBytesReceived: 531848, done: false, firstBytes: '67 a4 89 cd 91 0b 9d 5e 75 19 58 a5 14 71 4a 2b'}
logger.js:357 07:38:03.356 [DEBUG] [moqt:session:object-router] Looking up subscription by trackAlias {lookupAlias: '0', found: true, knownAliases: Array(1)}
logger.js:357 07:38:03.356 [INFO] [moqt:session:object-router] Delivering object {subscriptionId: 2, groupId: 1812372265, objectId: 65, dataSize: 7739}
logger.js:357 07:38:03.364 [INFO] [moqt:session:object-router] Stream read chunk {readNumber: 242, chunkSize: 1176, totalBytesReceived: 533024, done: false, firstBytes: '00 69 5d 01 42 01 01 04 82 1e e6 d0 69 52 00 00'}
logger.js:357 07:38:03.366 [INFO] [moqt:session:object-router] Stream read chunk {readNumber: 243, chunkSize: 1260, totalBytesReceived: 534284, done: false, firstBytes: 'b1 1b c5 3b 73 7b 13 6c 5f 40 9f d6 bc de c4 56'}
logger.js:357 07:38:03.370 [INFO] [moqt:session:object-router] Stream read chunk {readNumber: 244, chunkSize: 4872, totalBytesReceived: 539156, done: false, firstBytes: '8a 27 3f 9d 45 73 7f f9 4b 11 ad 7a d6 af c0 32'}
logger.js:357 07:38:03.372 [INFO] [moqt:session:object-router] Stream read chunk {readNumber: 245, chunkSize: 3284, totalBytesReceived: 542440, done: false, firstBytes: '59 de 10 ff 55 10 77 cf e7 dd 40 21 40 1d 30 55'}
logger.js:357 07:38:03.372 [DEBUG] [moqt:session:object-router] Looking up subscription by trackAlias {lookupAlias: '0', found: true, knownAliases: Array(1)}
logger.js:357 07:38:03.372 [INFO] [moqt:session:object-router] Delivering object {subscriptionId: 2, groupId: 1812372265, objectId: 66, dataSize: 10589}
VideoRenderer.tsx:84 [VideoRenderer] Rendering stats {framesRendered: 420, frameWidth: 1920, frameHeight: 1080, timestamp: 511000}
logger.js:357 07:38:03.404 [INFO] [moqt:session:object-router] Stream read chunk {readNumber: 246, chunkSize: 4872, totalBytesReceived: 547312, done: false, firstBytes: '00 5e 24 01 42 02 01 04 82 1f 6e c0 5e 19 00 00'}
logger.js:357 07:38:03.408 [INFO] [moqt:session:object-router] Stream read chunk {readNumber: 247, chunkSize: 1176, totalBytesReceived: 548488, done: false, firstBytes: '10 6e fe 33 84 42 51 d1 e1 ce 19 ba f0 a7 5e 8a'}
logger.js:357 07:38:03.409 [INFO] [moqt:session:object-router] Stream read chunk {readNumber: 248, chunkSize: 1260, totalBytesReceived: 549748, done: false, firstBytes: '5c db 58 02 4c 82 4b da a2 bc 4e 7d f3 6a a9 f3'}
logger.js:357 07:38:03.410 [INFO] [moqt:session:object-router] Stream read chunk {readNumber: 249, chunkSize: 411, totalBytesReceived: 550159, done: false, firstBytes: '6c 70 9e 94 f9 f0 98 c1 7d f5 f1 82 df 7f 1c 22'}
logger.js:357 07:38:03.410 [DEBUG] [moqt:session:object-router] Looking up subscription by trackAlias {lookupAlias: '0', found: true, knownAliases: Array(1)}
logger.js:357 07:38:03.410 [INFO] [moqt:session:object-router] Delivering object {subscriptionId: 2, groupId: 1812372265, objectId: 67, dataSize: 7716}
logger.js:357 07:38:03.442 [INFO] [moqt:session:object-router] Stream read chunk {readNumber: 250, chunkSize: 7308, totalBytesReceived: 557467, done: false, firstBytes: '00 5f 03 01 42 03 01 04 82 1f f5 84 5e f8 00 00'}
logger.js:357 07:38:03.443 [INFO] [moqt:session:object-router] Stream read chunk {readNumber: 251, chunkSize: 634, totalBytesReceived: 558101, done: false, firstBytes: '9d f1 2f 9d e8 4f 8a d6 2d fe ce be 1d f0 6b 89'}
logger.js:357 07:38:03.443 [DEBUG] [moqt:session:object-router] Looking up subscription by trackAlias {lookupAlias: '0', found: true, knownAliases: Array(1)}
logger.js:357 07:38:03.443 [INFO] [moqt:session:object-router] Delivering object {subscriptionId: 2, groupId: 1812372265, objectId: 68, dataSize: 7939}
logger.js:357 07:38:03.474 [INFO] [moqt:session:object-router] Stream read chunk {readNumber: 252, chunkSize: 3654, totalBytesReceived: 561755, done: false, firstBytes: '00 5b c8 01 42 04 01 04 82 20 79 8c 5b bd 00 00'}
logger.js:357 07:38:03.478 [INFO] [moqt:session:object-router] Stream read chunk {readNumber: 253, chunkSize: 1218, totalBytesReceived: 562973, done: false, firstBytes: '7f dc 0d 40 7d ce f9 bf ff c8 08 3a f1 fc 53 d0'}
logger.js:357 07:38:03.479 [INFO] [moqt:session:object-router] Stream read chunk {readNumber: 254, chunkSize: 2243, totalBytesReceived: 565216, done: false, firstBytes: '59 62 2a d5 9a ba f5 38 69 0e a9 05 5f 25 f6 c7'}
logger.js:357 07:38:03.479 [DEBUG] [moqt:session:object-router] Looking up subscription by trackAlias {lookupAlias: '0', found: true, knownAliases: Array(1)}
logger.js:357 07:38:03.479 [INFO] [moqt:session:object-router] Delivering object {subscriptionId: 2, groupId: 1812372265, objectId: 69, dataSize: 7112}
logger.js:357 07:38:03.505 [INFO] [moqt:session:object-router] Stream read chunk {readNumber: 255, chunkSize: 1218, totalBytesReceived: 566434, done: false, firstBytes: '00 5c e6 01 42 05 01 04 82 20 fa 10 5c db 00 00'}
logger.js:357 07:38:03.511 [INFO] [moqt:session:object-router] Stream read chunk {readNumber: 256, chunkSize: 1176, totalBytesReceived: 567610, done: false, firstBytes: 'f5 aa ff 55 09 08 f1 4e f1 0f 88 de 21 f3 be 7f'}
logger.js:357 07:38:03.512 [INFO] [moqt:session:object-router] Stream read chunk {readNumber: 257, chunkSize: 5007, totalBytesReceived: 572617, done: false, firstBytes: '9f ce f4 21 56 21 71 4b 88 5c 52 e2 97 3a e7 f3'}
logger.js:357 07:38:03.512 [DEBUG] [moqt:session:object-router] Looking up subscription by trackAlias {lookupAlias: '0', found: true, knownAliases: Array(1)}
logger.js:357 07:38:03.513 [INFO] [moqt:session:object-router] Delivering object {subscriptionId: 2, groupId: 1812372265, objectId: 70, dataSize: 7398}
logger.js:357 07:38:03.534 [INFO] [moqt:session:object-router] Stream read chunk {readNumber: 258, chunkSize: 1218, totalBytesReceived: 573835, done: false, firstBytes: '00 65 43 01 42 06 01 04 82 21 80 0c 65 38 00 00'}
logger.js:357 07:38:03.536 [INFO] [moqt:session:object-router] Stream read chunk {readNumber: 259, chunkSize: 1218, totalBytesReceived: 575053, done: false, firstBytes: 'db 14 4b cf e6 fb 5b e0 44 c9 35 99 bf 6f c1 2f'}
logger.js:357 07:38:03.539 [INFO] [moqt:session:object-router] Stream read chunk {readNumber: 260, chunkSize: 1218, totalBytesReceived: 576271, done: false, firstBytes: 'f5 af 81 78 02 b4 ef e2 95 e7 57 8a da c0 08 d7'}
logger.js:357 07:38:03.542 [INFO] [moqt:session:object-router] Stream read chunk {readNumber: 261, chunkSize: 2436, totalBytesReceived: 578707, done: false, firstBytes: '39 29 cc 1f 44 ff 20 7e df 9d fe ef 7c fc 3c 2b'}
logger.js:357 07:38:03.558 [INFO] [moqt:session:object-router] Stream read chunk {readNumber: 262, chunkSize: 3452, totalBytesReceived: 582159, done: false, firstBytes: '7f 2d 7b 3e f3 ed f9 6b e2 b3 31 e2 6b d7 ae ad'}
logger.js:357 07:38:03.558 [DEBUG] [moqt:session:object-router] Looking up subscription by trackAlias {lookupAlias: '0', found: true, knownAliases: Array(1)}
logger.js:357 07:38:03.558 [INFO] [moqt:session:object-router] Delivering object {subscriptionId: 2, groupId: 1812372265, objectId: 71, dataSize: 9539}
logger.js:357 07:38:03.569 [INFO] [moqt:session:object-router] Stream read chunk {readNumber: 263, chunkSize: 1218, totalBytesReceived: 583377, done: false, firstBytes: '00 5d 79 01 42 07 01 04 82 22 09 f0 5d 6e 00 00'}
logger.js:357 07:38:03.572 [INFO] [moqt:session:object-router] Stream read chunk {readNumber: 264, chunkSize: 3654, totalBytesReceived: 587031, done: false, firstBytes: 'be 7f 3f 9f cf e2 30 a2 b1 d8 ad b1 0b 88 54 b0'}
logger.js:357 07:38:03.575 [INFO] [moqt:session:object-router] Stream read chunk {readNumber: 265, chunkSize: 1176, totalBytesReceived: 588207, done: false, firstBytes: '02 e2 65 b7 c4 08 ec 42 e2 49 ae 09 f5 af 77 e1'}
logger.js:357 07:38:03.575 [INFO] [moqt:session:object-router] Stream read chunk {readNumber: 266, chunkSize: 1260, totalBytesReceived: 589467, done: false, firstBytes: '3b ce 4d 09 e8 41 34 77 e0 f7 8a de 29 5e 2b a1'}
logger.js:357 07:38:03.578 [INFO] [moqt:session:object-router] Stream read chunk {readNumber: 267, chunkSize: 240, totalBytesReceived: 589707, done: false, firstBytes: '7f ab fd 5f 81 83 88 26 84 3d 3c 3b e6 01 9b 8a'}
logger.js:357 07:38:03.578 [DEBUG] [moqt:session:object-router] Looking up subscription by trackAlias {lookupAlias: '0', found: true, knownAliases: Array(1)}
logger.js:357 07:38:03.578 [INFO] [moqt:session:object-router] Delivering object {subscriptionId: 2, groupId: 1812372265, objectId: 72, dataSize: 7545}
logger.js:357 07:38:03.607 [INFO] [moqt:session:object-router] Stream read chunk {readNumber: 268, chunkSize: 1335, totalBytesReceived: 591042, done: false, firstBytes: '00 5f 53 01 42 08 01 04 82 22 7c 00 5f 48 00 00'}
logger.js:357 07:38:03.609 [INFO] [moqt:session:object-router] Stream read chunk {readNumber: 269, chunkSize: 2436, totalBytesReceived: 593478, done: false, firstBytes: '14 f8 ee d8 a7 58 a7 ce ef 13 a5 80 17 48 08 0a'}
logger.js:357 07:38:03.611 [INFO] [moqt:session:object-router] Stream read chunk {readNumber: 270, chunkSize: 4251, totalBytesReceived: 597729, done: false, firstBytes: '9d e7 7c 5a df 3a ac 43 e2 bc 67 6c 4a e2 14 d9'}
logger.js:357 07:38:03.611 [DEBUG] [moqt:session:object-router] Looking up subscription by trackAlias {lookupAlias: '0', found: true, knownAliases: Array(1)}
logger.js:357 07:38:03.611 [INFO] [moqt:session:object-router] Delivering object {subscriptionId: 2, groupId: 1812372265, objectId: 73, dataSize: 8019}
logger.js:357 07:38:03.645 [INFO] [moqt:session:object-router] Stream read chunk {readNumber: 271, chunkSize: 2394, totalBytesReceived: 600123, done: false, firstBytes: '00 60 53 01 42 09 01 04 82 23 05 e4 60 48 00 00'}
logger.js:357 07:38:03.645 [INFO] [moqt:session:object-router] Stream read chunk {readNumber: 272, chunkSize: 1260, totalBytesReceived: 601383, done: false, firstBytes: '15 bc 5e 6d 6c 52 b5 80 6f 01 56 28 9c 4f 9d f3'}
logger.js:357 07:38:03.651 [INFO] [moqt:session:object-router] Stream read chunk {readNumber: 273, chunkSize: 4624, totalBytesReceived: 606007, done: false, firstBytes: 'c3 a0 7e 13 de ff 01 91 51 db 15 e2 97 14 ef 3b'}
logger.js:357 07:38:03.651 [DEBUG] [moqt:session:object-router] Looking up subscription by trackAlias {lookupAlias: '0', found: true, knownAliases: Array(1)}
logger.js:357 07:38:03.651 [INFO] [moqt:session:object-router] Delivering object {subscriptionId: 2, groupId: 1812372265, objectId: 74, dataSize: 8275}
logger.js:357 07:38:03.668 [INFO] [moqt:session:object-router] Stream read chunk {readNumber: 274, chunkSize: 2436, totalBytesReceived: 608443, done: false, firstBytes: '00 5d 4c 01 42 0a 01 04 82 23 85 a0 5d 41 00 00'}
logger.js:357 07:38:03.672 [INFO] [moqt:session:object-router] Stream read chunk {readNumber: 275, chunkSize: 1218, totalBytesReceived: 609661, done: false, firstBytes: 'a4 0d 8a 24 48 1c 8b c2 a1 49 ac 53 88 07 22 09'}
logger.js:357 07:38:03.681 [INFO] [moqt:session:object-router] Stream read chunk {readNumber: 276, chunkSize: 2436, totalBytesReceived: 612097, done: false, firstBytes: '9c 9f b1 0a 94 52 a5 14 b9 d7 10 b9 fc e4 e7 f3'}
logger.js:357 07:38:03.684 [INFO] [moqt:session:object-router] Stream read chunk {readNumber: 277, chunkSize: 1218, totalBytesReceived: 613315, done: false, firstBytes: 'dd 61 6b 05 a4 df c3 15 e9 71 66 eb 30 92 6b af'}
logger.js:357 07:38:03.684 [INFO] [moqt:session:object-router] Stream read chunk {readNumber: 278, chunkSize: 195, totalBytesReceived: 613510, done: false, firstBytes: '06 43 4a df 55 71 d9 8f 9b e0 14 ea f6 25 f3 92'}
logger.js:357 07:38:03.684 [DEBUG] [moqt:session:object-router] Looking up subscription by trackAlias {lookupAlias: '0', found: true, knownAliases: Array(1)}
logger.js:357 07:38:03.684 [INFO] [moqt:session:object-router] Delivering object {subscriptionId: 2, groupId: 1812372265, objectId: 75, dataSize: 7500}
logger.js:357 07:38:03.703 [INFO] [moqt:session:object-router] Stream read chunk {readNumber: 279, chunkSize: 1218, totalBytesReceived: 614728, done: false, firstBytes: '00 63 69 01 42 0b 01 04 82 24 0a 70 63 5e 00 00'}
logger.js:357 07:38:03.710 [INFO] [moqt:session:object-router] Stream read chunk {readNumber: 280, chunkSize: 3654, totalBytesReceived: 618382, done: false, firstBytes: 'a5 f7 ac 73 85 01 b8 8f c6 e0 c9 a0 af aa 39 c6'}
logger.js:357 07:38:03.716 [INFO] [moqt:session:object-router] Stream read chunk {readNumber: 281, chunkSize: 3654, totalBytesReceived: 622036, done: false, firstBytes: 'f1 4a 94 51 38 9d e7 5c 63 83 b6 76 39 44 98 74'}
logger.js:357 07:38:03.725 [INFO] [moqt:session:object-router] Stream read chunk {readNumber: 282, chunkSize: 542, totalBytesReceived: 622578, done: false, firstBytes: '8f c5 3a cf bc df 26 fb 5a 81 0e b5 98 89 a5 00'}
logger.js:357 07:38:03.725 [DEBUG] [moqt:session:object-router] Looking up subscription by trackAlias {lookupAlias: '0', found: true, knownAliases: Array(1)}
logger.js:357 07:38:03.725 [INFO] [moqt:session:object-router] Delivering object {subscriptionId: 2, groupId: 1812372265, objectId: 76, dataSize: 9065}
logger.js:357 07:38:03.739 [INFO] [moqt:session:object-router] Stream read chunk {readNumber: 283, chunkSize: 2436, totalBytesReceived: 625014, done: false, firstBytes: '00 60 28 01 42 0c 01 04 82 24 97 74 60 1d 00 00'}
logger.js:357 07:38:03.756 [INFO] [moqt:session:object-router] Stream read chunk {readNumber: 284, chunkSize: 4872, totalBytesReceived: 629886, done: false, firstBytes: '2f 12 b8 87 c4 2b c6 3d f3 f8 8f 3b bc 47 08 f5'}
logger.js:357 07:38:03.759 [INFO] [moqt:session:object-router] Stream read chunk {readNumber: 285, chunkSize: 927, totalBytesReceived: 630813, done: false, firstBytes: 'dd f5 fc 62 11 7f 2e 62 cb f1 af fc 6c 12 55 6a'}
logger.js:357 07:38:03.759 [DEBUG] [moqt:session:object-router] Looking up subscription by trackAlias {lookupAlias: '0', found: true, knownAliases: Array(1)}
logger.js:357 07:38:03.759 [INFO] [moqt:session:object-router] Delivering object {subscriptionId: 2, groupId: 1812372265, objectId: 77, dataSize: 8232}
logger.js:357 07:38:03.768 [INFO] [moqt:session:object-router] Stream read chunk {readNumber: 286, chunkSize: 1218, totalBytesReceived: 632031, done: false, firstBytes: '00 60 c9 01 42 0d 01 04 82 25 0c 40 60 be 00 00'}
logger.js:357 07:38:03.771 [INFO] [moqt:session:object-router] Stream read chunk {readNumber: 287, chunkSize: 1176, totalBytesReceived: 633207, done: false, firstBytes: '3b c5 6b 13 e7 77 8a f3 f9 c9 c4 2e 75 15 ce 48'}
logger.js:357 07:38:03.772 [INFO] [moqt:session:object-router] Stream read chunk {readNumber: 288, chunkSize: 1260, totalBytesReceived: 634467, done: false, firstBytes: '7f 13 e2 3c fe 7f eb c7 7e bc 77 13 e7 f3 93 9f'}
logger.js:357 07:38:03.772 [INFO] [moqt:session:object-router] Stream read chunk {readNumber: 289, chunkSize: 1218, totalBytesReceived: 635685, done: false, firstBytes: '01 39 01 5e 0a 3d f7 f1 c7 14 eb 12 bf 5e 82 21'}
logger.js:357 07:38:03.773 [INFO] [moqt:session:object-router] Stream read chunk {readNumber: 290, chunkSize: 1218, totalBytesReceived: 636903, done: false, firstBytes: '95 e2 97 14 ef 80 22 aa d6 29 71 44 e7 57 c0 32'}
logger.js:357 07:38:03.775 [INFO] [moqt:session:object-router] Stream read chunk {readNumber: 291, chunkSize: 1218, totalBytesReceived: 638121, done: false, firstBytes: '46 f1 98 85 f1 b8 a2 55 63 aa 7f 1a 1f 37 ae 70'}
logger.js:357 07:38:03.778 [INFO] [moqt:session:object-router] Stream read chunk {readNumber: 292, chunkSize: 1088, totalBytesReceived: 639209, done: false, firstBytes: '53 ad 45 77 d3 8a 8b 1a af c9 5e be bd cf 5e e5'}
logger.js:357 07:38:03.778 [DEBUG] [moqt:session:object-router] Looking up subscription by trackAlias {lookupAlias: '0', found: true, knownAliases: Array(1)}
logger.js:357 07:38:03.778 [INFO] [moqt:session:object-router] Delivering object {subscriptionId: 2, groupId: 1812372265, objectId: 78, dataSize: 8393}
logger.js:357 07:38:03.800 [INFO] [moqt:session:object-router] Stream read chunk {readNumber: 293, chunkSize: 1211, totalBytesReceived: 640420, done: false, firstBytes: '00 5e 99 01 42 0e 01 04 82 25 8b 98 5e 8e 00 00'}
logger.js:357 07:38:03.804 [INFO] [moqt:session:object-router] Stream read chunk {readNumber: 294, chunkSize: 2436, totalBytesReceived: 642856, done: false, firstBytes: '13 ac 72 ab e2 89 17 9c 94 e2 71 03 e6 9e 94 fa'}
logger.js:357 07:38:03.807 [INFO] [moqt:session:object-router] Stream read chunk {readNumber: 295, chunkSize: 1218, totalBytesReceived: 644074, done: false, firstBytes: '75 ce b9 d7 3a e7 27 39 39 d5 e7 5c 51 26 c9 c9'}
logger.js:357 07:38:03.807 [INFO] [moqt:session:object-router] Stream read chunk {readNumber: 296, chunkSize: 1218, totalBytesReceived: 645292, done: false, firstBytes: '7a 45 94 2c 4f 27 e0 94 b4 f8 52 3c 0b e6 eb 42'}
logger.js:357 07:38:03.809 [INFO] [moqt:session:object-router] Stream read chunk {readNumber: 297, chunkSize: 1218, totalBytesReceived: 646510, done: false, firstBytes: '9c 9c eb 8a f8 33 f0 71 ac 3f c2 f5 6f ab 50 a2'}
logger.js:357 07:38:03.811 [INFO] [moqt:session:object-router] Stream read chunk {readNumber: 298, chunkSize: 535, totalBytesReceived: 647045, done: false, firstBytes: '5c 57 69 da db 98 48 9f 75 f7 86 43 60 9f 5f ad'}
logger.js:357 07:38:03.811 [DEBUG] [moqt:session:object-router] Looking up subscription by trackAlias {lookupAlias: '0', found: true, knownAliases: Array(1)}
logger.js:357 07:38:03.811 [INFO] [moqt:session:object-router] Delivering object {subscriptionId: 2, groupId: 1812372265, objectId: 79, dataSize: 7833}
logger.js:357 07:38:03.833 [INFO] [moqt:session:object-router] Stream read chunk {readNumber: 299, chunkSize: 1218, totalBytesReceived: 648263, done: false, firstBytes: '00 61 4a 01 42 0f 01 04 82 26 10 04 61 3f 00 00'}
logger.js:357 07:38:03.842 [INFO] [moqt:session:object-router] Stream read chunk {readNumber: 300, chunkSize: 3654, totalBytesReceived: 651917, done: false, firstBytes: 'ce b9 fc 53 e7 f3 be 7d 67 f3 be 7f 3b e7 dc 32'}
logger.js:357 07:38:03.843 [INFO] [moqt:session:object-router] Stream read chunk {readNumber: 301, chunkSize: 1218, totalBytesReceived: 653135, done: false, firstBytes: '88 5c 52 e2 3c ea b3 f8 87 7c 01 8b 8b 51 d8 fe'}
logger.js:357 07:38:03.844 [INFO] [moqt:session:object-router] Stream read chunk {readNumber: 302, chunkSize: 1218, totalBytesReceived: 654353, done: false, firstBytes: 'bc 47 f5 aa 14 b8 a5 bc 07 82 b7 d7 df 56 c5 62'}
logger.js:357 07:38:03.845 [INFO] [moqt:session:object-router] Stream read chunk {readNumber: 303, chunkSize: 1217, totalBytesReceived: 655570, done: false, firstBytes: '3d 04 40 a2 aa fd dd bc 71 6f c7 f5 e9 aa bd 17'}
logger.js:357 07:38:03.845 [DEBUG] [moqt:session:object-router] Looking up subscription by trackAlias {lookupAlias: '0', found: true, knownAliases: Array(1)}
logger.js:357 07:38:03.845 [INFO] [moqt:session:object-router] Delivering object {subscriptionId: 2, groupId: 1812372265, objectId: 80, dataSize: 8522}
logger.js:357 07:38:03.868 [INFO] [moqt:session:object-router] Stream read chunk {readNumber: 304, chunkSize: 1176, totalBytesReceived: 656746, done: false, firstBytes: '00 68 27 01 42 10 01 04 82 26 97 f4 68 1c 00 00'}
logger.js:357 07:38:03.869 [INFO] [moqt:session:object-router] Stream read chunk {readNumber: 305, chunkSize: 1260, totalBytesReceived: 658006, done: false, firstBytes: 'ab 3b 83 59 04 73 85 c2 bf c6 a8 bf 67 27 3e b1'}
logger.js:357 07:38:03.876 [INFO] [moqt:session:object-router] Stream read chunk {readNumber: 306, chunkSize: 4872, totalBytesReceived: 662878, done: false, firstBytes: '1f 0a 11 58 bc 53 81 ab 24 22 5c 11 b1 07 f1 58'}
logger.js:357 07:38:03.881 [INFO] [moqt:session:object-router] Stream read chunk {readNumber: 307, chunkSize: 2974, totalBytesReceived: 665852, done: false, firstBytes: '38 a4 07 f0 5d e2 3e 07 80 66 4d fc 1d 82 bf ab'}
logger.js:357 07:38:03.881 [DEBUG] [moqt:session:object-router] Looking up subscription by trackAlias {lookupAlias: '0', found: true, knownAliases: Array(1)}
logger.js:357 07:38:03.882 [INFO] [moqt:session:object-router] Delivering object {subscriptionId: 2, groupId: 1812372265, objectId: 81, dataSize: 10279}
logger.js:357 07:38:03.903 [INFO] [moqt:session:object-router] Stream read chunk {readNumber: 308, chunkSize: 2436, totalBytesReceived: 668288, done: false, firstBytes: '00 5f b0 01 42 11 01 04 82 27 18 78 5f a5 00 00'}
logger.js:357 07:38:03.904 [INFO] [moqt:session:object-router] Stream read chunk {readNumber: 309, chunkSize: 1218, totalBytesReceived: 669506, done: false, firstBytes: '3f 9f ce f9 f7 88 7c 42 e7 7b 13 ac 56 34 99 9d'}
logger.js:357 07:38:03.907 [INFO] [moqt:session:object-router] Stream read chunk {readNumber: 310, chunkSize: 2436, totalBytesReceived: 671942, done: false, firstBytes: '39 f7 8c fd 88 f3 92 f8 0b 00 2f 2b f8 69 5f 81'}
logger.js:357 07:38:03.909 [INFO] [moqt:session:object-router] Stream read chunk {readNumber: 311, chunkSize: 1218, totalBytesReceived: 673160, done: false, firstBytes: 'e7 fc d7 e5 14 e9 f0 c7 0a 02 0c 51 29 6c 3d 24'}
logger.js:357 07:38:03.910 [INFO] [moqt:session:object-router] Stream read chunk {readNumber: 312, chunkSize: 807, totalBytesReceived: 673967, done: false, firstBytes: 'd6 6f f4 9a 7b 21 ba d5 f7 d5 49 2d eb a2 fe 15'}
logger.js:357 07:38:03.910 [DEBUG] [moqt:session:object-router] Looking up subscription by trackAlias {lookupAlias: '0', found: true, knownAliases: Array(1)}
logger.js:357 07:38:03.910 [INFO] [moqt:session:object-router] Delivering object {subscriptionId: 2, groupId: 1812372265, objectId: 82, dataSize: 8112}
logger.js:357 07:38:03.935 [INFO] [moqt:session:object-router] Stream read chunk {readNumber: 313, chunkSize: 1218, totalBytesReceived: 675185, done: false, firstBytes: '00 5f 78 01 42 12 01 04 82 27 9a 8c 5f 6d 00 00'}
logger.js:357 07:38:03.939 [INFO] [moqt:session:object-router] Stream read chunk {readNumber: 314, chunkSize: 1176, totalBytesReceived: 676361, done: false, firstBytes: 'e7 7c eb 9d 73 ae 75 ce 4e 7f 14 4c 31 d7 a3 3a'}
logger.js:357 07:38:03.941 [INFO] [moqt:session:object-router] Stream read chunk {readNumber: 315, chunkSize: 3696, totalBytesReceived: 680057, done: false, firstBytes: '4b e2 57 3a e7 5c eb 9d 60 c7 fd 54 87 de 21 62'}
logger.js:357 07:38:03.944 [INFO] [moqt:session:object-router] Stream read chunk {readNumber: 316, chunkSize: 1969, totalBytesReceived: 682026, done: false, firstBytes: 'f1 2b 9d 73 ae 75 ce 4e 72 73 ab c5 2e 29 de 29'}
logger.js:357 07:38:03.944 [DEBUG] [moqt:session:object-router] Looking up subscription by trackAlias {lookupAlias: '0', found: true, knownAliases: Array(1)}
logger.js:357 07:38:03.945 [INFO] [moqt:session:object-router] Delivering object {subscriptionId: 2, groupId: 1812372265, objectId: 83, dataSize: 8056}
logger.js:357 07:38:03.967 [INFO] [moqt:session:object-router] Stream read chunk {readNumber: 317, chunkSize: 1218, totalBytesReceived: 683244, done: false, firstBytes: '00 5e d7 01 42 13 01 04 82 28 1b 10 5e cc 00 00'}
logger.js:357 07:38:03.970 [INFO] [moqt:session:object-router] Stream read chunk {readNumber: 318, chunkSize: 2436, totalBytesReceived: 685680, done: false, firstBytes: '5e 7f 3f 9f 78 b7 7a c4 f9 d5 a8 ac be 75 cf e2'}
logger.js:357 07:38:03.974 [INFO] [moqt:session:object-router] Stream read chunk {readNumber: 319, chunkSize: 1218, totalBytesReceived: 686898, done: false, firstBytes: 'eb 9c 9c eb 21 fc fe 77 cf b8 3b ff 55 2e 1f bc'}
logger.js:357 07:38:03.977 [INFO] [moqt:session:object-router] Stream read chunk {readNumber: 320, chunkSize: 3026, totalBytesReceived: 689924, done: false, firstBytes: 'df d5 61 8f 34 c7 7e 83 ff 04 5d ef f1 7e ba d6'}
logger.js:357 07:38:03.977 [DEBUG] [moqt:session:object-router] Looking up subscription by trackAlias {lookupAlias: '0', found: true, knownAliases: Array(1)}
logger.js:357 07:38:03.978 [INFO] [moqt:session:object-router] Delivering object {subscriptionId: 2, groupId: 1812372265, objectId: 84, dataSize: 7895}
logger.js:357 07:38:04.003 [INFO] [moqt:session:object-router] Stream read chunk {readNumber: 321, chunkSize: 1218, totalBytesReceived: 691142, done: false, firstBytes: '00 5f 94 01 42 14 01 04 82 28 9e b4 5f 89 00 00'}
logger.js:357 07:38:04.005 [INFO] [moqt:session:object-router] Stream read chunk {readNumber: 322, chunkSize: 2436, totalBytesReceived: 693578, done: false, firstBytes: 'b3 be 7f 3e f3 f9 d7 3f 9d f3 f8 bd 5f 3a e7 5c'}
logger.js:357 07:38:04.007 [INFO] [moqt:session:object-router] Stream read chunk {readNumber: 323, chunkSize: 2352, totalBytesReceived: 695930, done: false, firstBytes: '8a 5c 57 89 7c 43 ac fe 2f fb 3a e7 5c eb 9d 73'}
logger.js:357 07:38:04.008 [INFO] [moqt:session:object-router] Stream read chunk {readNumber: 324, chunkSize: 1302, totalBytesReceived: 697232, done: false, firstBytes: '85 c4 2d 08 7c 42 e2 09 c4 2e 29 45 7c 02 c2 a3'}
logger.js:357 07:38:04.010 [INFO] [moqt:session:object-router] Stream read chunk {readNumber: 325, chunkSize: 779, totalBytesReceived: 698011, done: false, firstBytes: '2e 6d fc 06 38 1d c2 7d 57 7f aa 94 fd 40 12 74'}
logger.js:357 07:38:04.010 [DEBUG] [moqt:session:object-router] Looking up subscription by trackAlias {lookupAlias: '0', found: true, knownAliases: Array(1)}
logger.js:357 07:38:04.010 [INFO] [moqt:session:object-router] Delivering object {subscriptionId: 2, groupId: 1812372265, objectId: 85, dataSize: 8084}
logger.js:357 07:38:04.036 [INFO] [moqt:session:object-router] Stream read chunk {readNumber: 326, chunkSize: 1218, totalBytesReceived: 699229, done: false, firstBytes: '00 67 be 01 42 15 01 04 82 29 1b 50 67 b3 00 00'}
logger.js:357 07:38:04.040 [INFO] [moqt:session:object-router] Stream read chunk {readNumber: 327, chunkSize: 2436, totalBytesReceived: 701665, done: false, firstBytes: '9f 78 8f ea d0 67 fe aa 3c 57 9d 73 be 7f 3e f3'}
logger.js:357 07:38:04.040 [INFO] [moqt:session:object-router] Stream read chunk {readNumber: 328, chunkSize: 1176, totalBytesReceived: 702841, done: false, firstBytes: 'a2 44 39 15 ac 52 e2 1f 3f 9f cf a1 4f e2 b6 e7'}
logger.js:357 07:38:04.040 [INFO] [moqt:session:object-router] Stream read chunk {readNumber: 329, chunkSize: 2478, totalBytesReceived: 705319, done: false, firstBytes: '14 07 6e 03 a6 b6 c5 2f 05 a0 1f d5 ac 43 e2 9c'}
logger.js:357 07:38:04.043 [INFO] [moqt:session:object-router] Stream read chunk {readNumber: 330, chunkSize: 1218, totalBytesReceived: 706537, done: false, firstBytes: '8e c7 fd 47 63 f1 4b 8a 5c 52 97 22 97 15 bc 53'}
logger.js:357 07:38:04.044 [INFO] [moqt:session:object-router] Stream read chunk {readNumber: 331, chunkSize: 1651, totalBytesReceived: 708188, done: false, firstBytes: 'a5 78 a2 71 44 bc 57 8a 57 9d 58 a2 b0 39 ea 45'}
logger.js:357 07:38:04.045 [DEBUG] [moqt:session:object-router] Looking up subscription by trackAlias {lookupAlias: '0', found: true, knownAliases: Array(1)}
logger.js:357 07:38:04.045 [INFO] [moqt:session:object-router] Delivering object {subscriptionId: 2, groupId: 1812372265, objectId: 86, dataSize: 10174}
logger.js:357 07:38:04.069 [INFO] [moqt:session:object-router] Stream read chunk {readNumber: 332, chunkSize: 1218, totalBytesReceived: 709406, done: false, firstBytes: '00 60 36 01 42 16 01 04 82 29 9e 2c 60 2b 00 00'}
logger.js:357 07:38:04.073 [INFO] [moqt:session:object-router] Stream read chunk {readNumber: 333, chunkSize: 3654, totalBytesReceived: 713060, done: false, firstBytes: 'ba 10 f9 f7 88 5c 43 e2 1f 11 e2 17 10 f9 df 3f'}
logger.js:357 07:38:04.077 [INFO] [moqt:session:object-router] Stream read chunk {readNumber: 334, chunkSize: 3377, totalBytesReceived: 716437, done: false, firstBytes: '00 88 2d f1 44 bf ab e2 57 10 4f d5 f3 a8 ae 20'}
logger.js:357 07:38:04.078 [DEBUG] [moqt:session:object-router] Looking up subscription by trackAlias {lookupAlias: '0', found: true, knownAliases: Array(1)}
logger.js:357 07:38:04.078 [INFO] [moqt:session:object-router] Delivering object {subscriptionId: 2, groupId: 1812372265, objectId: 87, dataSize: 8246}
logger.js:357 07:38:04.104 [INFO] [moqt:session:object-router] Stream read chunk {readNumber: 335, chunkSize: 3654, totalBytesReceived: 720091, done: false, firstBytes: '00 5f d1 01 42 17 01 04 82 2a 1e 4c 5f c6 00 00'}
logger.js:357 07:38:04.106 [INFO] [moqt:session:object-router] Stream read chunk {readNumber: 336, chunkSize: 1218, totalBytesReceived: 721309, done: false, firstBytes: 'cf e7 f3 eb 3a ac fe 2d ef 88 5c 4a e3 7b e2 1f'}
logger.js:357 07:38:04.108 [INFO] [moqt:session:object-router] Stream read chunk {readNumber: 337, chunkSize: 1218, totalBytesReceived: 722527, done: false, firstBytes: 'f8 87 c7 77 c4 13 8a 5c 52 e2 09 c4 2e 2b c4 13'}
logger.js:357 07:38:04.113 [INFO] [moqt:session:object-router] Stream read chunk {readNumber: 338, chunkSize: 2058, totalBytesReceived: 724585, done: false, firstBytes: 'c5 28 ae 29 5e 29 de 39 6f f5 be 75 79 d5 e7 51'}
logger.js:357 07:38:04.113 [DEBUG] [moqt:session:object-router] Looking up subscription by trackAlias {lookupAlias: '0', found: true, knownAliases: Array(1)}
logger.js:357 07:38:04.113 [INFO] [moqt:session:object-router] Delivering object {subscriptionId: 2, groupId: 1812372265, objectId: 88, dataSize: 8145}
logger.js:357 07:38:04.158 [INFO] [moqt:session:object-router] Stream read chunk {readNumber: 339, chunkSize: 8229, totalBytesReceived: 732814, done: false, firstBytes: '00 60 22 01 42 18 01 04 82 2a f0 d8 60 17 00 00'}
logger.js:357 07:38:04.158 [DEBUG] [moqt:session:object-router] Looking up subscription by trackAlias {lookupAlias: '0', found: true, knownAliases: Array(1)}
logger.js:357 07:38:04.158 [INFO] [moqt:session:object-router] Delivering object {subscriptionId: 2, groupId: 1812372265, objectId: 89, dataSize: 8226}
logger.js:357 07:38:04.166 [INFO] [moqt:session:object-router] Stream read chunk {readNumber: 340, chunkSize: 2436, totalBytesReceived: 735250, done: false, firstBytes: '00 5e b0 01 42 19 01 04 82 2b 22 74 5e a5 00 00'}
logger.js:357 07:38:04.167 [INFO] [moqt:session:object-router] Stream read chunk {readNumber: 341, chunkSize: 2352, totalBytesReceived: 737602, done: false, firstBytes: 'f1 1e 77 78 cd eb 10 a5 c8 a5 10 0e 45 6f 1d bd'}
logger.js:357 07:38:04.170 [INFO] [moqt:session:object-router] Stream read chunk {readNumber: 342, chunkSize: 3071, totalBytesReceived: 740673, done: false, firstBytes: 'f1 0f 8a 5c 57 8a f1 04 e2 bc 53 ac 73 8b be 21'}
logger.js:357 07:38:04.171 [DEBUG] [moqt:session:object-router] Looking up subscription by trackAlias {lookupAlias: '0', found: true, knownAliases: Array(1)}
logger.js:357 07:38:04.171 [INFO] [moqt:session:object-router] Delivering object {subscriptionId: 2, groupId: 1812372265, objectId: 90, dataSize: 7856}
logger.js:357 07:38:04.204 [INFO] [moqt:session:object-router] Stream read chunk {readNumber: 343, chunkSize: 1176, totalBytesReceived: 741849, done: false, firstBytes: '00 67 cc 01 42 1a 01 04 82 2b a7 44 67 c1 00 00'}
logger.js:357 07:38:04.205 [INFO] [moqt:session:object-router] Stream read chunk {readNumber: 344, chunkSize: 1260, totalBytesReceived: 743109, done: false, firstBytes: '7d 57 56 fa b6 77 ce b9 d7 3f 9c 9c e4 bc 42 e2'}
logger.js:357 07:38:04.206 [INFO] [moqt:session:object-router] Stream read chunk {readNumber: 345, chunkSize: 4872, totalBytesReceived: 747981, done: false, firstBytes: 'f9 f7 8b ed 9d 73 f8 be d9 d7 10 af 3e f1 1e 28'}
logger.js:357 07:38:04.210 [INFO] [moqt:session:object-router] Stream read chunk {readNumber: 346, chunkSize: 2883, totalBytesReceived: 750864, done: false, firstBytes: '00 71 05 75 ad 6c e4 cf d7 a2 fa bd 9b 54 51 60'}
logger.js:357 07:38:04.210 [DEBUG] [moqt:session:object-router] Looking up subscription by trackAlias {lookupAlias: '0', found: true, knownAliases: Array(1)}
logger.js:357 07:38:04.210 [INFO] [moqt:session:object-router] Delivering object {subscriptionId: 2, groupId: 1812372265, objectId: 91, dataSize: 10188}
logger.js:357 07:38:04.237 [INFO] [moqt:session:object-router] Stream read chunk {readNumber: 347, chunkSize: 1218, totalBytesReceived: 752082, done: false, firstBytes: '00 65 66 01 42 1b 01 04 82 2c 2f 34 65 5b 00 00'}
logger.js:357 07:38:04.238 [INFO] [moqt:session:object-router] Stream read chunk {readNumber: 348, chunkSize: 2436, totalBytesReceived: 754518, done: false, firstBytes: 'cf e7 f3 f8 87 cf e7 77 47 5c 47 9f 17 8a 71 4e'}
logger.js:357 07:38:04.243 [INFO] [moqt:session:object-router] Stream read chunk {readNumber: 349, chunkSize: 1176, totalBytesReceived: 755694, done: false, firstBytes: '90 ef 9f c4 3e 23 c4 be 21 fc 04 a6 29 fc 1e e7'}
logger.js:357 07:38:04.243 [INFO] [moqt:session:object-router] Stream read chunk {readNumber: 350, chunkSize: 1260, totalBytesReceived: 756954, done: false, firstBytes: 'ea 29 ce a4 f3 e2 1f 14 e2 b8 a5 7c 0c 55 6c 51'}
logger.js:357 07:38:04.243 [INFO] [moqt:session:object-router] Stream read chunk {readNumber: 351, chunkSize: 1176, totalBytesReceived: 758130, done: false, firstBytes: 'f8 8f 11 e2 17 10 b8 85 c5 2b c7 2b be 29 73 ae'}
logger.js:357 07:38:04.244 [INFO] [moqt:session:object-router] Stream read chunk {readNumber: 352, chunkSize: 1260, totalBytesReceived: 759390, done: false, firstBytes: '8a 5c eb e0 09 8e 41 44 d8 87 fa f6 29 71 4a f1'}
logger.js:357 07:38:04.251 [INFO] [moqt:session:object-router] Stream read chunk {readNumber: 353, chunkSize: 1051, totalBytesReceived: 760441, done: false, firstBytes: '0a b1 0b 8a 57 88 70 90 7a 7c 56 07 71 2c 53 a7'}
logger.js:357 07:38:04.251 [DEBUG] [moqt:session:object-router] Looking up subscription by trackAlias {lookupAlias: '0', found: true, knownAliases: Array(1)}
logger.js:357 07:38:04.251 [INFO] [moqt:session:object-router] Delivering object {subscriptionId: 2, groupId: 1812372265, objectId: 92, dataSize: 9574}
logger.js:357 07:38:04.269 [INFO] [moqt:session:object-router] Stream read chunk {readNumber: 354, chunkSize: 1218, totalBytesReceived: 761659, done: false, firstBytes: '00 67 65 01 42 1c 01 04 82 2c af b8 67 5a 00 00'}
logger.js:357 07:38:04.269 [DEBUG] [moqt:media:video-decoder] Video decode stats {instanceId: 1, framesDecoded: 450, width: 1920, height: 1080}
logger.js:357 07:38:04.270 [INFO] [moqt:session:object-router] Stream read chunk {readNumber: 355, chunkSize: 2436, totalBytesReceived: 764095, done: false, firstBytes: 'ef 9f ce f9 fc fe 7f 3e 2b 88 f1 5b ce ef 11 e2'}
logger.js:357 07:38:04.271 [INFO] [moqt:session:object-router] Stream read chunk {readNumber: 356, chunkSize: 1218, totalBytesReceived: 765313, done: false, firstBytes: '9f ce b9 f5 88 5c eb 9d 56 21 71 1e 21 f1 1e 27'}
logger.js:357 07:38:04.274 [INFO] [moqt:session:object-router] Stream read chunk {readNumber: 357, chunkSize: 1218, totalBytesReceived: 766531, done: false, firstBytes: '9f cf e7 7c e4 e7 f3 f8 8f 14 f8 87 ce f9 fc e4'}
logger.js:357 07:38:04.279 [INFO] [moqt:session:object-router] Stream read chunk {readNumber: 358, chunkSize: 3654, totalBytesReceived: 770185, done: false, firstBytes: '5c 59 3a a1 6b ac ea b3 be 77 cf e7 f3 f9 fc fe'}
logger.js:357 07:38:04.282 [DEBUG] [moqt:media:subscribe-pipeline] Video arbiter stats {activeGroup: 1812372265, groupCount: 4, framesOutput: 451, groupsCompleted: 3, groupsSkipped: 0}
logger.js:357 07:38:04.283 [INFO] [moqt:session:object-router] Stream read chunk {readNumber: 359, chunkSize: 344, totalBytesReceived: 770529, done: false, firstBytes: '73 92 0c 3a 08 c7 7b e2 95 e2 17 0c e1 b9 3f fe'}
logger.js:357 07:38:04.283 [DEBUG] [moqt:session:object-router] Looking up subscription by trackAlias {lookupAlias: '0', found: true, knownAliases: Array(1)}
logger.js:357 07:38:04.283 [INFO] [moqt:session:object-router] Delivering object {subscriptionId: 2, groupId: 1812372265, objectId: 93, dataSize: 10085}
logger.js:357 07:38:04.302 [INFO] [moqt:session:object-router] Stream read chunk {readNumber: 360, chunkSize: 2436, totalBytesReceived: 772965, done: false, firstBytes: '00 66 22 01 42 1d 01 04 82 2d 33 5c 66 17 00 00'}
logger.js:357 07:38:04.311 [INFO] [moqt:session:object-router] Stream read chunk {readNumber: 361, chunkSize: 2436, totalBytesReceived: 775401, done: false, firstBytes: '5c 52 e7 27 3b e2 3c fe 2b c5 78 af 10 f9 f7 8c'}
logger.js:357 07:38:04.315 [INFO] [moqt:session:object-router] Stream read chunk {readNumber: 362, chunkSize: 3612, totalBytesReceived: 779013, done: false, firstBytes: '85 13 e2 a1 a3 93 9f ce bf 55 67 e8 fe 3b d6 77'}
logger.js:357 07:38:04.315 [INFO] [moqt:session:object-router] Stream read chunk {readNumber: 363, chunkSize: 1281, totalBytesReceived: 780294, done: false, firstBytes: 'b9 c9 ce f9 fc eb 9d f3 fc 78 44 13 44 bd 44 bf'}
logger.js:357 07:38:04.315 [DEBUG] [moqt:session:object-router] Looking up subscription by trackAlias {lookupAlias: '0', found: true, knownAliases: Array(1)}
logger.js:357 07:38:04.315 [INFO] [moqt:session:object-router] Delivering object {subscriptionId: 2, groupId: 1812372265, objectId: 94, dataSize: 9762}
logger.js:357 07:38:04.336 [INFO] [moqt:session:object-router] Stream read chunk {readNumber: 364, chunkSize: 2436, totalBytesReceived: 782730, done: false, firstBytes: '00 59 77 01 42 1e 01 04 82 2d b0 5c 59 6c 00 00'}
logger.js:357 07:38:04.337 [INFO] [moqt:session:object-router] Stream read chunk {readNumber: 365, chunkSize: 1218, totalBytesReceived: 783948, done: false, firstBytes: 'a1 5e 25 f1 0e f3 f8 be d9 c9 cf e7 57 88 5f af'}
logger.js:357 07:38:04.341 [INFO] [moqt:session:object-router] Stream read chunk {readNumber: 366, chunkSize: 2484, totalBytesReceived: 786432, done: false, firstBytes: '93 11 e3 eb 1f 0a c5 d7 b8 8a f5 1d 73 ac 39 ff'}
logger.js:357 07:38:04.341 [INFO] [moqt:session:object-router] Stream read chunk {readNumber: 367, chunkSize: 384, totalBytesReceived: 786816, done: false, firstBytes: '1d fe 3a 4a af 10 a3 2d 15 d7 0c 0f c4 f0 87 fa'}
logger.js:357 07:38:04.341 [DEBUG] [moqt:session:object-router] Looking up subscription by trackAlias {lookupAlias: '0', found: true, knownAliases: Array(1)}
logger.js:357 07:38:04.341 [INFO] [moqt:session:object-router] Delivering object {subscriptionId: 2, groupId: 1812372265, objectId: 95, dataSize: 6519}
logger.js:357 07:38:04.369 [INFO] [moqt:session:object-router] Stream read chunk {readNumber: 368, chunkSize: 1218, totalBytesReceived: 788034, done: false, firstBytes: '00 62 16 01 42 1f 01 04 82 2e 33 38 62 0b 00 00'}
logger.js:357 07:38:04.372 [INFO] [moqt:session:object-router] Stream read chunk {readNumber: 369, chunkSize: 4788, totalBytesReceived: 792822, done: false, firstBytes: 'e1 d3 f0 87 cf e7 f3 f9 d7 3b e7 f3 f9 fc 5b fb'}
logger.js:357 07:38:04.374 [INFO] [moqt:session:object-router] Stream read chunk {readNumber: 370, chunkSize: 2723, totalBytesReceived: 795545, done: false, firstBytes: 'a5 15 e2 3c fe 7d 62 b1 78 b7 d6 7f ea 38 d9 dd'}
logger.js:357 07:38:04.374 [DEBUG] [moqt:session:object-router] Looking up subscription by trackAlias {lookupAlias: '0', found: true, knownAliases: Array(1)}
logger.js:357 07:38:04.374 [INFO] [moqt:session:object-router] Delivering object {subscriptionId: 2, groupId: 1812372265, objectId: 96, dataSize: 8726}
VideoRenderer.tsx:84 [VideoRenderer] Rendering stats {framesRendered: 450, frameWidth: 1920, frameHeight: 1080, timestamp: 541000}
logger.js:357 07:38:04.399 [INFO] [moqt:session:object-router] Stream read chunk {readNumber: 371, chunkSize: 1218, totalBytesReceived: 796763, done: false, firstBytes: '00 67 bc 01 42 20 01 04 82 2e ad 7c 67 b1 00 00'}
logger.js:357 07:38:04.404 [INFO] [moqt:session:object-router] Stream read chunk {readNumber: 372, chunkSize: 2436, totalBytesReceived: 799199, done: false, firstBytes: '7f 3e f3 be 7f 3f 9f cf bc 47 9f cf e7 f3 ef 11'}
logger.js:357 07:38:04.407 [INFO] [moqt:session:object-router] Stream read chunk {readNumber: 373, chunkSize: 1218, totalBytesReceived: 800417, done: false, firstBytes: 'ce b9 c9 9c fb c4 78 8f 11 a5 14 f8 8f 15 e2 7c'}
logger.js:357 07:38:04.409 [INFO] [moqt:session:object-router] Stream read chunk {readNumber: 374, chunkSize: 4865, totalBytesReceived: 805282, done: false, firstBytes: 'ad 44 12 c1 c4 2a c5 a8 a6 d8 e5 b6 75 c4 2e 72'}
logger.js:357 07:38:04.409 [INFO] [moqt:session:object-router] Stream read chunk {readNumber: 375, chunkSize: 438, totalBytesReceived: 805720, done: false, firstBytes: '2b ce af 16 b7 ce b9 d7 3a fd 78 e1 fa a3 9f aa'}
logger.js:357 07:38:04.409 [DEBUG] [moqt:session:object-router] Looking up subscription by trackAlias {lookupAlias: '0', found: true, knownAliases: Array(1)}
logger.js:357 07:38:04.409 [INFO] [moqt:session:object-router] Delivering object {subscriptionId: 2, groupId: 1812372265, objectId: 97, dataSize: 10172}
logger.js:357 07:38:04.434 [INFO] [moqt:session:object-router] Stream read chunk {readNumber: 376, chunkSize: 2436, totalBytesReceived: 808156, done: false, firstBytes: '00 5f 6c 01 42 21 01 04 82 2f 33 78 5f 61 00 00'}
logger.js:357 07:38:04.436 [INFO] [moqt:session:object-router] Stream read chunk {readNumber: 377, chunkSize: 1218, totalBytesReceived: 809374, done: false, firstBytes: '75 f5 b6 75 ce f9 d7 3a bc 47 8a 7c 47 88 27 3b'}
logger.js:357 07:38:04.440 [INFO] [moqt:session:object-router] Stream read chunk {readNumber: 378, chunkSize: 3654, totalBytesReceived: 813028, done: false, firstBytes: '94 51 31 3f 3f 31 df 3f 9f cf d8 85 17 88 56 71'}
logger.js:357 07:38:04.444 [INFO] [moqt:session:object-router] Stream read chunk {readNumber: 379, chunkSize: 739, totalBytesReceived: 813767, done: false, firstBytes: '21 a8 f0 07 1e 01 0c 5a 25 ac 01 b1 80 f2 5b e2'}
logger.js:357 07:38:04.444 [DEBUG] [moqt:session:object-router] Looking up subscription by trackAlias {lookupAlias: '0', found: true, knownAliases: Array(1)}
logger.js:357 07:38:04.444 [INFO] [moqt:session:object-router] Delivering object {subscriptionId: 2, groupId: 1812372265, objectId: 98, dataSize: 8044}
logger.js:357 07:38:04.469 [INFO] [moqt:session:object-router] Stream read chunk {readNumber: 380, chunkSize: 1218, totalBytesReceived: 814985, done: false, firstBytes: '00 69 f1 01 42 22 01 04 82 2f b9 10 69 e6 00 00'}
logger.js:357 07:38:04.471 [INFO] [moqt:session:object-router] Stream read chunk {readNumber: 381, chunkSize: 3654, totalBytesReceived: 818639, done: false, firstBytes: 'ab ce af 3a 8a e3 95 db 14 ef 10 4e 21 71 2b 9d'}
logger.js:357 07:38:04.472 [INFO] [moqt:session:object-router] Stream read chunk {readNumber: 382, chunkSize: 1176, totalBytesReceived: 819815, done: false, firstBytes: 'e7 5c eb 9d 73 ab ce b9 df 3f 9d 73 93 9d f3 f9'}
logger.js:357 07:38:04.472 [INFO] [moqt:session:object-router] Stream read chunk {readNumber: 383, chunkSize: 1260, totalBytesReceived: 821075, done: false, firstBytes: '3a e7 7c fe 7d fd 47 36 75 c4 f8 9f 3f 88 7c 57'}
logger.js:357 07:38:04.477 [INFO] [moqt:session:object-router] Stream read chunk {readNumber: 384, chunkSize: 2436, totalBytesReceived: 823511, done: false, firstBytes: 'e7 f3 f9 df 3f 9d de 75 79 c9 cf bc 42 e7 d3 88'}
logger.js:357 07:38:04.478 [INFO] [moqt:session:object-router] Stream read chunk {readNumber: 385, chunkSize: 996, totalBytesReceived: 824507, done: false, firstBytes: 'c5 06 f8 a2 42 80 e9 33 8b dc 7f f4 1e cb 8f c4'}
logger.js:357 07:38:04.478 [DEBUG] [moqt:session:object-router] Looking up subscription by trackAlias {lookupAlias: '0', found: true, knownAliases: Array(1)}
logger.js:357 07:38:04.478 [INFO] [moqt:session:object-router] Delivering object {subscriptionId: 2, groupId: 1812372265, objectId: 99, dataSize: 10737}
logger.js:357 07:38:04.503 [INFO] [moqt:session:object-router] Stream read chunk {readNumber: 386, chunkSize: 1218, totalBytesReceived: 825725, done: false, firstBytes: '00 61 46 01 42 23 01 04 82 30 43 bc 61 3b 00 00'}
logger.js:357 07:38:04.504 [INFO] [moqt:session:object-router] Stream read chunk {readNumber: 387, chunkSize: 2352, totalBytesReceived: 828077, done: false, firstBytes: '3a e7 7c fe 7f 3f 9f cf e7 f3 f9 fc e4 e7 5f ab'}
logger.js:357 07:38:04.506 [INFO] [moqt:session:object-router] Stream read chunk {readNumber: 388, chunkSize: 84, totalBytesReceived: 828161, done: false, firstBytes: 'b1 1e 7d 67 f1 0f 9f cf e7 f3 f9 fc fa c4 79 fc'}
logger.js:357 07:38:04.507 [INFO] [moqt:session:object-router] Stream read chunk {readNumber: 389, chunkSize: 1218, totalBytesReceived: 829379, done: false, firstBytes: '42 e7 5c eb 9c 97 88 27 10 b8 a5 86 20 e3 c0 f5'}
logger.js:357 07:38:04.508 [INFO] [moqt:session:object-router] Stream read chunk {readNumber: 390, chunkSize: 2352, totalBytesReceived: 831731, done: false, firstBytes: 'fb ce ef 11 b7 10 e1 85 48 a7 4a 23 36 44 f9 fc'}
logger.js:357 07:38:04.510 [INFO] [moqt:session:object-router] Stream read chunk {readNumber: 391, chunkSize: 1297, totalBytesReceived: 833028, done: false, firstBytes: '33 f5 30 41 61 5d 75 fe a3 b6 72 73 93 9d d5 0a'}
logger.js:357 07:38:04.510 [DEBUG] [moqt:session:object-router] Looking up subscription by trackAlias {lookupAlias: '0', found: true, knownAliases: Array(1)}
logger.js:357 07:38:04.510 [INFO] [moqt:session:object-router] Delivering object {subscriptionId: 2, groupId: 1812372265, objectId: 100, dataSize: 8518}
logger.js:357 07:38:04.541 [INFO] [moqt:session:object-router] Stream read chunk {readNumber: 392, chunkSize: 5043, totalBytesReceived: 838071, done: false, firstBytes: '00 53 b0 01 42 24 01 04 82 30 c8 28 53 a5 00 00'}
logger.js:357 07:38:04.541 [DEBUG] [moqt:session:object-router] Looking up subscription by trackAlias {lookupAlias: '0', found: true, knownAliases: Array(1)}
logger.js:357 07:38:04.541 [INFO] [moqt:session:object-router] Delivering object {subscriptionId: 2, groupId: 1812372265, objectId: 101, dataSize: 5040}
logger.js:357 07:38:04.582 [INFO] [moqt:session:object-router] Stream read chunk {readNumber: 393, chunkSize: 2436, totalBytesReceived: 840507, done: false, firstBytes: '00 61 05 01 42 25 01 04 82 31 71 b0 60 fa 00 00'}
logger.js:357 07:38:04.584 [INFO] [moqt:session:object-router] Stream read chunk {readNumber: 394, chunkSize: 6020, totalBytesReceived: 846527, done: false, firstBytes: 'fe 7f 3b e7 27 3b e7 f3 93 9f ce f9 fc fe 7f 3f'}
logger.js:357 07:38:04.584 [DEBUG] [moqt:session:object-router] Looking up subscription by trackAlias {lookupAlias: '0', found: true, knownAliases: Array(1)}
logger.js:357 07:38:04.584 [INFO] [moqt:session:object-router] Delivering object {subscriptionId: 2, groupId: 1812372265, objectId: 102, dataSize: 8453}
logger.js:357 07:38:04.608 [INFO] [moqt:session:object-router] Stream read chunk {readNumber: 395, chunkSize: 6659, totalBytesReceived: 853186, done: false, firstBytes: '00 65 43 01 42 26 01 04 82 31 d3 58 65 38 00 00'}
logger.js:357 07:38:04.612 [INFO] [moqt:session:object-router] Stream read chunk {readNumber: 396, chunkSize: 1176, totalBytesReceived: 854362, done: false, firstBytes: '71 8e ed 8a de 23 cf e7 f1 7e f9 d7 3a e7 5c fe'}
logger.js:357 07:38:04.613 [INFO] [moqt:session:object-router] Stream read chunk {readNumber: 397, chunkSize: 1707, totalBytesReceived: 856069, done: false, firstBytes: '3f 9d 5e 21 71 0b 9d 5e 21 71 0a f1 0b 89 f3 93'}
logger.js:357 07:38:04.613 [DEBUG] [moqt:session:object-router] Looking up subscription by trackAlias {lookupAlias: '0', found: true, knownAliases: Array(1)}
logger.js:357 07:38:04.613 [INFO] [moqt:session:object-router] Delivering object {subscriptionId: 2, groupId: 1812372265, objectId: 103, dataSize: 9539}
logger.js:357 07:38:04.632 [INFO] [moqt:session:object-router] Stream read chunk {readNumber: 398, chunkSize: 1176, totalBytesReceived: 857245, done: false, firstBytes: '00 60 f7 01 42 27 01 04 82 32 3b 40 60 ec 00 00'}
logger.js:357 07:38:04.633 [INFO] [moqt:session:object-router] Stream read chunk {readNumber: 399, chunkSize: 1260, totalBytesReceived: 858505, done: false, firstBytes: 'fd 5b ea d9 d6 16 3e e6 3b c5 9d fc 0d b1 1f ea'}
logger.js:357 07:38:04.638 [INFO] [moqt:session:object-router] Stream read chunk {readNumber: 400, chunkSize: 1218, totalBytesReceived: 859723, done: false, firstBytes: '87 cf e7 f3 f9 fc fe 27 c5 2f d6 b3 be 7f eb 59'}
logger.js:357 07:38:04.641 [INFO] [moqt:session:object-router] Stream read chunk {readNumber: 401, chunkSize: 1218, totalBytesReceived: 860941, done: false, firstBytes: 'e7 f3 f9 fc ef 9f cf e7 f3 f9 f7 9f cf e7 f1 7d'}
logger.js:357 07:38:04.643 [INFO] [moqt:session:object-router] Stream read chunk {readNumber: 402, chunkSize: 2436, totalBytesReceived: 863377, done: false, firstBytes: '39 df 3b e7 f3 93 39 df 3f 9f ce af 3a e7 7c fe'}
logger.js:357 07:38:04.644 [INFO] [moqt:session:object-router] Stream read chunk {readNumber: 403, chunkSize: 1134, totalBytesReceived: 864511, done: false, firstBytes: 'c8 22 a5 df 82 c0 7e b7 e6 02 9a d6 7f ea ff 57'}
logger.js:357 07:38:04.645 [DEBUG] [moqt:session:object-router] Looking up subscription by trackAlias {lookupAlias: '0', found: true, knownAliases: Array(1)}
logger.js:357 07:38:04.645 [INFO] [moqt:session:object-router] Delivering object {subscriptionId: 2, groupId: 1812372265, objectId: 104, dataSize: 8439}
logger.js:357 07:38:04.667 [INFO] [moqt:session:object-router] Stream read chunk {readNumber: 404, chunkSize: 1218, totalBytesReceived: 865729, done: false, firstBytes: '00 63 9b 01 42 28 01 04 82 32 c6 50 63 90 00 00'}
logger.js:357 07:38:04.669 [INFO] [moqt:session:object-router] Stream read chunk {readNumber: 405, chunkSize: 1218, totalBytesReceived: 866947, done: false, firstBytes: 'e2 3c 43 e2 3c 43 e2 3c 47 9f c5 2e 21 f3 f9 fc'}
logger.js:357 07:38:04.670 [INFO] [moqt:session:object-router] Stream read chunk {readNumber: 406, chunkSize: 1176, totalBytesReceived: 868123, done: false, firstBytes: 'f9 c9 ce f9 fc fe 7f 3f 9d f3 f9 fc fe 7f 3f 88'}
logger.js:357 07:38:04.670 [INFO] [moqt:session:object-router] Stream read chunk {readNumber: 407, chunkSize: 1260, totalBytesReceived: 869383, done: false, firstBytes: '71 6b ac eb 9d 73 ae 7f 3a e7 27 10 b8 85 c4 f8'}
logger.js:357 07:38:04.683 [INFO] [moqt:session:object-router] Stream read chunk {readNumber: 408, chunkSize: 1218, totalBytesReceived: 870601, done: false, firstBytes: '9d f3 f9 fc 43 e2 89 0e 95 a8 be f9 c9 ce 4e 75'}
logger.js:357 07:38:04.685 [INFO] [moqt:session:object-router] Stream read chunk {readNumber: 409, chunkSize: 3028, totalBytesReceived: 873629, done: false, firstBytes: 'f9 fc fe 75 ce b8 d5 d6 7f 3f 8a 7c fe 7f 3f 9f'}
logger.js:357 07:38:04.685 [DEBUG] [moqt:session:object-router] Looking up subscription by trackAlias {lookupAlias: '0', found: true, knownAliases: Array(1)}
logger.js:357 07:38:04.685 [INFO] [moqt:session:object-router] Delivering object {subscriptionId: 2, groupId: 1812372265, objectId: 105, dataSize: 9115}
logger.js:357 07:38:04.704 [INFO] [moqt:session:object-router] Stream read chunk {readNumber: 410, chunkSize: 2436, totalBytesReceived: 876065, done: false, firstBytes: '00 5a 45 01 42 29 01 04 82 33 49 2c 5a 3a 00 00'}
logger.js:357 07:38:04.705 [INFO] [moqt:session:object-router] Stream read chunk {readNumber: 411, chunkSize: 2436, totalBytesReceived: 878501, done: false, firstBytes: '2f 9f ce 4e 77 ce f9 df 3f 89 f3 ae 77 ce f8 a7'}
logger.js:357 07:38:04.707 [INFO] [moqt:session:object-router] Stream read chunk {readNumber: 412, chunkSize: 1856, totalBytesReceived: 880357, done: false, firstBytes: '8a f1 5e 2b c4 78 8f 14 f8 af ea f8 af 15 e7 7c'}
logger.js:357 07:38:04.707 [DEBUG] [moqt:session:object-router] Looking up subscription by trackAlias {lookupAlias: '0', found: true, knownAliases: Array(1)}
logger.js:357 07:38:04.707 [INFO] [moqt:session:object-router] Delivering object {subscriptionId: 2, groupId: 1812372265, objectId: 106, dataSize: 6725}
logger.js:357 07:38:04.736 [INFO] [moqt:session:object-router] Stream read chunk {readNumber: 413, chunkSize: 2394, totalBytesReceived: 882751, done: false, firstBytes: '00 58 d1 01 42 2a 01 04 82 33 cf 28 58 c6 00 00'}
logger.js:357 07:38:04.737 [INFO] [moqt:session:object-router] Stream read chunk {readNumber: 414, chunkSize: 1260, totalBytesReceived: 884011, done: false, firstBytes: 'ae 75 ce 4e 75 cf e7 25 62 bc 5f ac fe 25 f1 2b'}
logger.js:357 07:38:04.741 [INFO] [moqt:session:object-router] Stream read chunk {readNumber: 415, chunkSize: 2702, totalBytesReceived: 886713, done: false, firstBytes: '23 c4 ae 75 ce 4e 75 c5 aa be 21 71 0b 88 27 14'}
logger.js:357 07:38:04.741 [DEBUG] [moqt:session:object-router] Looking up subscription by trackAlias {lookupAlias: '0', found: true, knownAliases: Array(1)}
logger.js:357 07:38:04.741 [INFO] [moqt:session:object-router] Delivering object {subscriptionId: 2, groupId: 1812372265, objectId: 107, dataSize: 6353}
logger.js:357 07:38:04.769 [INFO] [moqt:session:object-router] Stream read chunk {readNumber: 416, chunkSize: 1218, totalBytesReceived: 887931, done: false, firstBytes: '00 62 6f 01 42 2b 01 04 82 34 57 18 62 64 00 00'}
logger.js:357 07:38:04.773 [INFO] [moqt:session:object-router] Stream read chunk {readNumber: 417, chunkSize: 2436, totalBytesReceived: 890367, done: false, firstBytes: '3b df 56 fa b7 d5 a0 c7 e7 f1 1e 23 c4 79 fc fe'}
logger.js:357 07:38:04.774 [INFO] [moqt:session:object-router] Stream read chunk {readNumber: 418, chunkSize: 1218, totalBytesReceived: 891585, done: false, firstBytes: 'e2 de f9 d7 3a e7 f1 1e 20 9c 47 8a 7c 53 a7 3e'}
logger.js:357 07:38:04.775 [INFO] [moqt:session:object-router] Stream read chunk {readNumber: 419, chunkSize: 1176, totalBytesReceived: 892761, done: false, firstBytes: '7f 3f 9d 73 ab ce a2 b8 a5 15 c5 13 8a 27 11 e2'}
logger.js:357 07:38:04.777 [INFO] [moqt:session:object-router] Stream read chunk {readNumber: 420, chunkSize: 1260, totalBytesReceived: 894021, done: false, firstBytes: 'f1 1e 29 f1 3e 77 cf e2 bc ef 9f cf e7 f3 f9 df'}
logger.js:357 07:38:04.778 [INFO] [moqt:session:object-router] Stream read chunk {readNumber: 421, chunkSize: 1510, totalBytesReceived: 895531, done: false, firstBytes: '1e 20 9c 47 88 f1 1e 7f 3f 9f cf bc 47 9f ce b9'}
logger.js:357 07:38:04.778 [DEBUG] [moqt:session:object-router] Looking up subscription by trackAlias {lookupAlias: '0', found: true, knownAliases: Array(1)}
logger.js:357 07:38:04.778 [INFO] [moqt:session:object-router] Delivering object {subscriptionId: 2, groupId: 1812372265, objectId: 108, dataSize: 8815}
logger.js:357 07:38:04.799 [INFO] [moqt:session:object-router] Stream read chunk {readNumber: 422, chunkSize: 1218, totalBytesReceived: 896749, done: false, firstBytes: '00 5e 3f 01 42 2c 01 04 82 34 ce 3c 5e 34 00 00'}
logger.js:357 07:38:04.807 [INFO] [moqt:session:object-router] Stream read chunk {readNumber: 423, chunkSize: 4872, totalBytesReceived: 901621, done: false, firstBytes: 'fc fb cf cb d5 e1 d3 f1 e7 78 9f f5 53 1f ce f9'}
logger.js:357 07:38:04.808 [INFO] [moqt:session:object-router] Stream read chunk {readNumber: 424, chunkSize: 1218, totalBytesReceived: 902839, done: false, firstBytes: 'f8 8f 3f 9d f1 6b ec eb 9f ce f9 fc fe 77 cf e7'}
logger.js:357 07:38:04.810 [INFO] [moqt:session:object-router] Stream read chunk {readNumber: 425, chunkSize: 438, totalBytesReceived: 903277, done: false, firstBytes: '88 f3 b8 ae 7f 3e e4 39 39 d4 cc 4e eb 11 e7 d7'}
logger.js:357 07:38:04.810 [DEBUG] [moqt:session:object-router] Looking up subscription by trackAlias {lookupAlias: '0', found: true, knownAliases: Array(1)}
logger.js:357 07:38:04.810 [INFO] [moqt:session:object-router] Delivering object {subscriptionId: 2, groupId: 1812372265, objectId: 109, dataSize: 7743}
logger.js:357 07:38:04.836 [INFO] [moqt:session:object-router] Stream read chunk {readNumber: 426, chunkSize: 1218, totalBytesReceived: 904495, done: false, firstBytes: '00 62 17 01 42 2d 01 04 82 35 55 64 62 0c 00 00'}
logger.js:357 07:38:04.840 [INFO] [moqt:session:object-router] Stream read chunk {readNumber: 427, chunkSize: 1176, totalBytesReceived: 905671, done: false, firstBytes: '11 e7 de 23 78 8d e7 f3 f9 fc fe 77 cf e2 3c fb'}
logger.js:357 07:38:04.842 [INFO] [moqt:session:object-router] Stream read chunk {readNumber: 428, chunkSize: 3696, totalBytesReceived: 909367, done: false, firstBytes: '9f ce f9 fc ef 9f 79 fc e4 e7 7c e4 e7 25 e2 1f'}
logger.js:357 07:38:04.845 [INFO] [moqt:session:object-router] Stream read chunk {readNumber: 429, chunkSize: 2640, totalBytesReceived: 912007, done: false, firstBytes: 'be 7d e2 3c 47 9f cf e7 f1 5e 2b cf e7 7c fe 7f'}
logger.js:357 07:38:04.845 [DEBUG] [moqt:session:object-router] Looking up subscription by trackAlias {lookupAlias: '0', found: true, knownAliases: Array(1)}
logger.js:357 07:38:04.845 [INFO] [moqt:session:object-router] Delivering object {subscriptionId: 2, groupId: 1812372265, objectId: 110, dataSize: 8727}
logger.js:357 07:38:04.866 [INFO] [moqt:session:object-router] Stream read chunk {readNumber: 430, chunkSize: 1176, totalBytesReceived: 913183, done: false, firstBytes: '00 60 a5 01 42 2e 01 04 82 35 d1 38 60 9a 00 00'}
logger.js:357 07:38:04.868 [INFO] [moqt:session:object-router] Stream read chunk {readNumber: 431, chunkSize: 1260, totalBytesReceived: 914443, done: false, firstBytes: '7d e2 5f 15 e2 17 10 f8 8f 3f 9d f3 be 27 c4 3e'}
logger.js:357 07:38:04.869 [INFO] [moqt:session:object-router] Stream read chunk {readNumber: 432, chunkSize: 1218, totalBytesReceived: 915661, done: false, firstBytes: 'eb 9d 71 6f ac 42 e7 5c e4 e2 3c 49 39 d7 3f 88'}
logger.js:357 07:38:04.877 [INFO] [moqt:session:object-router] Stream read chunk {readNumber: 433, chunkSize: 2436, totalBytesReceived: 918097, done: false, firstBytes: 'e3 16 f8 85 90 fc 29 f1 7d f3 ae 75 59 fc fe 21'}
logger.js:357 07:38:04.878 [INFO] [moqt:session:object-router] Stream read chunk {readNumber: 434, chunkSize: 2270, totalBytesReceived: 920367, done: false, firstBytes: '4e 7f 14 4e 75 7f 5e fa f7 d7 b3 f4 2b fa bc 7c'}
logger.js:357 07:38:04.878 [DEBUG] [moqt:session:object-router] Looking up subscription by trackAlias {lookupAlias: '0', found: true, knownAliases: Array(1)}
logger.js:357 07:38:04.878 [INFO] [moqt:session:object-router] Delivering object {subscriptionId: 2, groupId: 1812372265, objectId: 111, dataSize: 8357}
logger.js:357 07:38:04.905 [INFO] [moqt:session:object-router] Stream read chunk {readNumber: 435, chunkSize: 1218, totalBytesReceived: 921585, done: false, firstBytes: '00 56 46 01 42 2f 01 04 82 36 5b 1c 56 3b 00 00'}
logger.js:357 07:38:04.910 [INFO] [moqt:session:object-router] Stream read chunk {readNumber: 436, chunkSize: 4487, totalBytesReceived: 926072, done: false, firstBytes: '57 8a 27 3b e7 f3 f9 fc fe 77 ce af 10 4e 7f 3f'}
logger.js:357 07:38:04.910 [DEBUG] [moqt:session:object-router] Looking up subscription by trackAlias {lookupAlias: '0', found: true, knownAliases: Array(1)}
logger.js:357 07:38:04.910 [INFO] [moqt:session:object-router] Delivering object {subscriptionId: 2, groupId: 1812372265, objectId: 112, dataSize: 5702}
logger.js:357 07:38:04.941 [INFO] [moqt:session:object-router] Stream read chunk {readNumber: 437, chunkSize: 2352, totalBytesReceived: 928424, done: false, firstBytes: '00 5a 2d 01 42 30 01 04 82 36 da 74 5a 22 00 00'}
logger.js:357 07:38:04.942 [INFO] [moqt:session:object-router] Stream read chunk {readNumber: 438, chunkSize: 4352, totalBytesReceived: 932776, done: false, firstBytes: 'c5 79 d7 11 e2 bc 57 9d f1 0b 8a 7c fe 23 cf e7'}
logger.js:357 07:38:04.942 [DEBUG] [moqt:session:object-router] Looking up subscription by trackAlias {lookupAlias: '0', found: true, knownAliases: Array(1)}
logger.js:357 07:38:04.942 [INFO] [moqt:session:object-router] Delivering object {subscriptionId: 2, groupId: 1812372265, objectId: 113, dataSize: 6701}
logger.js:357 07:38:04.997 [INFO] [moqt:session:object-router] Stream read chunk {readNumber: 439, chunkSize: 6006, totalBytesReceived: 938782, done: false, firstBytes: '00 60 db 01 42 31 01 04 82 37 c2 e0 60 d0 00 00'}
logger.js:357 07:38:04.997 [INFO] [moqt:session:object-router] Stream read chunk {readNumber: 440, chunkSize: 84, totalBytesReceived: 938866, done: false, firstBytes: '9d f3 f9 fc fb cf bc fe 77 cf bc 5f 7c eb 9c 9c'}
logger.js:357 07:38:05.001 [INFO] [moqt:session:object-router] Stream read chunk {readNumber: 441, chunkSize: 3542, totalBytesReceived: 942408, done: false, firstBytes: 'e7 7c 5b df 3a e7 27 39 38 85 c5 3d 1d 62 06 2a'}
logger.js:357 07:38:05.001 [DEBUG] [moqt:session:object-router] Looking up subscription by trackAlias {lookupAlias: '0', found: true, knownAliases: Array(1)}
logger.js:357 07:38:05.001 [INFO] [moqt:session:object-router] Delivering object {subscriptionId: 2, groupId: 1812372265, objectId: 114, dataSize: 8411}
logger.js:357 07:38:05.005 [INFO] [moqt:session:object-router] Stream read chunk {readNumber: 442, chunkSize: 4872, totalBytesReceived: 947280, done: false, firstBytes: 'cf e2 f7 6c e4 e7 f3 ae 75 ce b9 d7 15 e7 5c ef'}
logger.js:357 07:38:05.007 [INFO] [moqt:session:object-router] Stream read chunk {readNumber: 443, chunkSize: 2262, totalBytesReceived: 949542, done: false, firstBytes: '9f c4 2e 28 9c eb 21 f9 45 3e 75 ce b9 ff af b3'}
logger.js:357 07:38:05.007 [DEBUG] [moqt:session:object-router] Looking up subscription by trackAlias {lookupAlias: '0', found: true, knownAliases: Array(1)}
logger.js:357 07:38:05.007 [INFO] [moqt:session:object-router] Delivering object {subscriptionId: 2, groupId: 1812372265, objectId: 115, dataSize: 8349}
logger.js:357 07:38:05.032 [INFO] [moqt:session:object-router] Stream read chunk {readNumber: 444, chunkSize: 1218, totalBytesReceived: 950760, done: false, firstBytes: '00 5f fa 01 42 33 01 04 82 38 55 c0 5f ef 00 00'}
logger.js:357 07:38:05.038 [INFO] [moqt:session:object-router] Stream read chunk {readNumber: 445, chunkSize: 2436, totalBytesReceived: 953196, done: false, firstBytes: '14 f9 fc fe 7f 39 2f 11 bc 51 38 8f 3f 9c 9c eb'}
logger.js:357 07:38:05.039 [INFO] [moqt:session:object-router] Stream read chunk {readNumber: 446, chunkSize: 3612, totalBytesReceived: 956808, done: false, firstBytes: 'af 15 e2 bc 42 e2 bc ef 9d 71 0b 8a 5c eb 47 7c'}
logger.js:357 07:38:05.041 [INFO] [moqt:session:object-router] Stream read chunk {readNumber: 447, chunkSize: 923, totalBytesReceived: 957731, done: false, firstBytes: '3f 9f cf e7 f3 f9 df 3f 9d f3 93 9d f3 ae 75 c4'}
logger.js:357 07:38:05.041 [DEBUG] [moqt:session:object-router] Looking up subscription by trackAlias {lookupAlias: '0', found: true, knownAliases: Array(1)}
logger.js:357 07:38:05.041 [INFO] [moqt:session:object-router] Delivering object {subscriptionId: 2, groupId: 1812372265, objectId: 116, dataSize: 8186}
logger.js:357 07:38:05.068 [INFO] [moqt:session:object-router] Stream read chunk {readNumber: 448, chunkSize: 1218, totalBytesReceived: 958949, done: false, firstBytes: '00 63 0e 01 42 34 01 04 82 38 e2 60 63 03 00 00'}
logger.js:357 07:38:05.074 [INFO] [moqt:session:object-router] Stream read chunk {readNumber: 449, chunkSize: 3612, totalBytesReceived: 962561, done: false, firstBytes: 'd7 3a cc 7e 8e b0 6d f3 f9 fc 59 3a ce b9 c9 ce'}
logger.js:357 07:38:05.076 [INFO] [moqt:session:object-router] Stream read chunk {readNumber: 450, chunkSize: 4147, totalBytesReceived: 966708, done: false, firstBytes: 'fe 7f 3f 88 f3 f9 fc ef 9f cf e7 f3 f9 d7 3a e7'}
logger.js:357 07:38:05.076 [DEBUG] [moqt:session:object-router] Looking up subscription by trackAlias {lookupAlias: '0', found: true, knownAliases: Array(1)}
logger.js:357 07:38:05.076 [INFO] [moqt:session:object-router] Delivering object {subscriptionId: 2, groupId: 1812372265, objectId: 117, dataSize: 8974}
logger.js:357 07:38:05.102 [INFO] [moqt:session:object-router] Stream read chunk {readNumber: 451, chunkSize: 1218, totalBytesReceived: 967926, done: false, firstBytes: '00 59 f8 01 42 35 01 04 82 39 65 a0 59 ed 00 00'}
logger.js:357 07:38:05.105 [INFO] [moqt:session:object-router] Stream read chunk {readNumber: 452, chunkSize: 1218, totalBytesReceived: 969144, done: false, firstBytes: 'fc ff d5 f1 2b 88 5c eb 9d f3 f9 fc fc 1a fc fe'}
logger.js:357 07:38:05.105 [INFO] [moqt:session:object-router] Stream read chunk {readNumber: 453, chunkSize: 1218, totalBytesReceived: 970362, done: false, firstBytes: 'c4 78 8f 10 f8 8f 11 e2 7c fe 7f 3b e7 f3 f9 fc'}
logger.js:357 07:38:05.109 [INFO] [moqt:session:object-router] Stream read chunk {readNumber: 454, chunkSize: 2436, totalBytesReceived: 972798, done: false, firstBytes: 'e7 f3 be 23 ce ed ce f9 fc ef 9f ce f9 fc fe 77'}
logger.js:357 07:38:05.113 [INFO] [moqt:session:object-router] Stream read chunk {readNumber: 455, chunkSize: 561, totalBytesReceived: 973359, done: false, firstBytes: '3b e7 f3 be 77 93 93 5c dd 7b 87 be 33 87 f1 27'}
logger.js:357 07:38:05.113 [DEBUG] [moqt:session:object-router] Looking up subscription by trackAlias {lookupAlias: '0', found: true, knownAliases: Array(1)}
logger.js:357 07:38:05.113 [INFO] [moqt:session:object-router] Delivering object {subscriptionId: 2, groupId: 1812372265, objectId: 118, dataSize: 6648}
logger.js:357 07:38:05.136 [INFO] [moqt:session:object-router] Stream read chunk {readNumber: 456, chunkSize: 1218, totalBytesReceived: 974577, done: false, firstBytes: '00 52 83 01 42 36 01 04 82 39 ec c8 52 78 00 00'}
logger.js:357 07:38:05.139 [INFO] [moqt:session:object-router] Stream read chunk {readNumber: 457, chunkSize: 2436, totalBytesReceived: 977013, done: false, firstBytes: '29 f1 1e 21 f3 f9 fc 47 89 e2 8f b9 4e f2 1f 89'}
logger.js:357 07:38:05.140 [INFO] [moqt:session:object-router] Stream read chunk {readNumber: 458, chunkSize: 1088, totalBytesReceived: 978101, done: false, firstBytes: '8e f0 24 59 dd e2 16 fa b7 20 6b 3e b1 04 c2 27'}
logger.js:357 07:38:05.140 [DEBUG] [moqt:session:object-router] Looking up subscription by trackAlias {lookupAlias: '0', found: true, knownAliases: Array(1)}
logger.js:357 07:38:05.140 [INFO] [moqt:session:object-router] Delivering object {subscriptionId: 2, groupId: 1812372265, objectId: 119, dataSize: 4739}
logger.js:357 07:38:05.168 [INFO] [moqt:session:object-router] Stream read chunk {readNumber: 459, chunkSize: 2436, totalBytesReceived: 980537, done: false, firstBytes: '00 5a 63 01 42 37 01 04 82 3a 63 88 5a 58 00 00'}
logger.js:357 07:38:05.169 [INFO] [moqt:session:object-router] Stream read chunk {readNumber: 460, chunkSize: 1176, totalBytesReceived: 981713, done: false, firstBytes: '9f ce f9 fc fe 7f 3f 9c 9c eb 9d 73 be 7e 8e 4b'}
logger.js:357 07:38:05.170 [INFO] [moqt:session:object-router] Stream read chunk {readNumber: 461, chunkSize: 42, totalBytesReceived: 981755, done: false, firstBytes: '3b e7 7c fe 7f 3f 9f ce f9 fc eb 8a 27 3b e7 f1'}
logger.js:357 07:38:05.172 [INFO] [moqt:session:object-router] Stream read chunk {readNumber: 462, chunkSize: 1176, totalBytesReceived: 982931, done: false, firstBytes: '8f 11 c8 7f 3f 14 75 ce b5 3e 63 f1 98 3e f0 3b'}
logger.js:357 07:38:05.174 [INFO] [moqt:session:object-router] Stream read chunk {readNumber: 463, chunkSize: 1928, totalBytesReceived: 984859, done: false, firstBytes: '39 d7 3a e7 7c fb cf e7 f3 f9 fc ee f3 f9 f7 88'}
logger.js:357 07:38:05.174 [DEBUG] [moqt:session:object-router] Looking up subscription by trackAlias {lookupAlias: '0', found: true, knownAliases: Array(1)}
logger.js:357 07:38:05.174 [INFO] [moqt:session:object-router] Delivering object {subscriptionId: 2, groupId: 1812372265, objectId: 120, dataSize: 6755}
logger.js:357 07:38:05.208 [INFO] [moqt:session:object-router] Stream read chunk {readNumber: 464, chunkSize: 1218, totalBytesReceived: 986077, done: false, firstBytes: '00 5e 7f 01 42 38 01 04 82 3a ec a4 5e 74 00 00'}
logger.js:357 07:38:05.211 [INFO] [moqt:session:object-router] Stream read chunk {readNumber: 465, chunkSize: 3654, totalBytesReceived: 989731, done: false, firstBytes: 'f9 fc fe 75 ce f8 bf d8 85 c4 78 87 cf e7 f3 f9'}
logger.js:357 07:38:05.211 [INFO] [moqt:session:object-router] Stream read chunk {readNumber: 466, chunkSize: 2938, totalBytesReceived: 992669, done: false, firstBytes: '1f 15 e7 f3 f9 fc fe 7f 3b e2 17 15 e7 27 39 39'}
logger.js:357 07:38:05.211 [DEBUG] [moqt:session:object-router] Looking up subscription by trackAlias {lookupAlias: '0', found: true, knownAliases: Array(1)}
logger.js:357 07:38:05.211 [INFO] [moqt:session:object-router] Delivering object {subscriptionId: 2, groupId: 1812372265, objectId: 121, dataSize: 7807}
logger.js:357 07:38:05.237 [INFO] [moqt:session:object-router] Stream read chunk {readNumber: 467, chunkSize: 1218, totalBytesReceived: 993887, done: false, firstBytes: '00 5f 86 01 42 39 01 04 82 3b 6a d0 5f 7b 00 00'}
logger.js:357 07:38:05.238 [INFO] [moqt:session:object-router] Stream read chunk {readNumber: 468, chunkSize: 2352, totalBytesReceived: 996239, done: false, firstBytes: 'f5 ea 3b d1 fc fe 7f 3b e7 f3 f9 fc fe 7f 3f 47'}
logger.js:357 07:38:05.238 [INFO] [moqt:session:object-router] Stream read chunk {readNumber: 469, chunkSize: 1302, totalBytesReceived: 997541, done: false, firstBytes: 'd5 f3 93 9f c4 6b 14 e2 9c 46 2f 11 ac 51 2b 18'}
logger.js:357 07:38:05.240 [INFO] [moqt:session:object-router] Stream read chunk {readNumber: 470, chunkSize: 1218, totalBytesReceived: 998759, done: false, firstBytes: '77 bf 9f c4 79 fc 47 89 7c ef 88 f1 19 b2 2b 13'}
logger.js:357 07:38:05.244 [DEBUG] [moqt:media:video-decoder] Video decode stats {instanceId: 1, framesDecoded: 480, width: 1920, height: 1080}
logger.js:357 07:38:05.244 [INFO] [moqt:session:object-router] Stream read chunk {readNumber: 471, chunkSize: 1218, totalBytesReceived: 999977, done: false, firstBytes: '72 5e 21 f1 04 e2 89 6e 7f 39 39 d7 10 f3 8a 27'}
logger.js:357 07:38:05.248 [INFO] [moqt:session:object-router] Stream read chunk {readNumber: 472, chunkSize: 765, totalBytesReceived: 1000742, done: false, firstBytes: 'ef 9d 73 ef 10 f9 fc e4 d1 d6 a0 eb 9d fc 04 ce'}
logger.js:357 07:38:05.248 [DEBUG] [moqt:session:object-router] Looking up subscription by trackAlias {lookupAlias: '0', found: true, knownAliases: Array(1)}
logger.js:357 07:38:05.248 [INFO] [moqt:session:object-router] Delivering object {subscriptionId: 2, groupId: 1812372265, objectId: 122, dataSize: 8070}
logger.js:357 07:38:05.270 [INFO] [moqt:session:object-router] Stream read chunk {readNumber: 473, chunkSize: 1218, totalBytesReceived: 1001960, done: false, firstBytes: '00 5f 2f 01 42 3a 01 04 82 3b ef 3c 5f 24 00 00'}
logger.js:357 07:38:05.271 [INFO] [moqt:session:object-router] Stream read chunk {readNumber: 474, chunkSize: 1176, totalBytesReceived: 1003136, done: false, firstBytes: 'ce f9 f7 88 f1 1e 7f 15 e7 f3 f9 f7 9f 79 fc e4'}
logger.js:357 07:38:05.274 [INFO] [moqt:session:object-router] Stream read chunk {readNumber: 475, chunkSize: 3696, totalBytesReceived: 1006832, done: false, firstBytes: 'f9 d7 3e b3 ae 72 7e ad 9d f3 f9 fc 4b e2 7c e4'}
logger.js:357 07:38:05.277 [INFO] [moqt:session:object-router] Stream read chunk {readNumber: 476, chunkSize: 1896, totalBytesReceived: 1008728, done: false, firstBytes: '71 0f 9d 73 ae 7f 3f 9c 9c fe 77 cf e7 f3 f9 fc'}
logger.js:357 07:38:05.277 [DEBUG] [moqt:session:object-router] Looking up subscription by trackAlias {lookupAlias: '0', found: true, knownAliases: Array(1)}
logger.js:357 07:38:05.277 [INFO] [moqt:session:object-router] Delivering object {subscriptionId: 2, groupId: 1812372265, objectId: 123, dataSize: 7983}
logger.js:357 07:38:05.298 [INFO] [moqt:session:object-router] Stream read chunk {readNumber: 477, chunkSize: 1218, totalBytesReceived: 1009946, done: false, firstBytes: '00 60 08 01 42 3b 01 04 82 3c 6d 04 5f fd 00 00'}
logger.js:357 07:38:05.306 [INFO] [moqt:session:object-router] Stream read chunk {readNumber: 478, chunkSize: 2436, totalBytesReceived: 1012382, done: false, firstBytes: '87 cf bc 47 88 f3 f9 f7 88 f3 ef 11 e2 37 88 f1'}
logger.js:357 07:38:05.310 [INFO] [moqt:session:object-router] Stream read chunk {readNumber: 479, chunkSize: 3654, totalBytesReceived: 1016036, done: false, firstBytes: '5f 5a fa d6 21 7e b5 f5 aa 14 f8 a2 71 44 e2 1f'}
logger.js:357 07:38:05.311 [INFO] [moqt:session:object-router] Stream read chunk {readNumber: 480, chunkSize: 895, totalBytesReceived: 1016931, done: false, firstBytes: '7d 3e 1e 75 d7 06 fc fe 2f d6 72 73 ae 7f 39 39'}
logger.js:357 07:38:05.311 [DEBUG] [moqt:session:object-router] Looking up subscription by trackAlias {lookupAlias: '0', found: true, knownAliases: Array(1)}
logger.js:357 07:38:05.311 [INFO] [moqt:session:object-router] Delivering object {subscriptionId: 2, groupId: 1812372265, objectId: 124, dataSize: 8200}
logger.js:357 07:38:05.336 [INFO] [moqt:session:object-router] Stream read chunk {readNumber: 481, chunkSize: 1218, totalBytesReceived: 1018149, done: false, firstBytes: '00 5a f2 01 42 3c 01 04 82 3c f2 38 5a e7 00 00'}
logger.js:357 07:38:05.338 [INFO] [moqt:session:object-router] Stream read chunk {readNumber: 482, chunkSize: 1176, totalBytesReceived: 1019325, done: false, firstBytes: '2e 72 60 9c fc 59 de 37 e7 f3 f9 df 3b e2 1f 3f'}
logger.js:357 07:38:05.339 [INFO] [moqt:session:object-router] Stream read chunk {readNumber: 483, chunkSize: 1260, totalBytesReceived: 1020585, done: false, firstBytes: '57 ae bd 7d 5e 30 fe 7e 34 ef 9f 8c 3a c2 07 58'}
logger.js:357 07:38:05.339 [INFO] [moqt:session:object-router] Stream read chunk {readNumber: 484, chunkSize: 1218, totalBytesReceived: 1021803, done: false, firstBytes: 'f3 bf d5 e4 8f fd 6b 1b bb f3 e7 e6 f7 5c 97 e8'}
logger.js:357 07:38:05.340 [INFO] [moqt:session:object-router] Stream read chunk {readNumber: 485, chunkSize: 2029, totalBytesReceived: 1023832, done: false, firstBytes: 'ac ef 9f ce f9 fc fb cf e7 7c fb c5 6f 3b bc 5f'}
logger.js:357 07:38:05.340 [DEBUG] [moqt:session:object-router] Looking up subscription by trackAlias {lookupAlias: '0', found: true, knownAliases: Array(1)}
logger.js:357 07:38:05.340 [INFO] [moqt:session:object-router] Delivering object {subscriptionId: 2, groupId: 1812372265, objectId: 125, dataSize: 6898}
logger.js:357 07:38:05.375 [INFO] [moqt:session:object-router] Stream read chunk {readNumber: 486, chunkSize: 3612, totalBytesReceived: 1027444, done: false, firstBytes: '00 53 dd 01 42 3d 01 04 82 3d 77 d0 53 d2 00 00'}
logger.js:357 07:38:05.376 [INFO] [moqt:session:object-router] Stream read chunk {readNumber: 487, chunkSize: 1476, totalBytesReceived: 1028920, done: false, firstBytes: 'e0 e0 46 fb bf 86 c0 90 22 e7 cd ae 3c 4f c0 be'}
logger.js:357 07:38:05.376 [DEBUG] [moqt:session:object-router] Looking up subscription by trackAlias {lookupAlias: '0', found: true, knownAliases: Array(1)}
logger.js:357 07:38:05.376 [INFO] [moqt:session:object-router] Delivering object {subscriptionId: 2, groupId: 1812372265, objectId: 126, dataSize: 5085}
logger.js:357 07:38:05.401 [INFO] [moqt:session:object-router] Stream read chunk {readNumber: 488, chunkSize: 2436, totalBytesReceived: 1031356, done: false, firstBytes: '00 58 0d 01 42 3e 01 04 82 3d f5 98 58 02 00 00'}
logger.js:357 07:38:05.407 [INFO] [moqt:session:object-router] Stream read chunk {readNumber: 489, chunkSize: 1218, totalBytesReceived: 1032574, done: false, firstBytes: '78 af 11 e2 3c 57 8a f1 1e 2b ce 4e 21 73 ae 7f'}
logger.js:357 07:38:05.409 [INFO] [moqt:session:object-router] Stream read chunk {readNumber: 490, chunkSize: 2436, totalBytesReceived: 1035010, done: false, firstBytes: '13 d0 a5 54 7f 16 f7 be bd c3 60 f2 43 f1 53 6c'}
logger.js:357 07:38:05.411 [INFO] [moqt:session:object-router] Stream read chunk {readNumber: 491, chunkSize: 70, totalBytesReceived: 1035080, done: false, firstBytes: '3a b9 84 79 df 87 81 f2 f7 0f ec 52 e2 3e 0e cd'}
logger.js:357 07:38:05.411 [DEBUG] [moqt:session:object-router] Looking up subscription by trackAlias {lookupAlias: '0', found: true, knownAliases: Array(1)}
logger.js:357 07:38:05.412 [INFO] [moqt:session:object-router] Delivering object {subscriptionId: 2, groupId: 1812372265, objectId: 127, dataSize: 6157}
logger.js:357 07:38:05.436 [INFO] [moqt:session:object-router] Stream read chunk {readNumber: 492, chunkSize: 1218, totalBytesReceived: 1036298, done: false, firstBytes: '00 5f 59 01 42 3f 01 04 82 3e 80 44 5f 4e 00 00'}
logger.js:357 07:38:05.439 [INFO] [moqt:session:object-router] Stream read chunk {readNumber: 493, chunkSize: 3654, totalBytesReceived: 1039952, done: false, firstBytes: '10 f8 a2 71 1e 77 cf bc fe 7d e2 fb 67 27 3a e7'}
logger.js:357 07:38:05.441 [INFO] [moqt:session:object-router] Stream read chunk {readNumber: 494, chunkSize: 1218, totalBytesReceived: 1041170, done: false, firstBytes: 'ce ab 10 f9 fc fe 7f 3f 88 f1 0b 8c 5d 62 17 12'}
logger.js:357 07:38:05.443 [INFO] [moqt:session:object-router] Stream read chunk {readNumber: 495, chunkSize: 1218, totalBytesReceived: 1042388, done: false, firstBytes: 'e7 f1 1e 23 c4 ae 25 6b 03 5a f6 7d cc 7f 10 f1'}
logger.js:357 07:38:05.445 [INFO] [moqt:session:object-router] Stream read chunk {readNumber: 496, chunkSize: 720, totalBytesReceived: 1043108, done: false, firstBytes: 'ef e0 09 08 0c e2 eb fb e0 45 f0 1e 80 6b e0 09'}
logger.js:357 07:38:05.445 [DEBUG] [moqt:session:object-router] Looking up subscription by trackAlias {lookupAlias: '0', found: true, knownAliases: Array(1)}
logger.js:357 07:38:05.445 [INFO] [moqt:session:object-router] Delivering object {subscriptionId: 2, groupId: 1812372265, objectId: 128, dataSize: 8025}
logger.js:357 07:38:05.470 [INFO] [moqt:session:object-router] Stream read chunk {readNumber: 497, chunkSize: 1218, totalBytesReceived: 1044326, done: false, firstBytes: '00 61 2c 01 42 40 01 04 82 3e f9 5c 61 21 00 00'}
logger.js:357 07:38:05.471 [INFO] [moqt:session:object-router] Stream read chunk {readNumber: 498, chunkSize: 2436, totalBytesReceived: 1046762, done: false, firstBytes: 'ce f9 f7 9f 78 8f 10 f9 fc fe 7f 39 2f 39 39 dd'}
logger.js:357 07:38:05.472 [INFO] [moqt:session:object-router] Stream read chunk {readNumber: 499, chunkSize: 1218, totalBytesReceived: 1047980, done: false, firstBytes: 'fe 7f 3f 9c 9c fe 75 ce f9 fc eb 9f a1 1e 21 7c'}
logger.js:357 07:38:05.474 [INFO] [moqt:session:object-router] Stream read chunk {readNumber: 500, chunkSize: 596, totalBytesReceived: 1048576, done: false, firstBytes: 'b2 29 56 20 9c 51 22 f1 44 e2 9f 1d db 14 bf 57'}
logger.js:357 07:38:05.474 [INFO] [moqt:session:object-router] Stream read chunk {readNumber: 501, chunkSize: 1840, totalBytesReceived: 1050416, done: false, firstBytes: '0a 7c 53 bc 51 2f 3b e2 1f 19 ff 88 5c 26 e3 29'}
logger.js:357 07:38:05.475 [INFO] [moqt:session:object-router] Stream read chunk {readNumber: 502, chunkSize: 1187, totalBytesReceived: 1051603, done: false, firstBytes: '60 ab a0 d5 65 3f 7d 6a 84 3e 23 c5 72 0a 5c 42'}
logger.js:357 07:38:05.475 [DEBUG] [moqt:session:object-router] Looking up subscription by trackAlias {lookupAlias: '0', found: true, knownAliases: Array(1)}
logger.js:357 07:38:05.475 [INFO] [moqt:session:object-router] Delivering object {subscriptionId: 2, groupId: 1812372265, objectId: 129, dataSize: 8492}
logger.js:357 07:38:05.500 [INFO] [moqt:session:object-router] Stream read chunk {readNumber: 503, chunkSize: 1218, totalBytesReceived: 1052821, done: false, firstBytes: '00 59 dc 01 42 41 01 04 82 3f 7d c8 59 d1 00 00'}
logger.js:357 07:38:05.505 [INFO] [moqt:session:object-router] Stream read chunk {readNumber: 504, chunkSize: 1218, totalBytesReceived: 1054039, done: false, firstBytes: 'e7 3f 9f cf d1 c9 cf e7 5c eb 9c 9c fe 7f 3f 9c'}
logger.js:357 07:38:05.506 [INFO] [moqt:session:object-router] Stream read chunk {readNumber: 505, chunkSize: 1176, totalBytesReceived: 1055215, done: false, firstBytes: '78 8f 15 e2 bc 4b fd 7f 9d de 7f 39 39 d7 3b e7'}
logger.js:357 07:38:05.507 [INFO] [moqt:session:object-router] Stream read chunk {readNumber: 506, chunkSize: 1260, totalBytesReceived: 1056475, done: false, firstBytes: 'e7 f3 f9 fc e4 e7 7c fe 7f 3f 9c 9c 42 e7 57 8a'}
logger.js:357 07:38:05.507 [INFO] [moqt:session:object-router] Stream read chunk {readNumber: 507, chunkSize: 1751, totalBytesReceived: 1058226, done: false, firstBytes: 'f5 47 73 93 9d 73 ae 25 f1 0b f5 7f ab e7 7c fe'}
logger.js:357 07:38:05.507 [DEBUG] [moqt:session:object-router] Looking up subscription by trackAlias {lookupAlias: '0', found: true, knownAliases: Array(1)}
logger.js:357 07:38:05.507 [INFO] [moqt:session:object-router] Delivering object {subscriptionId: 2, groupId: 1812372265, objectId: 130, dataSize: 6620}
logger.js:357 07:38:05.537 [INFO] [moqt:session:object-router] Stream read chunk {readNumber: 508, chunkSize: 3654, totalBytesReceived: 1061880, done: false, firstBytes: '00 62 6d 01 42 42 01 04 82 40 02 fc 62 62 00 00'}
logger.js:357 07:38:05.539 [INFO] [moqt:session:object-router] Stream read chunk {readNumber: 509, chunkSize: 1218, totalBytesReceived: 1063098, done: false, firstBytes: 'dd e2 3c 43 e2 3c 59 37 cf e7 de 7f 3b e7 f3 f9'}
logger.js:357 07:38:05.543 [INFO] [moqt:session:object-router] Stream read chunk {readNumber: 510, chunkSize: 2436, totalBytesReceived: 1065534, done: false, firstBytes: 'f9 f7 8b ef 9d 73 93 9c 9c 72 eb 3f 9d 73 ae 2d'}
logger.js:357 07:38:05.544 [INFO] [moqt:session:object-router] Stream read chunk {readNumber: 511, chunkSize: 1508, totalBytesReceived: 1067042, done: false, firstBytes: '3f 9f cf e7 f3 f9 f9 8f e7 e1 75 c3 c6 f5 e0 b8'}
logger.js:357 07:38:05.544 [DEBUG] [moqt:session:object-router] Looking up subscription by trackAlias {lookupAlias: '0', found: true, knownAliases: Array(1)}
logger.js:357 07:38:05.544 [INFO] [moqt:session:object-router] Delivering object {subscriptionId: 2, groupId: 1812372265, objectId: 131, dataSize: 8813}
logger.js:357 07:38:05.572 [INFO] [moqt:session:object-router] Stream read chunk {readNumber: 512, chunkSize: 1218, totalBytesReceived: 1068260, done: false, firstBytes: '00 5e de 01 42 43 01 04 82 40 8c 7c 5e d3 00 00'}
logger.js:357 07:38:05.575 [INFO] [moqt:session:object-router] Stream read chunk {readNumber: 513, chunkSize: 2436, totalBytesReceived: 1070696, done: false, firstBytes: '39 39 d7 3a bc 47 8a 59 cf c3 c7 58 68 eb 9f 79'}
logger.js:357 07:38:05.581 [INFO] [moqt:session:object-router] Stream read chunk {readNumber: 514, chunkSize: 4251, totalBytesReceived: 1074947, done: false, firstBytes: '1e 24 9c ef 88 f3 93 9f c4 78 8f 3f 8a 7c 47 47'}
logger.js:357 07:38:05.581 [DEBUG] [moqt:session:object-router] Looking up subscription by trackAlias {lookupAlias: '0', found: true, knownAliases: Array(1)}
logger.js:357 07:38:05.581 [INFO] [moqt:session:object-router] Delivering object {subscriptionId: 2, groupId: 1812372265, objectId: 132, dataSize: 7902}
logger.js:357 07:38:05.604 [INFO] [moqt:session:object-router] Stream read chunk {readNumber: 515, chunkSize: 3654, totalBytesReceived: 1078601, done: false, firstBytes: '00 58 96 01 42 44 01 04 82 41 00 e4 58 8b 00 00'}
logger.js:357 07:38:05.606 [INFO] [moqt:session:object-router] Stream read chunk {readNumber: 516, chunkSize: 2436, totalBytesReceived: 1081037, done: false, firstBytes: 'a1 0b 88 5c 42 d1 c9 8e fc 4e 36 0e be 3a 11 eb'}
logger.js:357 07:38:05.607 [INFO] [moqt:session:object-router] Stream read chunk {readNumber: 517, chunkSize: 207, totalBytesReceived: 1081244, done: false, firstBytes: '39 83 87 ff 61 3f 7b 65 f8 91 1d 3d d7 be bd c6'}
logger.js:357 07:38:05.607 [DEBUG] [moqt:session:object-router] Looking up subscription by trackAlias {lookupAlias: '0', found: true, knownAliases: Array(1)}
logger.js:357 07:38:05.607 [INFO] [moqt:session:object-router] Delivering object {subscriptionId: 2, groupId: 1812372265, objectId: 133, dataSize: 6294}
logger.js:357 07:38:05.634 [INFO] [moqt:session:object-router] Stream read chunk {readNumber: 518, chunkSize: 1218, totalBytesReceived: 1082462, done: false, firstBytes: '00 59 ed 01 42 45 01 04 82 41 85 50 59 e2 00 00'}
logger.js:357 07:38:05.637 [INFO] [moqt:session:object-router] Stream read chunk {readNumber: 519, chunkSize: 2436, totalBytesReceived: 1084898, done: false, firstBytes: '24 e2 1f 14 b8 87 c5 2d 9f 8a 13 d1 f9 8e f0 5a'}
logger.js:357 07:38:05.638 [INFO] [moqt:session:object-router] Stream read chunk {readNumber: 520, chunkSize: 1176, totalBytesReceived: 1086074, done: false, firstBytes: 'f1 3e 25 f1 4f 9f ce eb 14 f9 fc fb c4 f8 af 13'}
logger.js:357 07:38:05.639 [INFO] [moqt:session:object-router] Stream read chunk {readNumber: 521, chunkSize: 1810, totalBytesReceived: 1087884, done: false, firstBytes: '25 62 17 15 d9 c9 c4 3e 2b cf b7 3b e7 7c ef 9f'}
logger.js:357 07:38:05.639 [DEBUG] [moqt:session:object-router] Looking up subscription by trackAlias {lookupAlias: '0', found: true, knownAliases: Array(1)}
logger.js:357 07:38:05.639 [INFO] [moqt:session:object-router] Delivering object {subscriptionId: 2, groupId: 1812372265, objectId: 134, dataSize: 6637}
logger.js:357 07:38:05.668 [INFO] [moqt:session:object-router] Stream read chunk {readNumber: 522, chunkSize: 1218, totalBytesReceived: 1089102, done: false, firstBytes: '00 5e b9 01 42 46 01 04 82 42 07 64 5e ae 00 00'}
logger.js:357 07:38:05.670 [INFO] [moqt:session:object-router] Stream read chunk {readNumber: 523, chunkSize: 3654, totalBytesReceived: 1092756, done: false, firstBytes: 'ac fe 7f 3f 9d f3 bb cf e7 de 23 c4 78 a7 c4 13'}
logger.js:357 07:38:05.675 [INFO] [moqt:session:object-router] Stream read chunk {readNumber: 524, chunkSize: 2996, totalBytesReceived: 1095752, done: false, firstBytes: 'f1 1e 23 c4 79 fc 5f ac 59 2e f9 d7 3a e7 5c 4f'}
logger.js:357 07:38:05.675 [DEBUG] [moqt:session:object-router] Looking up subscription by trackAlias {lookupAlias: '0', found: true, knownAliases: Array(1)}
logger.js:357 07:38:05.675 [INFO] [moqt:session:object-router] Delivering object {subscriptionId: 2, groupId: 1812372265, objectId: 135, dataSize: 7865}
logger.js:357 07:38:05.702 [INFO] [moqt:session:object-router] Stream read chunk {readNumber: 525, chunkSize: 3654, totalBytesReceived: 1099406, done: false, firstBytes: '00 63 e1 01 42 47 01 04 82 42 89 78 63 d6 00 00'}
logger.js:357 07:38:05.708 [INFO] [moqt:session:object-router] Stream read chunk {readNumber: 526, chunkSize: 1176, totalBytesReceived: 1100582, done: false, firstBytes: '27 3b e7 79 45 3e 21 61 33 ac 57 cf ac 43 e2 7c'}
logger.js:357 07:38:05.709 [INFO] [moqt:session:object-router] Stream read chunk {readNumber: 527, chunkSize: 4358, totalBytesReceived: 1104940, done: false, firstBytes: 'bb bf 55 d5 7f 9c 9c 42 e2 9d a8 af 39 39 fc 41'}
logger.js:357 07:38:05.709 [DEBUG] [moqt:session:object-router] Looking up subscription by trackAlias {lookupAlias: '0', found: true, knownAliases: Array(1)}
logger.js:357 07:38:05.709 [INFO] [moqt:session:object-router] Delivering object {subscriptionId: 2, groupId: 1812372265, objectId: 136, dataSize: 9185}
logger.js:357 07:38:05.737 [INFO] [moqt:session:object-router] Stream read chunk {readNumber: 528, chunkSize: 2436, totalBytesReceived: 1107376, done: false, firstBytes: '00 5d b9 01 42 48 01 04 82 43 12 f8 5d ae 00 00'}
logger.js:357 07:38:05.739 [INFO] [moqt:session:object-router] Stream read chunk {readNumber: 529, chunkSize: 1218, totalBytesReceived: 1108594, done: false, firstBytes: 'de 23 c4 78 8f 3f 9f 3e cf ab 3a 8b a3 af cd eb'}
logger.js:357 07:38:05.739 [INFO] [moqt:session:object-router] Stream read chunk {readNumber: 530, chunkSize: 1218, totalBytesReceived: 1109812, done: false, firstBytes: 'eb ab c8 6b 40 3b 5b f2 44 13 9d f3 7c a1 fb 64'}
logger.js:357 07:38:05.741 [INFO] [moqt:session:object-router] Stream read chunk {readNumber: 531, chunkSize: 1218, totalBytesReceived: 1111030, done: false, firstBytes: '10 2e 02 1b f7 c4 aa c5 2b c5 3b fa b6 28 9c 51'}
logger.js:357 07:38:05.743 [INFO] [moqt:session:object-router] Stream read chunk {readNumber: 532, chunkSize: 1522, totalBytesReceived: 1112552, done: false, firstBytes: '1c 47 20 a2 71 44 e2 09 c5 3e 29 d6 2b 58 ad 62'}
logger.js:357 07:38:05.743 [DEBUG] [moqt:session:object-router] Looking up subscription by trackAlias {lookupAlias: '0', found: true, knownAliases: Array(1)}
logger.js:357 07:38:05.743 [INFO] [moqt:session:object-router] Delivering object {subscriptionId: 2, groupId: 1812372265, objectId: 137, dataSize: 7609}
logger.js:357 07:38:05.769 [INFO] [moqt:session:object-router] Stream read chunk {readNumber: 533, chunkSize: 1560, totalBytesReceived: 1114112, done: false, firstBytes: '00 61 21 01 42 49 01 04 82 43 91 88 61 16 00 00'}
logger.js:357 07:38:05.770 [INFO] [moqt:session:object-router] Stream read chunk {readNumber: 534, chunkSize: 1218, totalBytesReceived: 1115330, done: false, firstBytes: '3e 21 de 23 c4 be 23 cf e7 f3 f8 8f 13 e2 3c e4'}
logger.js:357 07:38:05.773 [INFO] [moqt:session:object-router] Stream read chunk {readNumber: 535, chunkSize: 1218, totalBytesReceived: 1116548, done: false, firstBytes: '4a f1 0f 42 96 c4 3c 49 df 3e f1 1e 23 c4 93 9f'}
logger.js:357 07:38:05.776 [INFO] [moqt:session:object-router] Stream read chunk {readNumber: 536, chunkSize: 4488, totalBytesReceived: 1121036, done: false, firstBytes: 'ce aa fe 7f 13 c8 75 ce b8 87 c4 76 29 42 c4 e1'}
logger.js:357 07:38:05.776 [DEBUG] [moqt:session:object-router] Looking up subscription by trackAlias {lookupAlias: '0', found: true, knownAliases: Array(1)}
logger.js:357 07:38:05.776 [INFO] [moqt:session:object-router] Delivering object {subscriptionId: 2, groupId: 1812372265, objectId: 138, dataSize: 8481}
logger.js:357 07:38:05.806 [INFO] [moqt:session:object-router] Stream read chunk {readNumber: 537, chunkSize: 1218, totalBytesReceived: 1122254, done: false, firstBytes: '00 62 a2 01 42 4a 01 04 82 44 1e 28 62 97 00 00'}
logger.js:357 07:38:05.811 [INFO] [moqt:session:object-router] Stream read chunk {readNumber: 538, chunkSize: 6090, totalBytesReceived: 1128344, done: false, firstBytes: '7d e7 25 e7 de 27 cf e7 f1 1e 23 c5 38 ae 2b 15'}
logger.js:357 07:38:05.816 [INFO] [moqt:session:object-router] Stream read chunk {readNumber: 539, chunkSize: 1561, totalBytesReceived: 1129905, done: false, firstBytes: '77 e2 f1 b0 f7 10 aa ba f7 d7 a5 eb 17 1c d7 a4'}
logger.js:357 07:38:05.816 [DEBUG] [moqt:session:object-router] Looking up subscription by trackAlias {lookupAlias: '0', found: true, knownAliases: Array(1)}
logger.js:357 07:38:05.816 [INFO] [moqt:session:object-router] Delivering object {subscriptionId: 2, groupId: 1812372265, objectId: 139, dataSize: 8866}
logger.js:357 07:38:05.834 [INFO] [moqt:session:object-router] Stream read chunk {readNumber: 540, chunkSize: 2436, totalBytesReceived: 1132341, done: false, firstBytes: '00 61 ad 01 42 4b 01 04 82 44 91 c8 61 a2 00 00'}
logger.js:357 07:38:05.835 [INFO] [moqt:session:object-router] Stream read chunk {readNumber: 541, chunkSize: 1218, totalBytesReceived: 1133559, done: false, firstBytes: 'c4 78 85 c5 ab be 2d 75 9d 73 93 9d 71 3e 72 73'}
logger.js:357 07:38:05.837 [INFO] [moqt:session:object-router] Stream read chunk {readNumber: 542, chunkSize: 1218, totalBytesReceived: 1134777, done: false, firstBytes: 'df 5f 7d 7b 3b ac 4f 88 7c 53 fd 6b eb 59 d7 14'}
logger.js:357 07:38:05.840 [INFO] [moqt:session:object-router] Stream read chunk {readNumber: 543, chunkSize: 1218, totalBytesReceived: 1135995, done: false, firstBytes: 'ef 9f fa f6 75 c4 2e 7f 10 b8 9f 10 fc 13 68 56'}
logger.js:357 07:38:05.841 [INFO] [moqt:session:object-router] Stream read chunk {readNumber: 544, chunkSize: 1176, totalBytesReceived: 1137171, done: false, firstBytes: '7e 5f d7 be bd c1 18 6f 3b df 5f fd 7f 9f 94 eb'}
logger.js:357 07:38:05.843 [INFO] [moqt:session:object-router] Stream read chunk {readNumber: 545, chunkSize: 1358, totalBytesReceived: 1138529, done: false, firstBytes: '75 17 8a 71 78 e7 be 25 f3 f9 fb eb ef af b3 bf'}
logger.js:357 07:38:05.843 [DEBUG] [moqt:session:object-router] Looking up subscription by trackAlias {lookupAlias: '0', found: true, knownAliases: Array(1)}
logger.js:357 07:38:05.843 [INFO] [moqt:session:object-router] Delivering object {subscriptionId: 2, groupId: 1812372265, objectId: 140, dataSize: 8621}
logger.js:357 07:38:05.875 [INFO] [moqt:session:object-router] Stream read chunk {readNumber: 546, chunkSize: 7308, totalBytesReceived: 1145837, done: false, firstBytes: '00 5f a3 01 42 4c 01 04 82 45 18 f0 5f 98 00 00'}
logger.js:357 07:38:05.877 [INFO] [moqt:session:object-router] Stream read chunk {readNumber: 547, chunkSize: 794, totalBytesReceived: 1146631, done: false, firstBytes: 'ce b9 fc eb 47 de 7f 3e a8 52 ac 4a e7 5c ea f1'}
logger.js:357 07:38:05.878 [DEBUG] [moqt:session:object-router] Looking up subscription by trackAlias {lookupAlias: '0', found: true, knownAliases: Array(1)}
logger.js:357 07:38:05.878 [INFO] [moqt:session:object-router] Delivering object {subscriptionId: 2, groupId: 1812372265, objectId: 141, dataSize: 8099}
logger.js:357 07:38:05.904 [INFO] [moqt:session:object-router] Stream read chunk {readNumber: 548, chunkSize: 2394, totalBytesReceived: 1149025, done: false, firstBytes: '00 59 f6 01 42 4d 01 04 82 45 9a a0 59 eb 00 00'}
logger.js:357 07:38:05.904 [INFO] [moqt:session:object-router] Stream read chunk {readNumber: 549, chunkSize: 1260, totalBytesReceived: 1150285, done: false, firstBytes: '52 8a e2 15 e2 89 c5 fe c5 2e 75 c4 be 29 f3 bd'}
logger.js:357 07:38:05.907 [INFO] [moqt:session:object-router] Stream read chunk {readNumber: 550, chunkSize: 2995, totalBytesReceived: 1153280, done: false, firstBytes: '8a 25 e2 bc 51 39 d7 3a e7 5c 53 e2 9f 15 e2 bc'}
logger.js:357 07:38:05.907 [DEBUG] [moqt:session:object-router] Looking up subscription by trackAlias {lookupAlias: '0', found: true, knownAliases: Array(1)}
logger.js:357 07:38:05.907 [INFO] [moqt:session:object-router] Delivering object {subscriptionId: 2, groupId: 1812372265, objectId: 142, dataSize: 6646}
logger.js:357 07:38:05.937 [INFO] [moqt:session:object-router] Stream read chunk {readNumber: 551, chunkSize: 1218, totalBytesReceived: 1154498, done: false, firstBytes: '00 56 c7 01 42 4e 01 04 82 46 1d 7c 56 bc 00 00'}
logger.js:357 07:38:05.939 [INFO] [moqt:session:object-router] Stream read chunk {readNumber: 552, chunkSize: 2436, totalBytesReceived: 1156934, done: false, firstBytes: '73 f9 fc fb c4 2e 21 f3 bb c4 79 fc fe 7f 3e f1'}
logger.js:357 07:38:05.942 [INFO] [moqt:session:object-router] Stream read chunk {readNumber: 553, chunkSize: 1176, totalBytesReceived: 1158110, done: false, firstBytes: 'e7 5c ef 9d d3 9f 0a 0a c5 62 1c 8a f1 4b 8a 7c'}
logger.js:357 07:38:05.943 [INFO] [moqt:session:object-router] Stream read chunk {readNumber: 554, chunkSize: 1004, totalBytesReceived: 1159114, done: false, firstBytes: '91 5c ea f1 5b c4 6f 14 e2 b8 a5 6e 29 71 4b 9f'}
logger.js:357 07:38:05.943 [DEBUG] [moqt:session:object-router] Looking up subscription by trackAlias {lookupAlias: '0', found: true, knownAliases: Array(1)}
logger.js:357 07:38:05.943 [INFO] [moqt:session:object-router] Delivering object {subscriptionId: 2, groupId: 1812372265, objectId: 143, dataSize: 5831}
logger.js:357 07:38:05.971 [INFO] [moqt:session:object-router] Stream read chunk {readNumber: 555, chunkSize: 4872, totalBytesReceived: 1163986, done: false, firstBytes: '00 57 18 01 42 4f 01 04 82 46 9c 0c 57 0d 00 00'}
logger.js:357 07:38:05.974 [INFO] [moqt:session:object-router] Stream read chunk {readNumber: 556, chunkSize: 1043, totalBytesReceived: 1165029, done: false, firstBytes: '5a ab 67 5c eb 9d 71 6b f6 75 58 85 58 8f 14 4e'}
logger.js:357 07:38:05.975 [DEBUG] [moqt:session:object-router] Looking up subscription by trackAlias {lookupAlias: '0', found: true, knownAliases: Array(1)}
logger.js:357 07:38:05.975 [INFO] [moqt:session:object-router] Delivering object {subscriptionId: 2, groupId: 1812372265, objectId: 144, dataSize: 5912}
logger.js:357 07:38:06.005 [INFO] [moqt:session:object-router] Stream read chunk {readNumber: 557, chunkSize: 2436, totalBytesReceived: 1167465, done: false, firstBytes: '00 51 2a 01 42 50 01 04 82 47 22 d0 51 1f 00 00'}
logger.js:357 07:38:06.010 [INFO] [moqt:session:object-router] Stream read chunk {readNumber: 558, chunkSize: 1961, totalBytesReceived: 1169426, done: false, firstBytes: 'bc 54 fc 95 f7 83 cd 46 79 0e 5f 2e 73 ca 21 63'}
logger.js:357 07:38:06.010 [DEBUG] [moqt:session:object-router] Looking up subscription by trackAlias {lookupAlias: '0', found: true, knownAliases: Array(1)}
logger.js:357 07:38:06.010 [INFO] [moqt:session:object-router] Delivering object {subscriptionId: 2, groupId: 1812372265, objectId: 145, dataSize: 4394}
logger.js:357 07:38:06.035 [INFO] [moqt:session:object-router] Stream read chunk {readNumber: 559, chunkSize: 1218, totalBytesReceived: 1170644, done: false, firstBytes: '00 4f d9 01 42 51 01 04 82 47 a3 54 4f ce 00 00'}
logger.js:357 07:38:06.040 [INFO] [moqt:session:object-router] Stream read chunk {readNumber: 560, chunkSize: 2842, totalBytesReceived: 1173486, done: false, firstBytes: '43 97 bf 83 5b eb df 5e fa f4 47 5e fa f5 75 7a'}
logger.js:357 07:38:06.040 [DEBUG] [moqt:session:object-router] Looking up subscription by trackAlias {lookupAlias: '0', found: true, knownAliases: Array(1)}
logger.js:357 07:38:06.040 [INFO] [moqt:session:object-router] Delivering object {subscriptionId: 2, groupId: 1812372265, objectId: 146, dataSize: 4057}
logger.js:357 07:38:06.067 [INFO] [moqt:session:object-router] Stream read chunk {readNumber: 561, chunkSize: 1218, totalBytesReceived: 1174704, done: false, firstBytes: '00 51 30 01 42 52 01 04 82 48 24 a0 51 25 00 00'}
logger.js:357 07:38:06.073 [INFO] [moqt:session:object-router] Stream read chunk {readNumber: 562, chunkSize: 3185, totalBytesReceived: 1177889, done: false, firstBytes: '9d fe bd 47 5c 4b d7 37 55 e3 cd ef 82 ab f7 e7'}
logger.js:357 07:38:06.073 [DEBUG] [moqt:session:object-router] Looking up subscription by trackAlias {lookupAlias: '0', found: true, knownAliases: Array(1)}
logger.js:357 07:38:06.073 [INFO] [moqt:session:object-router] Delivering object {subscriptionId: 2, groupId: 1812372265, objectId: 147, dataSize: 4400}
logger.js:357 07:38:06.099 [INFO] [moqt:session:object-router] Stream read chunk {readNumber: 563, chunkSize: 1759, totalBytesReceived: 1179648, done: false, firstBytes: '00 52 24 01 42 53 01 04 82 48 a7 e0 52 19 00 00'}
logger.js:357 07:38:06.108 [INFO] [moqt:session:object-router] Stream read chunk {readNumber: 564, chunkSize: 2888, totalBytesReceived: 1182536, done: false, firstBytes: '1f d0 b8 11 80 5f 67 f3 93 2c 09 dc 52 c9 cb 5f'}
logger.js:357 07:38:06.108 [DEBUG] [moqt:session:object-router] Looking up subscription by trackAlias {lookupAlias: '0', found: true, knownAliases: Array(1)}
logger.js:357 07:38:06.108 [INFO] [moqt:session:object-router] Delivering object {subscriptionId: 2, groupId: 1812372265, objectId: 148, dataSize: 4644}
logger.js:357 07:38:06.135 [INFO] [moqt:session:object-router] Stream read chunk {readNumber: 565, chunkSize: 6, totalBytesReceived: 1182542, done: false, firstBytes: '00 00 03 00 00 03'}
logger.js:357 07:38:06.135 [INFO] [moqt:session:object-router] Received END_OF_GROUP {groupId: 1812372265, objectId: 149, trackAlias: '0'}
logger.js:357 07:38:06.135 [INFO] [moqt:session:object-router] Received END_OF_GROUP {groupId: 1812372265, objectId: 150, trackAlias: '0'}
logger.js:357 07:38:06.135 [INFO] [moqt:session:object-router] Stream ended {totalBytesReceived: 1182542, totalReads: 566, objectCount: 151, headerParsed: true, trackAlias: '0'}
logger.js:357 07:38:06.135 [DEBUG] [moqt:session:object-router] Finished processing stream {objectCount: 151, trackAlias: 0n, groupId: 1812372265}
logger.js:360 07:38:06.173 [INFO] [moqt:session] Received unidirectional-stream event from transport
logger.js:360 07:38:06.173 [INFO] [moqt:session:object-router] Received incoming stream
logger.js:357 07:38:06.173 [INFO] [moqt:session:object-router] Stream read chunk {readNumber: 1, chunkSize: 3619, totalBytesReceived: 3619, done: false, firstBytes: '18 00 c0 00 00 00 6c 06 9b 2a 80 00 70 77 41 42'}
logger.js:357 07:38:06.174 [INFO] [moqt:session:object-router] Incoming stream first bytes (draft-16) {viewLength: 3619, preview: '18 00 c0 00 00 00 6c 06 9b 2a 80 00 70 77 41 42 54 01 04 82'}
logger.js:357 07:38:06.174 [INFO] [moqt:session:object-router] Decoded subgroup header (draft-16) {trackAlias: 0n, groupId: 1812372266, subgroupId: 0, endOfGroup: true, hasExtensions: false}
logger.js:357 07:38:06.176 [INFO] [moqt:session:object-router] Stream read chunk {readNumber: 2, chunkSize: 8802, totalBytesReceived: 12421, done: false, firstBytes: 'ad d6 ed e9 dd 3b be b7 7d ee de f7 7c 9d bd 75'}
logger.js:357 07:38:06.177 [DEBUG] [moqt:session:object-router] Looking up subscription by trackAlias {lookupAlias: '0', found: true, knownAliases: Array(1)}
logger.js:357 07:38:06.177 [INFO] [moqt:session:object-router] New group started {subscriptionId: 2, previousGroup: 1812372265, previousLastObject: 148, newGroup: 1812372266, newFirstObject: 0}
logger.js:357 07:38:06.177 [INFO] [moqt:session:object-router] Delivering object {subscriptionId: 2, groupId: 1812372266, objectId: 0, dataSize: 12407}
logger.js:357 07:38:06.201 [INFO] [moqt:session:object-router] Stream read chunk {readNumber: 3, chunkSize: 1220, totalBytesReceived: 13641, done: false, firstBytes: '00 45 47 01 42 55 01 04 82 4a 29 6c 45 3c 00 00'}
logger.js:357 07:38:06.206 [INFO] [moqt:session:object-router] Stream read chunk {readNumber: 4, chunkSize: 134, totalBytesReceived: 13775, done: false, firstBytes: '27 fa a8 93 f1 1a ad 7a f5 eb 99 bb f0 9c b8 cb'}
logger.js:357 07:38:06.206 [DEBUG] [moqt:session:object-router] Looking up subscription by trackAlias {lookupAlias: '0', found: true, knownAliases: Array(1)}
logger.js:357 07:38:06.206 [INFO] [moqt:session:object-router] Delivering object {subscriptionId: 2, groupId: 1812372266, objectId: 1, dataSize: 1351}
logger.js:357 07:38:06.239 [INFO] [moqt:session:object-router] Stream read chunk {readNumber: 5, chunkSize: 2440, totalBytesReceived: 16215, done: false, firstBytes: '00 4e d8 01 42 56 01 04 82 4a bc b0 4e cd 00 00'}
logger.js:357 07:38:06.240 [INFO] [moqt:session:object-router] Stream read chunk {readNumber: 6, chunkSize: 1363, totalBytesReceived: 17578, done: false, firstBytes: 'bf 09 1c 7e ba 75 d7 c2 db 9e 6e e9 78 bf 7e d6'}
logger.js:357 07:38:06.240 [DEBUG] [moqt:session:object-router] Looking up subscription by trackAlias {lookupAlias: '0', found: true, knownAliases: Array(1)}
logger.js:357 07:38:06.240 [INFO] [moqt:session:object-router] Delivering object {subscriptionId: 2, groupId: 1812372266, objectId: 2, dataSize: 3800}
logger.js:357 07:38:06.267 [INFO] [moqt:session:object-router] Stream read chunk {readNumber: 7, chunkSize: 2436, totalBytesReceived: 20014, done: false, firstBytes: '00 61 16 01 42 57 01 04 82 4b 2f 88 61 0b 00 00'}
logger.js:357 07:38:06.273 [INFO] [moqt:session:object-router] Stream read chunk {readNumber: 8, chunkSize: 1218, totalBytesReceived: 21232, done: false, firstBytes: 'e8 57 9f 78 82 64 3f 47 f1 5c 87 de 72 5e 2b ce'}
logger.js:357 07:38:06.274 [INFO] [moqt:session:object-router] Stream read chunk {readNumber: 9, chunkSize: 3654, totalBytesReceived: 24886, done: false, firstBytes: 'ad 6b e2 7a 98 18 97 d3 23 18 05 1e 24 57 21 c9'}
logger.js:357 07:38:06.278 [INFO] [moqt:session:object-router] Stream read chunk {readNumber: 10, chunkSize: 1165, totalBytesReceived: 26051, done: false, firstBytes: '13 63 cb e8 0c 8c 1a 82 00 5b d7 c4 8e 3b 1d 86'}
logger.js:357 07:38:06.278 [DEBUG] [moqt:session:object-router] Looking up subscription by trackAlias {lookupAlias: '0', found: true, knownAliases: Array(1)}
logger.js:357 07:38:06.278 [INFO] [moqt:session:object-router] Delivering object {subscriptionId: 2, groupId: 1812372266, objectId: 3, dataSize: 8470}
logger.js:357 07:38:06.283 [DEBUG] [moqt:media:video-decoder] New group started {groupId: 1812372266, previousGroupId: 1812372266}
logger.js:357 07:38:06.283 [DEBUG] [moqt:media:video-decoder] Received keyframe {keyframeCount: 5, groupId: 1812372266}
logger.js:357 07:38:06.283 [DEBUG] [moqt:media:subscribe-pipeline] Video arbiter stats {activeGroup: 1812372266, groupCount: 4, framesOutput: 481, groupsCompleted: 4, groupsSkipped: 0}
logger.js:357 07:38:06.302 [INFO] [moqt:session:object-router] Stream read chunk {readNumber: 11, chunkSize: 2436, totalBytesReceived: 28487, done: false, firstBytes: '00 58 e7 01 42 58 01 04 82 4b b2 c8 58 dc 00 00'}
logger.js:357 07:38:06.307 [INFO] [moqt:session:object-router] Stream read chunk {readNumber: 12, chunkSize: 3942, totalBytesReceived: 32429, done: false, firstBytes: '17 df 3a d0 a2 5f 83 8b 10 b8 95 4d 4f 37 be 02'}
logger.js:357 07:38:06.307 [DEBUG] [moqt:session:object-router] Looking up subscription by trackAlias {lookupAlias: '0', found: true, knownAliases: Array(1)}
logger.js:357 07:38:06.307 [INFO] [moqt:session:object-router] Delivering object {subscriptionId: 2, groupId: 1812372266, objectId: 4, dataSize: 6375}
logger.js:357 07:38:06.335 [INFO] [moqt:session:object-router] Stream read chunk {readNumber: 13, chunkSize: 1176, totalBytesReceived: 33605, done: false, firstBytes: '00 5e 79 01 42 59 01 04 82 4c 36 d0 5e 6e 00 00'}
logger.js:357 07:38:06.336 [INFO] [moqt:session:object-router] Stream read chunk {readNumber: 14, chunkSize: 1260, totalBytesReceived: 34865, done: false, firstBytes: '79 ba bc bd 6a 23 ab ce 7e 41 3e bf ea f8 85 5f'}
logger.js:357 07:38:06.343 [INFO] [moqt:session:object-router] Stream read chunk {readNumber: 15, chunkSize: 4872, totalBytesReceived: 39737, done: false, firstBytes: 'dd 3e 0e 7f 5a de 43 73 18 9d fc c2 3b fb f0 d3'}
logger.js:357 07:38:06.348 [INFO] [moqt:session:object-router] Stream read chunk {readNumber: 16, chunkSize: 496, totalBytesReceived: 40233, done: false, firstBytes: '7e 8e f4 75 94 47 50 24 e8 62 b7 59 d4 d9 ea ac'}
logger.js:357 07:38:06.348 [DEBUG] [moqt:session:object-router] Looking up subscription by trackAlias {lookupAlias: '0', found: true, knownAliases: Array(1)}
logger.js:357 07:38:06.348 [INFO] [moqt:session:object-router] Delivering object {subscriptionId: 2, groupId: 1812372266, objectId: 5, dataSize: 7801}
logger.js:357 07:38:06.368 [INFO] [moqt:session:object-router] Stream read chunk {readNumber: 17, chunkSize: 1218, totalBytesReceived: 41451, done: false, firstBytes: '00 59 bd 01 42 5a 01 04 82 4c b8 80 59 b2 00 00'}
logger.js:357 07:38:06.370 [INFO] [moqt:session:object-router] Stream read chunk {readNumber: 18, chunkSize: 1218, totalBytesReceived: 42669, done: false, firstBytes: '57 39 f9 f0 71 28 ae 17 15 c2 02 37 0d f5 7b ea'}
logger.js:357 07:38:06.373 [INFO] [moqt:session:object-router] Stream read chunk {readNumber: 19, chunkSize: 1176, totalBytesReceived: 43845, done: false, firstBytes: 'fe 81 3f 7d 7d 0f 08 fa c5 7b fa 9c 02 ac 08 8d'}
logger.js:357 07:38:06.374 [INFO] [moqt:session:object-router] Stream read chunk {readNumber: 20, chunkSize: 1260, totalBytesReceived: 45105, done: false, firstBytes: '11 f2 52 0c 4f 9b 2b fb 30 13 43 74 af 3d df fa'}
logger.js:357 07:38:06.378 [INFO] [moqt:session:object-router] Stream read chunk {readNumber: 21, chunkSize: 1720, totalBytesReceived: 46825, done: false, firstBytes: '9c 89 84 d2 27 58 83 f3 1f be b7 a8 52 6e b1 1d'}
logger.js:357 07:38:06.378 [DEBUG] [moqt:session:object-router] Looking up subscription by trackAlias {lookupAlias: '0', found: true, knownAliases: Array(1)}
logger.js:357 07:38:06.378 [INFO] [moqt:session:object-router] Delivering object {subscriptionId: 2, groupId: 1812372266, objectId: 6, dataSize: 6589}
VideoRenderer.tsx:84 [VideoRenderer] Rendering stats {framesRendered: 480, frameWidth: 1920, frameHeight: 1080, timestamp: 600000}
logger.js:357 07:38:06.400 [INFO] [moqt:session:object-router] Stream read chunk {readNumber: 22, chunkSize: 1218, totalBytesReceived: 48043, done: false, firstBytes: '00 5a fc 01 42 5b 01 04 82 4d 3a 30 5a f1 00 00'}
logger.js:357 07:38:06.402 [INFO] [moqt:session:object-router] Stream read chunk {readNumber: 23, chunkSize: 1218, totalBytesReceived: 49261, done: false, firstBytes: 'fe f5 f8 31 f0 ce 28 97 88 cd 4e 7e 87 e2 3c 47'}
logger.js:357 07:38:06.405 [INFO] [moqt:session:object-router] Stream read chunk {readNumber: 24, chunkSize: 2436, totalBytesReceived: 51697, done: false, firstBytes: '83 13 82 2b 8a fa e4 4e ed e4 83 42 1b df 0f 18'}
logger.js:357 07:38:06.406 [INFO] [moqt:session:object-router] Stream read chunk {readNumber: 25, chunkSize: 1218, totalBytesReceived: 52915, done: false, firstBytes: '6c f0 42 ef 7c 4b ab 8f d0 97 97 ad 7d 6f 5c d7'}
logger.js:357 07:38:06.408 [INFO] [moqt:session:object-router] Stream read chunk {readNumber: 26, chunkSize: 821, totalBytesReceived: 53736, done: false, firstBytes: 'e8 29 d7 d6 14 24 69 7f ff a7 46 9e 0b 3b be 6b'}
logger.js:357 07:38:06.408 [DEBUG] [moqt:session:object-router] Looking up subscription by trackAlias {lookupAlias: '0', found: true, knownAliases: Array(1)}
logger.js:357 07:38:06.408 [INFO] [moqt:session:object-router] Delivering object {subscriptionId: 2, groupId: 1812372266, objectId: 7, dataSize: 6908}
logger.js:357 07:38:06.435 [INFO] [moqt:session:object-router] Stream read chunk {readNumber: 27, chunkSize: 1218, totalBytesReceived: 54954, done: false, firstBytes: '00 57 0e 01 42 5c 01 04 82 4d bd d4 57 03 00 00'}
logger.js:357 07:38:06.437 [INFO] [moqt:session:object-router] Stream read chunk {readNumber: 28, chunkSize: 2436, totalBytesReceived: 57390, done: false, firstBytes: '8e 4c 48 8e 15 3f 21 dd de 2f 5f 5c b5 a9 38 9c'}
logger.js:357 07:38:06.442 [INFO] [moqt:session:object-router] Stream read chunk {readNumber: 29, chunkSize: 2251, totalBytesReceived: 59641, done: false, firstBytes: '30 7b 91 c7 86 81 a0 27 e9 d3 df a1 0e b5 f5 aa'}
logger.js:357 07:38:06.442 [DEBUG] [moqt:session:object-router] Looking up subscription by trackAlias {lookupAlias: '0', found: true, knownAliases: Array(1)}
logger.js:357 07:38:06.442 [INFO] [moqt:session:object-router] Delivering object {subscriptionId: 2, groupId: 1812372266, objectId: 8, dataSize: 5902}
logger.js:357 07:38:06.467 [INFO] [moqt:session:object-router] Stream read chunk {readNumber: 30, chunkSize: 1218, totalBytesReceived: 60859, done: false, firstBytes: '00 58 3f 01 42 5d 01 04 82 4e 3c 00 58 34 00 00'}
logger.js:357 07:38:06.469 [INFO] [moqt:session:object-router] Stream read chunk {readNumber: 31, chunkSize: 1218, totalBytesReceived: 62077, done: false, firstBytes: '5f ea ff 86 45 6f 10 b0 ff 57 97 07 13 f5 ac eb'}
logger.js:357 07:38:06.472 [INFO] [moqt:session:object-router] Stream read chunk {readNumber: 32, chunkSize: 1218, totalBytesReceived: 63295, done: false, firstBytes: 'd1 83 f4 2b 5f ad 63 08 5b d7 83 e0 91 bd fc 5f'}
logger.js:357 07:38:06.472 [INFO] [moqt:session:object-router] Stream read chunk {readNumber: 33, chunkSize: 2436, totalBytesReceived: 65731, done: false, firstBytes: 'b7 d5 15 db 7e c8 49 62 c3 b2 aa b9 7c f0 6b 00'}
logger.js:357 07:38:06.474 [INFO] [moqt:session:object-router] Stream read chunk {readNumber: 34, chunkSize: 120, totalBytesReceived: 65851, done: false, firstBytes: '58 ea ff 07 95 7c 4f 8a f3 f8 9e a7 3f 30 ee 3a'}
logger.js:357 07:38:06.474 [DEBUG] [moqt:session:object-router] Looking up subscription by trackAlias {lookupAlias: '0', found: true, knownAliases: Array(1)}
logger.js:357 07:38:06.474 [INFO] [moqt:session:object-router] Delivering object {subscriptionId: 2, groupId: 1812372266, objectId: 9, dataSize: 6207}
logger.js:357 07:38:06.501 [INFO] [moqt:session:object-router] Stream read chunk {readNumber: 35, chunkSize: 1218, totalBytesReceived: 67069, done: false, firstBytes: '00 56 59 01 42 5e 01 04 82 4e be dc 56 4e 00 00'}
logger.js:357 07:38:06.505 [INFO] [moqt:session:object-router] Stream read chunk {readNumber: 36, chunkSize: 1218, totalBytesReceived: 68287, done: false, firstBytes: 'fe ef ea c6 98 5e bd fa 00 fa 81 04 22 89 7f 2f'}
logger.js:357 07:38:06.506 [INFO] [moqt:session:object-router] Stream read chunk {readNumber: 37, chunkSize: 3288, totalBytesReceived: 71575, done: false, firstBytes: 'e0 86 fd fc 69 36 fe d7 a3 91 82 40 69 00 9e 93'}
logger.js:357 07:38:06.506 [DEBUG] [moqt:session:object-router] Looking up subscription by trackAlias {lookupAlias: '0', found: true, knownAliases: Array(1)}
logger.js:357 07:38:06.506 [INFO] [moqt:session:object-router] Delivering object {subscriptionId: 2, groupId: 1812372266, objectId: 10, dataSize: 5721}
logger.js:357 07:38:06.535 [INFO] [moqt:session:object-router] Stream read chunk {readNumber: 38, chunkSize: 1218, totalBytesReceived: 72793, done: false, firstBytes: '00 65 25 01 42 5f 01 04 82 4f 45 a0 65 1a 00 00'}
logger.js:357 07:38:06.536 [INFO] [moqt:session:object-router] Stream read chunk {readNumber: 39, chunkSize: 1218, totalBytesReceived: 74011, done: false, firstBytes: 'ab e7 57 21 f7 08 75 ab eb df 5e 9c fb ae af 2f'}
logger.js:357 07:38:06.539 [INFO] [moqt:session:object-router] Stream read chunk {readNumber: 40, chunkSize: 4872, totalBytesReceived: 78883, done: false, firstBytes: '73 64 98 21 a6 cb 8e c9 d6 be af 7d 5f c1 c5 f5'}
logger.js:357 07:38:06.548 [INFO] [moqt:session:object-router] Stream read chunk {readNumber: 41, chunkSize: 2204, totalBytesReceived: 81087, done: false, firstBytes: 'bf 15 bf 7e 0a c1 1d 57 af aa 97 ad 4f d5 fe af'}
logger.js:357 07:38:06.548 [DEBUG] [moqt:session:object-router] Looking up subscription by trackAlias {lookupAlias: '0', found: true, knownAliases: Array(1)}
logger.js:357 07:38:06.548 [INFO] [moqt:session:object-router] Delivering object {subscriptionId: 2, groupId: 1812372266, objectId: 11, dataSize: 9509}
logger.js:357 07:38:06.568 [INFO] [moqt:session:object-router] Stream read chunk {readNumber: 42, chunkSize: 1218, totalBytesReceived: 82305, done: false, firstBytes: '00 56 bc 01 42 60 01 04 82 4f ca 70 56 b1 00 00'}
logger.js:357 07:38:06.569 [INFO] [moqt:session:object-router] Stream read chunk {readNumber: 43, chunkSize: 1218, totalBytesReceived: 83523, done: false, firstBytes: '04 ee 21 60 bc 53 b9 4f 8a c2 62 89 8c 14 4c d8'}
logger.js:357 07:38:06.573 [INFO] [moqt:session:object-router] Stream read chunk {readNumber: 44, chunkSize: 1218, totalBytesReceived: 84741, done: false, firstBytes: 'cd f2 fa df 39 2e 6e af f1 1a fb 79 de 5e 6e ff'}
logger.js:357 07:38:06.576 [INFO] [moqt:session:object-router] Stream read chunk {readNumber: 45, chunkSize: 1218, totalBytesReceived: 85959, done: false, firstBytes: '68 1f 80 b3 85 c4 eb ca c7 eb 5f 57 85 68 85 f5'}
logger.js:357 07:38:06.581 [INFO] [moqt:session:object-router] Stream read chunk {readNumber: 46, chunkSize: 951, totalBytesReceived: 86910, done: false, firstBytes: 'c5 76 bd 54 e2 16 ba f5 1f be af bc 44 dd f5 9c'}
logger.js:357 07:38:06.581 [DEBUG] [moqt:session:object-router] Looking up subscription by trackAlias {lookupAlias: '0', found: true, knownAliases: Array(1)}
logger.js:357 07:38:06.581 [INFO] [moqt:session:object-router] Delivering object {subscriptionId: 2, groupId: 1812372266, objectId: 12, dataSize: 5820}
logger.js:357 07:38:06.603 [INFO] [moqt:session:object-router] Stream read chunk {readNumber: 47, chunkSize: 1218, totalBytesReceived: 88128, done: false, firstBytes: '00 5d 47 01 42 61 01 04 82 50 47 d4 5d 3c 00 00'}
logger.js:357 07:38:06.606 [INFO] [moqt:session:object-router] Stream read chunk {readNumber: 48, chunkSize: 4872, totalBytesReceived: 93000, done: false, firstBytes: 'f6 29 e5 eb df 5e 89 15 df 5e 9b ad 7d 6b ff 55'}
logger.js:357 07:38:06.608 [INFO] [moqt:session:object-router] Stream read chunk {readNumber: 49, chunkSize: 1218, totalBytesReceived: 94218, done: false, firstBytes: 'ab e3 bd f7 dd 79 26 ea 9e 93 dc cc bf 90 41 3f'}
logger.js:357 07:38:06.608 [INFO] [moqt:session:object-router] Stream read chunk {readNumber: 50, chunkSize: 190, totalBytesReceived: 94408, done: false, firstBytes: '68 9b 7d e2 ad 08 55 a1 7a bd 75 7f ab c8 b2 49'}
logger.js:357 07:38:06.608 [DEBUG] [moqt:session:object-router] Looking up subscription by trackAlias {lookupAlias: '0', found: true, knownAliases: Array(1)}
logger.js:357 07:38:06.608 [INFO] [moqt:session:object-router] Delivering object {subscriptionId: 2, groupId: 1812372266, objectId: 13, dataSize: 7495}
logger.js:357 07:38:06.632 [INFO] [moqt:session:object-router] Stream read chunk {readNumber: 51, chunkSize: 1218, totalBytesReceived: 95626, done: false, firstBytes: '00 5b 5b 01 42 62 01 04 82 50 c5 9c 5b 50 00 00'}
logger.js:357 07:38:06.635 [INFO] [moqt:session:object-router] Stream read chunk {readNumber: 52, chunkSize: 2436, totalBytesReceived: 98062, done: false, firstBytes: '1c 21 73 f0 bf 5e ae bd ec 27 af af de f9 bf d5'}
logger.js:357 07:38:06.641 [INFO] [moqt:session:object-router] Stream read chunk {readNumber: 53, chunkSize: 3352, totalBytesReceived: 101414, done: false, firstBytes: '55 97 2b 59 34 4b 35 b4 33 a0 85 58 d6 4e 91 5d'}
logger.js:357 07:38:06.641 [DEBUG] [moqt:session:object-router] Looking up subscription by trackAlias {lookupAlias: '0', found: true, knownAliases: Array(1)}
logger.js:357 07:38:06.641 [INFO] [moqt:session:object-router] Delivering object {subscriptionId: 2, groupId: 1812372266, objectId: 14, dataSize: 7003}
logger.js:357 07:38:06.669 [INFO] [moqt:session:object-router] Stream read chunk {readNumber: 54, chunkSize: 1218, totalBytesReceived: 102632, done: false, firstBytes: '00 5b 3f 01 42 63 01 04 82 51 4d 8c 5b 34 00 00'}
logger.js:357 07:38:06.672 [INFO] [moqt:session:object-router] Stream read chunk {readNumber: 55, chunkSize: 3654, totalBytesReceived: 106286, done: false, firstBytes: '17 07 99 ba f7 de f9 bf d7 be bd 7d 5e 12 eb 5f'}
logger.js:357 07:38:06.674 [INFO] [moqt:session:object-router] Stream read chunk {readNumber: 56, chunkSize: 2106, totalBytesReceived: 108392, done: false, firstBytes: 'f5 13 7b ef ae bd 73 cd d6 53 ad cd f0 cc b3 2a'}
logger.js:357 07:38:06.674 [DEBUG] [moqt:session:object-router] Looking up subscription by trackAlias {lookupAlias: '0', found: true, knownAliases: Array(1)}
logger.js:357 07:38:06.674 [INFO] [moqt:session:object-router] Delivering object {subscriptionId: 2, groupId: 1812372266, objectId: 15, dataSize: 6975}
logger.js:357 07:38:06.701 [INFO] [moqt:session:object-router] Stream read chunk {readNumber: 57, chunkSize: 2436, totalBytesReceived: 110828, done: false, firstBytes: '00 61 99 01 42 64 01 04 82 51 cd ac 61 8e 00 00'}
logger.js:357 07:38:06.704 [INFO] [moqt:session:object-router] Stream read chunk {readNumber: 58, chunkSize: 1218, totalBytesReceived: 112046, done: false, firstBytes: '50 43 ae fc 33 57 ee a9 56 62 ce 28 95 3e a5 eb'}
logger.js:357 07:38:06.706 [INFO] [moqt:session:object-router] Stream read chunk {readNumber: 59, chunkSize: 3654, totalBytesReceived: 115700, done: false, firstBytes: '4e af f5 79 ba bc 45 56 a1 0c ca fe 79 54 31 f2'}
logger.js:357 07:38:06.709 [INFO] [moqt:session:object-router] Stream read chunk {readNumber: 60, chunkSize: 1296, totalBytesReceived: 116996, done: false, firstBytes: 'b4 30 26 87 82 8a fd dd 1f 97 ee 30 61 08 40 a7'}
logger.js:357 07:38:06.709 [DEBUG] [moqt:session:object-router] Looking up subscription by trackAlias {lookupAlias: '0', found: true, knownAliases: Array(1)}
logger.js:357 07:38:06.709 [INFO] [moqt:session:object-router] Delivering object {subscriptionId: 2, groupId: 1812372266, objectId: 16, dataSize: 8601}
logger.js:357 07:38:06.739 [INFO] [moqt:session:object-router] Stream read chunk {readNumber: 61, chunkSize: 1218, totalBytesReceived: 118214, done: false, firstBytes: '00 5a ae 01 42 65 01 04 82 52 5a b0 5a a3 00 00'}
logger.js:357 07:38:06.741 [INFO] [moqt:session:object-router] Stream read chunk {readNumber: 62, chunkSize: 2352, totalBytesReceived: 120566, done: false, firstBytes: '51 4f 0e 75 7f ab c4 0a e7 15 c9 d5 e2 c4 13 89'}
logger.js:357 07:38:06.742 [INFO] [moqt:session:object-router] Stream read chunk {readNumber: 63, chunkSize: 3263, totalBytesReceived: 123829, done: false, firstBytes: '8a 0a 4e af fe b6 a2 bf 49 bb bf c6 78 74 f0 78'}
logger.js:357 07:38:06.742 [DEBUG] [moqt:session:object-router] Looking up subscription by trackAlias {lookupAlias: '0', found: true, knownAliases: Array(1)}
logger.js:357 07:38:06.742 [INFO] [moqt:session:object-router] Delivering object {subscriptionId: 2, groupId: 1812372266, objectId: 17, dataSize: 6830}
logger.js:357 07:38:06.765 [INFO] [moqt:session:object-router] Stream read chunk {readNumber: 64, chunkSize: 1176, totalBytesReceived: 125005, done: false, firstBytes: '00 5e 59 01 42 66 01 04 82 52 cd ec 5e 4e 00 00'}
logger.js:357 07:38:06.765 [INFO] [moqt:session:object-router] Stream read chunk {readNumber: 65, chunkSize: 1260, totalBytesReceived: 126265, done: false, firstBytes: '5d 6a 51 0f 9c 9f af 7d 7a fa b4 dd 6a 3f fd 54'}
logger.js:357 07:38:06.769 [INFO] [moqt:session:object-router] Stream read chunk {readNumber: 66, chunkSize: 1218, totalBytesReceived: 127483, done: false, firstBytes: '7a 5d d4 5b 08 d5 7d 6f cd 9c 12 77 f6 da c9 ef'}
logger.js:357 07:38:06.774 [INFO] [moqt:session:object-router] Stream read chunk {readNumber: 67, chunkSize: 2436, totalBytesReceived: 129919, done: false, firstBytes: 'eb df 5e d9 ec 4f 42 01 0e fb fd 5e d1 e2 d7 39'}
logger.js:357 07:38:06.776 [INFO] [moqt:session:object-router] Stream read chunk {readNumber: 68, chunkSize: 1682, totalBytesReceived: 131601, done: false, firstBytes: '13 d1 6b ac 77 cb 7b 54 29 ef af 5e 6f af 7c 11'}
logger.js:357 07:38:06.776 [DEBUG] [moqt:session:object-router] Looking up subscription by trackAlias {lookupAlias: '0', found: true, knownAliases: Array(1)}
logger.js:357 07:38:06.776 [INFO] [moqt:session:object-router] Delivering object {subscriptionId: 2, groupId: 1812372266, objectId: 18, dataSize: 7769}
logger.js:357 07:38:06.800 [INFO] [moqt:session:object-router] Stream read chunk {readNumber: 69, chunkSize: 1218, totalBytesReceived: 132819, done: false, firstBytes: '00 5a 30 01 42 67 01 04 82 53 55 78 5a 25 00 00'}
logger.js:357 07:38:06.802 [INFO] [moqt:session:object-router] Stream read chunk {readNumber: 70, chunkSize: 1176, totalBytesReceived: 133995, done: false, firstBytes: '92 0d 37 86 3e b5 f5 a8 ff f0 47 be fe 81 46 ff'}
logger.js:357 07:38:06.804 [INFO] [moqt:session:object-router] Stream read chunk {readNumber: 71, chunkSize: 2478, totalBytesReceived: 136473, done: false, firstBytes: 'ac 72 df e2 bb df e2 1f 48 14 7b 57 89 7e 7f 9b'}
logger.js:357 07:38:06.806 [INFO] [moqt:session:object-router] Stream read chunk {readNumber: 72, chunkSize: 1176, totalBytesReceived: 137649, done: false, firstBytes: 'bd ae 0d c4 f6 3e 3d 4e 27 be ad 47 f1 7d b9 85'}
logger.js:357 07:38:06.806 [INFO] [moqt:session:object-router] Stream read chunk {readNumber: 73, chunkSize: 659, totalBytesReceived: 138308, done: false, firstBytes: 'cb 77 c9 c4 55 75 ed 60 69 82 3e f7 fa f4 a7 5a'}
logger.js:357 07:38:06.806 [DEBUG] [moqt:session:object-router] Looking up subscription by trackAlias {lookupAlias: '0', found: true, knownAliases: Array(1)}
logger.js:357 07:38:06.806 [INFO] [moqt:session:object-router] Delivering object {subscriptionId: 2, groupId: 1812372266, objectId: 19, dataSize: 6704}
logger.js:357 07:38:06.836 [INFO] [moqt:session:object-router] Stream read chunk {readNumber: 74, chunkSize: 1218, totalBytesReceived: 139526, done: false, firstBytes: '00 6a a1 01 42 68 01 04 82 53 d9 80 6a 96 00 00'}
logger.js:357 07:38:06.836 [INFO] [moqt:session:object-router] Stream read chunk {readNumber: 75, chunkSize: 2436, totalBytesReceived: 141962, done: false, firstBytes: 'f5 79 0f ba 81 8b 29 de 20 43 d7 5e fa fe 8f c5'}
logger.js:357 07:38:06.837 [INFO] [moqt:session:object-router] Stream read chunk {readNumber: 76, chunkSize: 1218, totalBytesReceived: 143180, done: false, firstBytes: 'f5 94 4f 5e f1 6b d2 0a 5f ad 57 5a dc 7f b8 a1'}
logger.js:357 07:38:06.839 [INFO] [moqt:session:object-router] Stream read chunk {readNumber: 77, chunkSize: 1176, totalBytesReceived: 144356, done: false, firstBytes: 'f6 b0 c0 f5 ac 42 f8 97 d7 e4 f7 d1 f1 cb 6e 33'}
logger.js:357 07:38:06.840 [INFO] [moqt:session:object-router] Stream read chunk {readNumber: 78, chunkSize: 1260, totalBytesReceived: 145616, done: false, firstBytes: 'aa 9e 32 b1 cb e4 e2 c5 11 8e e9 b4 f2 e4 75 44'}
logger.js:357 07:38:06.843 [INFO] [moqt:session:object-router] Stream read chunk {readNumber: 79, chunkSize: 1218, totalBytesReceived: 146834, done: false, firstBytes: 'af aa a3 bc b0 55 76 bb 36 13 93 9f 9d 83 ba 5f'}
logger.js:357 07:38:06.846 [INFO] [moqt:session:object-router] Stream read chunk {readNumber: 80, chunkSize: 2390, totalBytesReceived: 149224, done: false, firstBytes: '6f 27 58 be bd 7c 46 ba fa 85 be 8c 4e bf 05 7d'}
logger.js:357 07:38:06.846 [DEBUG] [moqt:session:object-router] Looking up subscription by trackAlias {lookupAlias: '0', found: true, knownAliases: Array(1)}
logger.js:357 07:38:06.846 [INFO] [moqt:session:object-router] Delivering object {subscriptionId: 2, groupId: 1812372266, objectId: 20, dataSize: 10913}
logger.js:357 07:38:06.866 [INFO] [moqt:session:object-router] Stream read chunk {readNumber: 81, chunkSize: 1218, totalBytesReceived: 150442, done: false, firstBytes: '00 58 f6 01 42 69 01 04 82 54 55 54 58 eb 00 00'}
logger.js:357 07:38:06.869 [INFO] [moqt:session:object-router] Stream read chunk {readNumber: 82, chunkSize: 2436, totalBytesReceived: 152878, done: false, firstBytes: 'fd 96 97 f0 5b bf b5 6f 88 bb ee ff be f7 d5 a6'}
logger.js:357 07:38:06.874 [INFO] [moqt:session:object-router] Stream read chunk {readNumber: 83, chunkSize: 2739, totalBytesReceived: 155617, done: false, firstBytes: '1c 89 e1 67 12 8c d2 83 8f b6 33 45 28 26 bd 0e'}
logger.js:357 07:38:06.874 [DEBUG] [moqt:session:object-router] Looking up subscription by trackAlias {lookupAlias: '0', found: true, knownAliases: Array(1)}
logger.js:357 07:38:06.874 [INFO] [moqt:session:object-router] Delivering object {subscriptionId: 2, groupId: 1812372266, objectId: 21, dataSize: 6390}
logger.js:357 07:38:06.903 [INFO] [moqt:session:object-router] Stream read chunk {readNumber: 84, chunkSize: 1218, totalBytesReceived: 156835, done: false, firstBytes: '00 67 ae 01 42 6a 01 04 82 54 e2 58 67 a3 00 00'}
logger.js:357 07:38:06.903 [INFO] [moqt:session:object-router] Stream read chunk {readNumber: 85, chunkSize: 1218, totalBytesReceived: 158053, done: false, firstBytes: 'af 7d 5e 4e bd 62 16 23 ad 44 40 c9 c5 78 85 84'}
logger.js:357 07:38:06.909 [INFO] [moqt:session:object-router] Stream read chunk {readNumber: 86, chunkSize: 4872, totalBytesReceived: 162925, done: false, firstBytes: '4c c0 9e 97 5f 16 b3 41 57 a3 7b bb de cd 4a 76'}
logger.js:357 07:38:06.912 [INFO] [moqt:session:object-router] Stream read chunk {readNumber: 87, chunkSize: 2853, totalBytesReceived: 165778, done: false, firstBytes: 'b6 90 35 54 62 ff 57 95 b7 65 8a 42 9e c8 2e 2c'}
logger.js:357 07:38:06.912 [DEBUG] [moqt:session:object-router] Looking up subscription by trackAlias {lookupAlias: '0', found: true, knownAliases: Array(1)}
logger.js:357 07:38:06.912 [INFO] [moqt:session:object-router] Delivering object {subscriptionId: 2, groupId: 1812372266, objectId: 22, dataSize: 10158}
logger.js:357 07:38:06.938 [INFO] [moqt:session:object-router] Stream read chunk {readNumber: 88, chunkSize: 3647, totalBytesReceived: 169425, done: false, firstBytes: '00 58 88 01 42 6b 01 04 82 55 60 84 58 7d 00 00'}
logger.js:357 07:38:06.944 [INFO] [moqt:session:object-router] Stream read chunk {readNumber: 89, chunkSize: 2636, totalBytesReceived: 172061, done: false, firstBytes: 'c4 38 3f c9 7d 94 59 0b 20 b0 a7 26 c9 9b 40 f7'}
logger.js:357 07:38:06.944 [DEBUG] [moqt:session:object-router] Looking up subscription by trackAlias {lookupAlias: '0', found: true, knownAliases: Array(1)}
logger.js:357 07:38:06.944 [INFO] [moqt:session:object-router] Delivering object {subscriptionId: 2, groupId: 1812372266, objectId: 23, dataSize: 6280}
logger.js:357 07:38:06.974 [INFO] [moqt:session:object-router] Stream read chunk {readNumber: 90, chunkSize: 1218, totalBytesReceived: 173279, done: false, firstBytes: '00 69 a7 01 42 6c 01 04 82 55 f2 38 69 9c 00 00'}
logger.js:357 07:38:06.978 [INFO] [moqt:session:object-router] Stream read chunk {readNumber: 91, chunkSize: 1176, totalBytesReceived: 174455, done: false, firstBytes: 'bc dd 5a 6e af 58 38 c5 2c a7 dc 40 8d e7 fe af'}
logger.js:357 07:38:06.979 [INFO] [moqt:session:object-router] Stream read chunk {readNumber: 92, chunkSize: 1260, totalBytesReceived: 175715, done: false, firstBytes: 'fa 57 25 eb d8 a2 5f d7 a5 ea f5 d5 e4 ea d2 75'}
logger.js:357 07:38:06.979 [INFO] [moqt:session:object-router] Stream read chunk {readNumber: 93, chunkSize: 2394, totalBytesReceived: 178109, done: false, firstBytes: 'e5 eb 5c 55 6b 6c 70 a4 4f 7e 06 25 58 a5 5f 5b'}
logger.js:357 07:38:06.980 [INFO] [moqt:session:object-router] Stream read chunk {readNumber: 94, chunkSize: 1260, totalBytesReceived: 179369, done: false, firstBytes: '2e 54 49 80 0e 95 66 49 b9 9c 49 e2 2b df 84 a7'}
logger.js:357 07:38:06.981 [INFO] [moqt:session:object-router] Stream read chunk {readNumber: 95, chunkSize: 1218, totalBytesReceived: 180587, done: false, firstBytes: '42 3c de f3 07 97 fe c1 35 fb b8 ed 3f 56 94 fd'}
logger.js:357 07:38:06.981 [INFO] [moqt:session:object-router] Stream read chunk {readNumber: 96, chunkSize: 1218, totalBytesReceived: 181805, done: false, firstBytes: 'eb 36 b6 12 c0 0f 70 41 2b ef 7e c5 b8 1c c7 45'}
logger.js:357 07:38:06.985 [INFO] [moqt:session:object-router] Stream read chunk {readNumber: 97, chunkSize: 922, totalBytesReceived: 182727, done: false, firstBytes: '8d 4e b5 c6 f7 c4 76 77 ce ff 56 fa b4 4c 17 d5'}
logger.js:357 07:38:06.985 [DEBUG] [moqt:session:object-router] Looking up subscription by trackAlias {lookupAlias: '0', found: true, knownAliases: Array(1)}
logger.js:357 07:38:06.985 [INFO] [moqt:session:object-router] Delivering object {subscriptionId: 2, groupId: 1812372266, objectId: 24, dataSize: 10663}
logger.js:357 07:38:07.004 [INFO] [moqt:session:object-router] Stream read chunk {readNumber: 98, chunkSize: 1218, totalBytesReceived: 183945, done: false, firstBytes: '00 5a cd 01 42 6d 01 04 82 56 6a 24 5a c2 00 00'}
logger.js:357 07:38:07.006 [INFO] [moqt:session:object-router] Stream read chunk {readNumber: 99, chunkSize: 3654, totalBytesReceived: 187599, done: false, firstBytes: '15 e3 b0 75 88 7c 42 fd 54 50 87 d1 c6 98 60 af'}
logger.js:357 07:38:07.011 [INFO] [moqt:session:object-router] Stream read chunk {readNumber: 100, chunkSize: 1218, totalBytesReceived: 188817, done: false, firstBytes: 'dc 24 82 20 e0 6c 11 f5 d5 f5 7f ad e4 98 41 33'}
logger.js:357 07:38:07.017 [INFO] [moqt:session:object-router] Stream read chunk {readNumber: 101, chunkSize: 774, totalBytesReceived: 189591, done: false, firstBytes: 'ae a7 34 5a 7f 82 1d d6 df 5f 57 26 be a2 2b f1'}
logger.js:357 07:38:07.017 [DEBUG] [moqt:session:object-router] Looking up subscription by trackAlias {lookupAlias: '0', found: true, knownAliases: Array(1)}
logger.js:357 07:38:07.017 [INFO] [moqt:session:object-router] Delivering object {subscriptionId: 2, groupId: 1812372266, objectId: 25, dataSize: 6861}
logger.js:357 07:38:07.035 [INFO] [moqt:session:object-router] Stream read chunk {readNumber: 102, chunkSize: 1218, totalBytesReceived: 190809, done: false, firstBytes: '00 59 a5 01 42 6e 01 04 82 56 e5 f8 59 9a 00 00'}
logger.js:357 07:38:07.035 [INFO] [moqt:session:object-router] Stream read chunk {readNumber: 103, chunkSize: 1218, totalBytesReceived: 192027, done: false, firstBytes: 'fc 0b 95 47 7e af e0 99 6f 1b d5 fe af 14 2b 5f'}
logger.js:357 07:38:07.040 [INFO] [moqt:session:object-router] Stream read chunk {readNumber: 104, chunkSize: 1218, totalBytesReceived: 193245, done: false, firstBytes: 'aa aa e3 86 04 b7 f5 f6 4a d6 ad f2 0e e7 44 9b'}
logger.js:357 07:38:07.040 [INFO] [moqt:session:object-router] Stream read chunk {readNumber: 105, chunkSize: 1218, totalBytesReceived: 194463, done: false, firstBytes: '28 72 64 aa f7 92 fb 18 64 71 9c 48 e2 7b f7 96'}
logger.js:357 07:38:07.041 [INFO] [moqt:session:object-router] Stream read chunk {readNumber: 106, chunkSize: 1696, totalBytesReceived: 196159, done: false, firstBytes: '7d d7 2d fa 7b d6 87 42 8a bf dd 6e ed 4f fe d3'}
logger.js:357 07:38:07.041 [DEBUG] [moqt:session:object-router] Looking up subscription by trackAlias {lookupAlias: '0', found: true, knownAliases: Array(1)}
logger.js:357 07:38:07.041 [INFO] [moqt:session:object-router] Delivering object {subscriptionId: 2, groupId: 1812372266, objectId: 26, dataSize: 6565}
logger.js:357 07:38:07.069 [INFO] [moqt:session:object-router] Stream read chunk {readNumber: 107, chunkSize: 1667, totalBytesReceived: 197826, done: false, firstBytes: '00 6f 0e 01 42 6f 01 04 82 57 69 9c 6f 03 00 00'}
logger.js:357 07:38:07.071 [INFO] [moqt:session:object-router] Stream read chunk {readNumber: 108, chunkSize: 1176, totalBytesReceived: 199002, done: false, firstBytes: '14 f5 d5 e2 7a b7 d5 a4 eb fa ea f8 97 cf ba ea'}
logger.js:357 07:38:07.072 [INFO] [moqt:session:object-router] Stream read chunk {readNumber: 109, chunkSize: 1260, totalBytesReceived: 200262, done: false, firstBytes: 'fb 6e d8 ad bf 04 3a ef 89 5c 51 3c 50 54 66 db'}
logger.js:357 07:38:07.073 [INFO] [moqt:session:object-router] Stream read chunk {readNumber: 110, chunkSize: 2352, totalBytesReceived: 202614, done: false, firstBytes: '21 7b b9 73 dd 6e f8 4c aa f9 7f 21 e2 09 04 fb'}
logger.js:357 07:38:07.074 [INFO] [moqt:session:object-router] Stream read chunk {readNumber: 111, chunkSize: 1302, totalBytesReceived: 203916, done: false, firstBytes: '28 4f b4 1c 85 01 37 5b b7 3f bd 75 ab d7 85 aa'}
logger.js:357 07:38:07.077 [INFO] [moqt:session:object-router] Stream read chunk {readNumber: 112, chunkSize: 2436, totalBytesReceived: 206352, done: false, firstBytes: '18 e6 a8 73 5b 2e 95 cb e2 9c 3e 8e ab 54 bc 67'}
logger.js:357 07:38:07.080 [INFO] [moqt:session:object-router] Stream read chunk {readNumber: 113, chunkSize: 1856, totalBytesReceived: 208208, done: false, firstBytes: '74 97 16 21 53 95 bc 12 84 0f 39 6d ac 33 5a 52'}
logger.js:357 07:38:07.080 [DEBUG] [moqt:session:object-router] Looking up subscription by trackAlias {lookupAlias: '0', found: true, knownAliases: Array(1)}
logger.js:357 07:38:07.080 [INFO] [moqt:session:object-router] Delivering object {subscriptionId: 2, groupId: 1812372266, objectId: 27, dataSize: 12046}
logger.js:357 07:38:07.102 [INFO] [moqt:session:object-router] Stream read chunk {readNumber: 114, chunkSize: 1218, totalBytesReceived: 209426, done: false, firstBytes: '00 5b cc 01 42 70 01 04 82 57 ed a4 5b c1 00 00'}
logger.js:357 07:38:07.102 [INFO] [moqt:session:object-router] Stream read chunk {readNumber: 115, chunkSize: 1218, totalBytesReceived: 210644, done: false, firstBytes: 'fd c1 59 de 4a 13 d9 6c eb 3b d8 3b 24 5f 4b 85'}
logger.js:357 07:38:07.105 [INFO] [moqt:session:object-router] Stream read chunk {readNumber: 116, chunkSize: 1218, totalBytesReceived: 211862, done: false, firstBytes: 'b5 2e c1 66 25 ff 7d fd d4 23 be fd 54 5d 74 72'}
logger.js:357 07:38:07.106 [INFO] [moqt:session:object-router] Stream read chunk {readNumber: 117, chunkSize: 2436, totalBytesReceived: 214298, done: false, firstBytes: '81 56 6b 16 10 98 61 38 58 cb 6f e7 08 12 1c c1'}
logger.js:357 07:38:07.112 [INFO] [moqt:session:object-router] Stream read chunk {readNumber: 118, chunkSize: 1029, totalBytesReceived: 215327, done: false, firstBytes: '2b e4 c4 b7 fa aa 3b cf d6 a6 9c c5 d5 45 fc 7d'}
logger.js:357 07:38:07.112 [DEBUG] [moqt:session:object-router] Looking up subscription by trackAlias {lookupAlias: '0', found: true, knownAliases: Array(1)}
logger.js:357 07:38:07.112 [INFO] [moqt:session:object-router] Delivering object {subscriptionId: 2, groupId: 1812372266, objectId: 28, dataSize: 7116}
logger.js:357 07:38:07.135 [INFO] [moqt:session:object-router] Stream read chunk {readNumber: 119, chunkSize: 1218, totalBytesReceived: 216545, done: false, firstBytes: '00 5e 2e 01 42 71 01 04 82 58 6c 98 5e 23 00 00'}
logger.js:357 07:38:07.137 [INFO] [moqt:session:object-router] Stream read chunk {readNumber: 120, chunkSize: 2436, totalBytesReceived: 218981, done: false, firstBytes: '3a f4 4f 5e 89 ea f7 fe aa f3 6b ad c4 02 bf 8a'}
logger.js:357 07:38:07.143 [INFO] [moqt:session:object-router] Stream read chunk {readNumber: 121, chunkSize: 4075, totalBytesReceived: 223056, done: false, firstBytes: '0e 9a 99 28 0c 8c 91 ea 5d 8b 9d 04 82 9b bf bc'}
logger.js:357 07:38:07.143 [DEBUG] [moqt:session:object-router] Looking up subscription by trackAlias {lookupAlias: '0', found: true, knownAliases: Array(1)}
logger.js:357 07:38:07.143 [INFO] [moqt:session:object-router] Delivering object {subscriptionId: 2, groupId: 1812372266, objectId: 29, dataSize: 7726}
logger.js:357 07:38:07.169 [INFO] [moqt:session:object-router] Stream read chunk {readNumber: 122, chunkSize: 2436, totalBytesReceived: 225492, done: false, firstBytes: '00 61 40 01 42 72 01 04 82 58 ed 80 61 35 00 00'}
logger.js:357 07:38:07.176 [INFO] [moqt:session:object-router] Stream read chunk {readNumber: 123, chunkSize: 6079, totalBytesReceived: 231571, done: false, firstBytes: '3e ad 75 a5 ca b6 98 04 00 12 0b d9 e5 8f 97 e0'}
logger.js:357 07:38:07.176 [DEBUG] [moqt:session:object-router] Looking up subscription by trackAlias {lookupAlias: '0', found: true, knownAliases: Array(1)}
logger.js:357 07:38:07.176 [INFO] [moqt:session:object-router] Delivering object {subscriptionId: 2, groupId: 1812372266, objectId: 30, dataSize: 8512}
logger.js:357 07:38:07.202 [INFO] [moqt:session:object-router] Stream read chunk {readNumber: 124, chunkSize: 2394, totalBytesReceived: 233965, done: false, firstBytes: '00 5d e7 01 42 73 01 04 82 59 6e cc 5d dc 00 00'}
logger.js:357 07:38:07.203 [INFO] [moqt:session:object-router] Stream read chunk {readNumber: 125, chunkSize: 1260, totalBytesReceived: 235225, done: false, firstBytes: '45 e0 f9 0b 93 c9 9b fb 82 7d 62 6c 55 22 65 73'}
logger.js:357 07:38:07.208 [INFO] [moqt:session:object-router] Stream read chunk {readNumber: 126, chunkSize: 2352, totalBytesReceived: 237577, done: false, firstBytes: 'c6 b2 71 c3 53 61 5a 3b db fa 01 18 18 94 6e d0'}
logger.js:357 07:38:07.209 [INFO] [moqt:session:object-router] Stream read chunk {readNumber: 127, chunkSize: 1652, totalBytesReceived: 239229, done: false, firstBytes: '0b 89 bd f2 7d b1 ec c2 2b ee 98 ae c2 66 1a c6'}
logger.js:357 07:38:07.209 [DEBUG] [moqt:session:object-router] Looking up subscription by trackAlias {lookupAlias: '0', found: true, knownAliases: Array(1)}
logger.js:357 07:38:07.209 [INFO] [moqt:session:object-router] Delivering object {subscriptionId: 2, groupId: 1812372266, objectId: 31, dataSize: 7655}
logger.js:357 07:38:07.235 [INFO] [moqt:session:object-router] Stream read chunk {readNumber: 128, chunkSize: 1218, totalBytesReceived: 240447, done: false, firstBytes: '00 5d ed 01 42 74 01 04 82 59 f1 44 5d e2 00 00'}
logger.js:357 07:38:07.237 [INFO] [moqt:session:object-router] Stream read chunk {readNumber: 129, chunkSize: 1218, totalBytesReceived: 241665, done: false, firstBytes: '2b a1 5c 2f d7 be bd 0a 41 d7 14 b7 67 f7 78 28'}
logger.js:357 07:38:07.239 [INFO] [moqt:session:object-router] Stream read chunk {readNumber: 130, chunkSize: 1218, totalBytesReceived: 242883, done: false, firstBytes: 'f6 da 38 60 16 20 59 ed f5 53 0b d5 4b fb 2f c2'}
logger.js:357 07:38:07.243 [INFO] [moqt:session:object-router] Stream read chunk {readNumber: 131, chunkSize: 4010, totalBytesReceived: 246893, done: false, firstBytes: '9b 3b 88 84 02 98 af bf 26 be d3 5b 65 af 32 01'}
logger.js:357 07:38:07.243 [DEBUG] [moqt:session:object-router] Looking up subscription by trackAlias {lookupAlias: '0', found: true, knownAliases: Array(1)}
logger.js:357 07:38:07.243 [INFO] [moqt:session:object-router] Delivering object {subscriptionId: 2, groupId: 1812372266, objectId: 32, dataSize: 7661}
logger.js:357 07:38:07.260 [DEBUG] [moqt:media:video-decoder] Video decode stats {instanceId: 1, framesDecoded: 510, width: 1920, height: 1080}
logger.js:357 07:38:07.270 [INFO] [moqt:session:object-router] Stream read chunk {readNumber: 132, chunkSize: 1218, totalBytesReceived: 248111, done: false, firstBytes: '00 5a ba 01 42 75 01 04 82 5a 79 98 5a af 00 00'}
logger.js:357 07:38:07.270 [INFO] [moqt:session:object-router] Stream read chunk {readNumber: 133, chunkSize: 1218, totalBytesReceived: 249329, done: false, firstBytes: '57 02 55 7b ea ff 57 81 3e 0d 30 80 a7 ae ad f5'}
logger.js:357 07:38:07.272 [INFO] [moqt:session:object-router] Stream read chunk {readNumber: 134, chunkSize: 1218, totalBytesReceived: 250547, done: false, firstBytes: 'ed 8a a5 5d fa 43 fa 5d a6 91 eb 75 10 09 2d 32'}
logger.js:357 07:38:07.275 [INFO] [moqt:session:object-router] Stream read chunk {readNumber: 135, chunkSize: 2436, totalBytesReceived: 252983, done: false, firstBytes: '14 bd ff 2b 02 1e fc 2d bb 4a 55 6b 1b 7f ad c6'}
logger.js:357 07:38:07.277 [INFO] [moqt:session:object-router] Stream read chunk {readNumber: 136, chunkSize: 755, totalBytesReceived: 253738, done: false, firstBytes: '7d 9b 56 73 60 d7 8b 55 4a 61 00 b3 d5 ed 5f f6'}
logger.js:357 07:38:07.277 [DEBUG] [moqt:session:object-router] Looking up subscription by trackAlias {lookupAlias: '0', found: true, knownAliases: Array(1)}
logger.js:357 07:38:07.277 [INFO] [moqt:session:object-router] Delivering object {subscriptionId: 2, groupId: 1812372266, objectId: 33, dataSize: 6842}
logger.js:357 07:38:07.291 [DEBUG] [moqt:media:subscribe-pipeline] Video arbiter stats {activeGroup: 1812372266, groupCount: 4, framesOutput: 511, groupsCompleted: 4, groupsSkipped: 0}
logger.js:357 07:38:07.302 [INFO] [moqt:session:object-router] Stream read chunk {readNumber: 137, chunkSize: 1218, totalBytesReceived: 254956, done: false, firstBytes: '00 6b 13 01 42 76 01 04 82 5a f5 d0 6b 08 00 00'}
logger.js:357 07:38:07.304 [INFO] [moqt:session:object-router] Stream read chunk {readNumber: 138, chunkSize: 1176, totalBytesReceived: 256132, done: false, firstBytes: 'eb de 0c 64 eb 5e 06 8a 10 4b b1 1d 88 e3 3a bf'}
logger.js:357 07:38:07.304 [INFO] [moqt:session:object-router] Stream read chunk {readNumber: 139, chunkSize: 1260, totalBytesReceived: 257392, done: false, firstBytes: '29 6c 42 b5 ea ff 57 c5 ee f5 d6 df 5a c5 13 c1'}
logger.js:357 07:38:07.307 [INFO] [moqt:session:object-router] Stream read chunk {readNumber: 140, chunkSize: 1176, totalBytesReceived: 258568, done: false, firstBytes: 'ef ab fd 5e 7e bd 42 15 e9 a8 d1 52 f3 e3 f4 ef'}
logger.js:357 07:38:07.307 [INFO] [moqt:session:object-router] Stream read chunk {readNumber: 141, chunkSize: 2478, totalBytesReceived: 261046, done: false, firstBytes: '60 77 f8 12 38 18 d7 b5 a8 be b5 12 28 99 7a d5'}
logger.js:357 07:38:07.311 [INFO] [moqt:session:object-router] Stream read chunk {readNumber: 142, chunkSize: 1098, totalBytesReceived: 262144, done: false, firstBytes: '94 92 1b ca a2 61 c4 ce c8 92 ec ab 99 c5 d4 4c'}
logger.js:357 07:38:07.311 [INFO] [moqt:session:object-router] Stream read chunk {readNumber: 143, chunkSize: 1338, totalBytesReceived: 263482, done: false, firstBytes: '56 b9 23 b4 af 7d ff ab fd 6b 3a fd 6a ad 0a db'}
logger.js:357 07:38:07.312 [INFO] [moqt:session:object-router] Stream read chunk {readNumber: 144, chunkSize: 1286, totalBytesReceived: 264768, done: false, firstBytes: 'c5 73 52 6b 71 3c fc 81 5e fd 7b 29 bd bb d8 4b'}
logger.js:357 07:38:07.312 [DEBUG] [moqt:session:object-router] Looking up subscription by trackAlias {lookupAlias: '0', found: true, knownAliases: Array(1)}
logger.js:357 07:38:07.312 [INFO] [moqt:session:object-router] Delivering object {subscriptionId: 2, groupId: 1812372266, objectId: 34, dataSize: 11027}
logger.js:357 07:38:07.339 [INFO] [moqt:session:object-router] Stream read chunk {readNumber: 145, chunkSize: 1218, totalBytesReceived: 265986, done: false, firstBytes: '00 56 04 01 42 77 01 04 82 5b 83 9c 55 f9 00 00'}
logger.js:357 07:38:07.339 [INFO] [moqt:session:object-router] Stream read chunk {readNumber: 146, chunkSize: 1218, totalBytesReceived: 267204, done: false, firstBytes: 'af f3 6f 35 74 42 ed 79 4c 33 5d 7e 97 77 e4 17'}
logger.js:357 07:38:07.341 [INFO] [moqt:session:object-router] Stream read chunk {readNumber: 147, chunkSize: 1218, totalBytesReceived: 268422, done: false, firstBytes: 'c8 b1 21 f7 ad 5f 15 de 56 38 24 10 4c dd 6a bf'}
logger.js:357 07:38:07.343 [INFO] [moqt:session:object-router] Stream read chunk {readNumber: 148, chunkSize: 1176, totalBytesReceived: 269598, done: false, firstBytes: '7d f7 88 82 df 7a ff 77 0a ed 76 a4 c1 ad bf 5e'}
logger.js:357 07:38:07.345 [INFO] [moqt:session:object-router] Stream read chunk {readNumber: 149, chunkSize: 809, totalBytesReceived: 270407, done: false, firstBytes: '55 5a 5f 37 5a fa d5 d8 6b c7 57 04 55 ef f2 d7'}
logger.js:357 07:38:07.345 [DEBUG] [moqt:session:object-router] Looking up subscription by trackAlias {lookupAlias: '0', found: true, knownAliases: Array(1)}
logger.js:357 07:38:07.345 [INFO] [moqt:session:object-router] Delivering object {subscriptionId: 2, groupId: 1812372266, objectId: 35, dataSize: 5636}
logger.js:357 07:38:07.371 [INFO] [moqt:session:object-router] Stream read chunk {readNumber: 150, chunkSize: 2436, totalBytesReceived: 272843, done: false, firstBytes: '00 64 b8 01 42 78 01 04 82 5b fb ec 64 ad 00 00'}
logger.js:357 07:38:07.372 [INFO] [moqt:session:object-router] Stream read chunk {readNumber: 151, chunkSize: 1218, totalBytesReceived: 274061, done: false, firstBytes: 'd8 e9 3a be 23 9b f8 71 55 6a 6e bd 5c bd fe 0b'}
logger.js:357 07:38:07.373 [INFO] [moqt:session:object-router] Stream read chunk {readNumber: 152, chunkSize: 1218, totalBytesReceived: 275279, done: false, firstBytes: 'fd f6 bd 22 82 96 0a ba a4 92 55 bf 73 89 8c cb'}
logger.js:357 07:38:07.375 [INFO] [moqt:session:object-router] Stream read chunk {readNumber: 153, chunkSize: 1218, totalBytesReceived: 276497, done: false, firstBytes: 'be fa e8 35 eb af be ad 8c 24 b9 5e 18 57 3c 30'}
logger.js:357 07:38:07.377 [INFO] [moqt:session:object-router] Stream read chunk {readNumber: 154, chunkSize: 1218, totalBytesReceived: 277715, done: false, firstBytes: '7f ab 48 29 e9 49 43 2a 26 a5 45 ed 23 af 6f bf'}
logger.js:357 07:38:07.378 [INFO] [moqt:session:object-router] Stream read chunk {readNumber: 155, chunkSize: 2095, totalBytesReceived: 279810, done: false, firstBytes: 'eb 5f f8 3c 55 47 76 0f c2 55 11 cf 5e 07 db 93'}
logger.js:357 07:38:07.378 [DEBUG] [moqt:session:object-router] Looking up subscription by trackAlias {lookupAlias: '0', found: true, knownAliases: Array(1)}
logger.js:357 07:38:07.378 [INFO] [moqt:session:object-router] Delivering object {subscriptionId: 2, groupId: 1812372266, objectId: 36, dataSize: 9400}
logger.js:357 07:38:07.400 [INFO] [moqt:session:object-router] Stream read chunk {readNumber: 156, chunkSize: 1218, totalBytesReceived: 281028, done: false, firstBytes: '00 56 ef 01 42 79 01 04 82 5c 7b 44 56 e4 00 00'}
logger.js:357 07:38:07.402 [INFO] [moqt:session:object-router] Stream read chunk {readNumber: 157, chunkSize: 1218, totalBytesReceived: 282246, done: false, firstBytes: '77 bf ba af 6b 57 cb 49 2b 90 fb 45 8e f8 bf 13'}
logger.js:357 07:38:07.406 [INFO] [moqt:session:object-router] Stream read chunk {readNumber: 158, chunkSize: 2436, totalBytesReceived: 284682, done: false, firstBytes: '8e 18 7a 97 d3 8a dc f5 36 9e 4d 92 fe f4 24 16'}
logger.js:357 07:38:07.408 [INFO] [moqt:session:object-router] Stream read chunk {readNumber: 159, chunkSize: 1002, totalBytesReceived: 285684, done: false, firstBytes: 'd5 9c 12 6a fe cb ec 81 0b 91 02 ee b5 fc 7e c5'}
logger.js:357 07:38:07.408 [DEBUG] [moqt:session:object-router] Looking up subscription by trackAlias {lookupAlias: '0', found: true, knownAliases: Array(1)}
logger.js:357 07:38:07.408 [INFO] [moqt:session:object-router] Delivering object {subscriptionId: 2, groupId: 1812372266, objectId: 37, dataSize: 5871}
VideoRenderer.tsx:84 [VideoRenderer] Rendering stats {framesRendered: 510, frameWidth: 1920, frameHeight: 1080, timestamp: 631000}
logger.js:357 07:38:07.435 [INFO] [moqt:session:object-router] Stream read chunk {readNumber: 160, chunkSize: 2436, totalBytesReceived: 288120, done: false, firstBytes: '00 64 6a 01 42 7a 01 04 82 5c fc 90 64 5f 00 00'}
logger.js:357 07:38:07.435 [INFO] [moqt:session:object-router] Stream read chunk {readNumber: 161, chunkSize: 1218, totalBytesReceived: 289338, done: false, firstBytes: 'a1 a7 ca 97 a1 53 95 46 50 29 a4 cd 95 9d e9 f7'}
logger.js:357 07:38:07.439 [INFO] [moqt:session:object-router] Stream read chunk {readNumber: 162, chunkSize: 1218, totalBytesReceived: 290556, done: false, firstBytes: 'be 91 6c 23 78 97 ef bf f4 2d fd 2e fe 27 ad 78'}
logger.js:357 07:38:07.442 [INFO] [moqt:session:object-router] Stream read chunk {readNumber: 163, chunkSize: 2436, totalBytesReceived: 292992, done: false, firstBytes: 'c6 52 d3 45 db d3 4e 5e aa a9 85 59 86 f2 e7 7e'}
logger.js:357 07:38:07.442 [INFO] [moqt:session:object-router] Stream read chunk {readNumber: 164, chunkSize: 2017, totalBytesReceived: 295009, done: false, firstBytes: '67 53 26 2e a6 ca a7 ec a8 2a 1d 04 9e ed f2 f7'}
logger.js:357 07:38:07.442 [DEBUG] [moqt:session:object-router] Looking up subscription by trackAlias {lookupAlias: '0', found: true, knownAliases: Array(1)}
logger.js:357 07:38:07.442 [INFO] [moqt:session:object-router] Delivering object {subscriptionId: 2, groupId: 1812372266, objectId: 38, dataSize: 9322}
logger.js:357 07:38:07.467 [INFO] [moqt:session:object-router] Stream read chunk {readNumber: 165, chunkSize: 1218, totalBytesReceived: 296227, done: false, firstBytes: '00 5d 67 01 42 7b 01 04 82 5d 80 34 5d 5c 00 00'}
logger.js:357 07:38:07.469 [INFO] [moqt:session:object-router] Stream read chunk {readNumber: 166, chunkSize: 1176, totalBytesReceived: 297403, done: false, firstBytes: 'c5 73 d8 f8 fe af 62 1e 86 2f a1 01 5c 46 1c c5'}
logger.js:357 07:38:07.470 [INFO] [moqt:session:object-router] Stream read chunk {readNumber: 167, chunkSize: 1260, totalBytesReceived: 298663, done: false, firstBytes: 'a5 a4 96 fe 41 d2 62 3f 71 5f 7e 84 59 f4 86 97'}
logger.js:357 07:38:07.473 [INFO] [moqt:session:object-router] Stream read chunk {readNumber: 168, chunkSize: 1176, totalBytesReceived: 299839, done: false, firstBytes: '00 d1 02 2a 64 0a 74 16 a6 84 65 80 74 07 e6 d3'}
logger.js:357 07:38:07.473 [INFO] [moqt:session:object-router] Stream read chunk {readNumber: 169, chunkSize: 1260, totalBytesReceived: 301099, done: false, firstBytes: 'bf a5 6c 29 db 4c 5d db 4d fc 40 fb e5 f1 97 f7'}
logger.js:357 07:38:07.478 [INFO] [moqt:session:object-router] Stream read chunk {readNumber: 170, chunkSize: 1440, totalBytesReceived: 302539, done: false, firstBytes: 'c1 26 9e cf 42 76 ab 2e 0a 7f 82 bd 96 fd 7f be'}
logger.js:357 07:38:07.478 [DEBUG] [moqt:session:object-router] Looking up subscription by trackAlias {lookupAlias: '0', found: true, knownAliases: Array(1)}
logger.js:357 07:38:07.478 [INFO] [moqt:session:object-router] Delivering object {subscriptionId: 2, groupId: 1812372266, objectId: 39, dataSize: 7527}
logger.js:357 07:38:07.501 [INFO] [moqt:session:object-router] Stream read chunk {readNumber: 171, chunkSize: 2436, totalBytesReceived: 304975, done: false, firstBytes: '00 5e 65 01 42 7c 01 04 82 5e 00 b8 5e 5a 00 00'}
logger.js:357 07:38:07.506 [INFO] [moqt:session:object-router] Stream read chunk {readNumber: 172, chunkSize: 1218, totalBytesReceived: 306193, done: false, firstBytes: '7d 9a 9c 5b bd 62 09 d8 3d 9d 1b db d3 05 71 0b'}
logger.js:357 07:38:07.511 [INFO] [moqt:session:object-router] Stream read chunk {readNumber: 173, chunkSize: 4130, totalBytesReceived: 310323, done: false, firstBytes: 'fc 7f 56 fa ab eb 5f 5b c1 28 a5 ac 78 23 ad 57'}
logger.js:357 07:38:07.511 [DEBUG] [moqt:session:object-router] Looking up subscription by trackAlias {lookupAlias: '0', found: true, knownAliases: Array(1)}
logger.js:357 07:38:07.511 [INFO] [moqt:session:object-router] Delivering object {subscriptionId: 2, groupId: 1812372266, objectId: 40, dataSize: 7781}
logger.js:357 07:38:07.535 [INFO] [moqt:session:object-router] Stream read chunk {readNumber: 174, chunkSize: 1218, totalBytesReceived: 311541, done: false, firstBytes: '00 5d f6 01 42 7d 01 04 82 5e 85 88 5d eb 00 00'}
logger.js:357 07:38:07.536 [INFO] [moqt:session:object-router] Stream read chunk {readNumber: 175, chunkSize: 1176, totalBytesReceived: 312717, done: false, firstBytes: '4a bb c1 22 b5 09 75 9d 78 3f e2 56 4e b5 0d f5'}
logger.js:357 07:38:07.538 [INFO] [moqt:session:object-router] Stream read chunk {readNumber: 176, chunkSize: 1260, totalBytesReceived: 313977, done: false, firstBytes: '13 ef 76 36 fd 5e 7e b5 5c 11 7a d6 a5 71 55 4d'}
logger.js:357 07:38:07.543 [INFO] [moqt:session:object-router] Stream read chunk {readNumber: 177, chunkSize: 4019, totalBytesReceived: 317996, done: false, firstBytes: '07 75 47 7d 7a e0 af ad 7e f7 f8 53 df 7b be ef'}
logger.js:357 07:38:07.543 [DEBUG] [moqt:session:object-router] Looking up subscription by trackAlias {lookupAlias: '0', found: true, knownAliases: Array(1)}
logger.js:357 07:38:07.543 [INFO] [moqt:session:object-router] Delivering object {subscriptionId: 2, groupId: 1812372266, objectId: 41, dataSize: 7670}
logger.js:357 07:38:07.569 [INFO] [moqt:session:object-router] Stream read chunk {readNumber: 178, chunkSize: 2436, totalBytesReceived: 320432, done: false, firstBytes: '00 5e f5 01 42 7e 01 04 82 5f 0b 20 5e ea 00 00'}
logger.js:357 07:38:07.576 [INFO] [moqt:session:object-router] Stream read chunk {readNumber: 179, chunkSize: 1218, totalBytesReceived: 321650, done: false, firstBytes: 'e9 7c f9 57 8b ab ac 17 7a 45 a7 cf b6 c6 4b 5f'}
logger.js:357 07:38:07.578 [INFO] [moqt:session:object-router] Stream read chunk {readNumber: 180, chunkSize: 4274, totalBytesReceived: 325924, done: false, firstBytes: 'fe b5 47 76 e7 78 46 0f 95 e0 6a 57 a3 ba ce b9'}
logger.js:357 07:38:07.578 [DEBUG] [moqt:session:object-router] Looking up subscription by trackAlias {lookupAlias: '0', found: true, knownAliases: Array(1)}
logger.js:357 07:38:07.578 [INFO] [moqt:session:object-router] Delivering object {subscriptionId: 2, groupId: 1812372266, objectId: 42, dataSize: 7925}
logger.js:357 07:38:07.603 [INFO] [moqt:session:object-router] Stream read chunk {readNumber: 181, chunkSize: 1218, totalBytesReceived: 327142, done: false, firstBytes: '00 5b d5 01 42 7f 01 04 82 5f 94 3c 5b ca 00 00'}
logger.js:357 07:38:07.607 [INFO] [moqt:session:object-router] Stream read chunk {readNumber: 182, chunkSize: 1756, totalBytesReceived: 328898, done: false, firstBytes: '16 a5 87 f3 8e ed 7d 6a f0 41 c0 99 a8 1b 3f 57'}
logger.js:357 07:38:07.609 [INFO] [moqt:session:object-router] Stream read chunk {readNumber: 183, chunkSize: 4154, totalBytesReceived: 333052, done: false, firstBytes: 'ef 1b fe aa c4 bb 51 5d 88 5c 57 8a 7c 47 20 a7'}
logger.js:357 07:38:07.609 [DEBUG] [moqt:session:object-router] Looking up subscription by trackAlias {lookupAlias: '0', found: true, knownAliases: Array(1)}
logger.js:357 07:38:07.609 [INFO] [moqt:session:object-router] Delivering object {subscriptionId: 2, groupId: 1812372266, objectId: 43, dataSize: 7125}
logger.js:357 07:38:07.634 [INFO] [moqt:session:object-router] Stream read chunk {readNumber: 184, chunkSize: 1176, totalBytesReceived: 334228, done: false, firstBytes: '00 5c df 01 42 80 01 04 82 60 0c 28 5c d4 00 00'}
logger.js:357 07:38:07.637 [INFO] [moqt:session:object-router] Stream read chunk {readNumber: 185, chunkSize: 1260, totalBytesReceived: 335488, done: false, firstBytes: 'b5 37 57 be af f5 7b ff 56 86 85 2d 75 78 29 eb'}
logger.js:357 07:38:07.637 [INFO] [moqt:session:object-router] Stream read chunk {readNumber: 186, chunkSize: 1218, totalBytesReceived: 336706, done: false, firstBytes: 'da 08 ee c6 fd a7 b5 d2 2f 5d 41 15 d6 38 7f 53'}
logger.js:357 07:38:07.639 [INFO] [moqt:session:object-router] Stream read chunk {readNumber: 187, chunkSize: 3654, totalBytesReceived: 340360, done: false, firstBytes: '97 82 5f 5d 6e bf f5 6f ab 4a 39 6d 18 57 79 1d'}
logger.js:357 07:38:07.642 [INFO] [moqt:session:object-router] Stream read chunk {readNumber: 188, chunkSize: 86, totalBytesReceived: 340446, done: false, firstBytes: '5f 0a 77 e8 ae ee ed ca ce df 5a 92 37 c6 7a 8c'}
logger.js:357 07:38:07.642 [DEBUG] [moqt:session:object-router] Looking up subscription by trackAlias {lookupAlias: '0', found: true, knownAliases: Array(1)}
logger.js:357 07:38:07.642 [INFO] [moqt:session:object-router] Delivering object {subscriptionId: 2, groupId: 1812372266, objectId: 44, dataSize: 7391}
logger.js:357 07:38:07.672 [INFO] [moqt:session:object-router] Stream read chunk {readNumber: 189, chunkSize: 4872, totalBytesReceived: 345318, done: false, firstBytes: '00 62 72 01 42 81 01 04 82 60 91 5c 62 67 00 00'}
logger.js:357 07:38:07.673 [INFO] [moqt:session:object-router] Stream read chunk {readNumber: 190, chunkSize: 2436, totalBytesReceived: 347754, done: false, firstBytes: 'e2 7a f4 4f 13 ed d8 79 e1 9a f7 cb de a8 a3 3b'}
logger.js:357 07:38:07.677 [INFO] [moqt:session:object-router] Stream read chunk {readNumber: 191, chunkSize: 1218, totalBytesReceived: 348972, done: false, firstBytes: 'e3 bc 3d a8 26 86 41 1d 7b e9 0e 9c 11 f5 5b ea'}
logger.js:357 07:38:07.677 [INFO] [moqt:session:object-router] Stream read chunk {readNumber: 192, chunkSize: 295, totalBytesReceived: 349267, done: false, firstBytes: 'b5 d6 4e 27 c9 cf f9 47 75 65 82 2c f1 eb e5 ad'}
logger.js:357 07:38:07.677 [DEBUG] [moqt:session:object-router] Looking up subscription by trackAlias {lookupAlias: '0', found: true, knownAliases: Array(1)}
logger.js:357 07:38:07.677 [INFO] [moqt:session:object-router] Delivering object {subscriptionId: 2, groupId: 1812372266, objectId: 45, dataSize: 8818}
logger.js:357 07:38:07.703 [INFO] [moqt:session:object-router] Stream read chunk {readNumber: 193, chunkSize: 2436, totalBytesReceived: 351703, done: false, firstBytes: '00 5e 29 01 42 82 01 04 82 61 11 18 5e 1e 00 00'}
logger.js:357 07:38:07.706 [INFO] [moqt:session:object-router] Stream read chunk {readNumber: 194, chunkSize: 1218, totalBytesReceived: 352921, done: false, firstBytes: 'dd d8 fd ee f8 cf 22 86 3f b1 ef dc 1a 62 e7 df'}
logger.js:357 07:38:07.709 [INFO] [moqt:session:object-router] Stream read chunk {readNumber: 195, chunkSize: 4070, totalBytesReceived: 356991, done: false, firstBytes: 'aa 5f 2d 75 f7 de ba b7 d5 ab ab 95 b0 47 db f4'}
logger.js:357 07:38:07.709 [DEBUG] [moqt:session:object-router] Looking up subscription by trackAlias {lookupAlias: '0', found: true, knownAliases: Array(1)}
logger.js:357 07:38:07.709 [INFO] [moqt:session:object-router] Delivering object {subscriptionId: 2, groupId: 1812372266, objectId: 46, dataSize: 7721}
logger.js:357 07:38:07.741 [INFO] [moqt:session:object-router] Stream read chunk {readNumber: 196, chunkSize: 3654, totalBytesReceived: 360645, done: false, firstBytes: '00 5f 56 01 42 83 01 04 82 61 97 78 5f 4b 00 00'}
logger.js:357 07:38:07.747 [INFO] [moqt:session:object-router] Stream read chunk {readNumber: 197, chunkSize: 1218, totalBytesReceived: 361863, done: false, firstBytes: 'f5 e9 3a bf d5 fe af 21 d6 fa b5 08 58 5b 41 19'}
logger.js:357 07:38:07.751 [INFO] [moqt:session:object-router] Stream read chunk {readNumber: 198, chunkSize: 3153, totalBytesReceived: 365016, done: false, firstBytes: '7b f4 b5 6d f6 96 5d dd 69 33 b0 a4 a1 b3 a6 5b'}
logger.js:357 07:38:07.751 [DEBUG] [moqt:session:object-router] Looking up subscription by trackAlias {lookupAlias: '0', found: true, knownAliases: Array(1)}
logger.js:357 07:38:07.751 [INFO] [moqt:session:object-router] Delivering object {subscriptionId: 2, groupId: 1812372266, objectId: 47, dataSize: 8022}
logger.js:357 07:38:07.767 [INFO] [moqt:session:object-router] Stream read chunk {readNumber: 199, chunkSize: 1218, totalBytesReceived: 366234, done: false, firstBytes: '00 5e 60 01 42 84 01 04 82 62 15 a4 5e 55 00 00'}
logger.js:357 07:38:07.768 [INFO] [moqt:session:object-router] Stream read chunk {readNumber: 200, chunkSize: 1218, totalBytesReceived: 367452, done: false, firstBytes: '0f ca 25 ef fd 55 e0 c2 30 4b ce 75 ae ad 67 fe'}
logger.js:357 07:38:07.773 [INFO] [moqt:session:object-router] Stream read chunk {readNumber: 201, chunkSize: 1218, totalBytesReceived: 368670, done: false, firstBytes: 'd1 2e fe 19 9b df df bb c8 5a f0 af 5e fa f5 26'}
logger.js:357 07:38:07.776 [INFO] [moqt:session:object-router] Stream read chunk {readNumber: 202, chunkSize: 2436, totalBytesReceived: 371106, done: false, firstBytes: 'ad 4d fe aa fa f7 d7 a2 ba d7 d6 b3 f8 87 c4 ac'}
logger.js:357 07:38:07.776 [INFO] [moqt:session:object-router] Stream read chunk {readNumber: 203, chunkSize: 1689, totalBytesReceived: 372795, done: false, firstBytes: 'eb da d0 82 38 46 fd af bb e9 04 2f f6 ee ff bf'}
logger.js:357 07:38:07.776 [DEBUG] [moqt:session:object-router] Looking up subscription by trackAlias {lookupAlias: '0', found: true, knownAliases: Array(1)}
logger.js:357 07:38:07.776 [INFO] [moqt:session:object-router] Delivering object {subscriptionId: 2, groupId: 1812372266, objectId: 48, dataSize: 7776}
logger.js:357 07:38:07.805 [INFO] [moqt:session:object-router] Stream read chunk {readNumber: 204, chunkSize: 1218, totalBytesReceived: 374013, done: false, firstBytes: '00 5d ed 01 42 85 01 04 82 62 96 f0 5d e2 00 00'}
logger.js:357 07:38:07.808 [INFO] [moqt:session:object-router] Stream read chunk {readNumber: 205, chunkSize: 2352, totalBytesReceived: 376365, done: false, firstBytes: '2f 54 88 b6 07 6c 47 c0 e9 97 ad 50 9e 7e ad 19'}
logger.js:357 07:38:07.810 [INFO] [moqt:session:object-router] Stream read chunk {readNumber: 206, chunkSize: 4094, totalBytesReceived: 380459, done: false, firstBytes: '35 6b f0 8f bb dd eb f4 0a 7b 57 d5 37 bd 7c 21'}
logger.js:357 07:38:07.810 [DEBUG] [moqt:session:object-router] Looking up subscription by trackAlias {lookupAlias: '0', found: true, knownAliases: Array(1)}
logger.js:357 07:38:07.810 [INFO] [moqt:session:object-router] Delivering object {subscriptionId: 2, groupId: 1812372266, objectId: 49, dataSize: 7661}
logger.js:357 07:38:07.838 [INFO] [moqt:session:object-router] Stream read chunk {readNumber: 207, chunkSize: 3654, totalBytesReceived: 384113, done: false, firstBytes: '00 5d 20 01 42 86 01 04 82 63 20 70 5d 15 00 00'}
logger.js:357 07:38:07.844 [INFO] [moqt:session:object-router] Stream read chunk {readNumber: 208, chunkSize: 3805, totalBytesReceived: 387918, done: false, firstBytes: 'd8 f5 65 5e 9d 1f a1 5d 8d b6 1d e4 3a f7 25 57'}
logger.js:357 07:38:07.844 [DEBUG] [moqt:session:object-router] Looking up subscription by trackAlias {lookupAlias: '0', found: true, knownAliases: Array(1)}
logger.js:357 07:38:07.844 [INFO] [moqt:session:object-router] Delivering object {subscriptionId: 2, groupId: 1812372266, objectId: 50, dataSize: 7456}
logger.js:357 07:38:07.873 [INFO] [moqt:session:object-router] Stream read chunk {readNumber: 209, chunkSize: 4872, totalBytesReceived: 392790, done: false, firstBytes: '00 5c 5a 01 42 87 01 04 82 63 9b e0 5c 4f 00 00'}
logger.js:357 07:38:07.875 [INFO] [moqt:session:object-router] Stream read chunk {readNumber: 210, chunkSize: 1218, totalBytesReceived: 394008, done: false, firstBytes: 'b4 7a 0a 77 bb 77 6d fb c2 44 ff 8f 96 5b c0 85'}
logger.js:357 07:38:07.877 [INFO] [moqt:session:object-router] Stream read chunk {readNumber: 211, chunkSize: 1171, totalBytesReceived: 395179, done: false, firstBytes: 'ef f8 8e ee fb f9 ba fd 7b eb df 5e d4 e4 84 7d'}
logger.js:357 07:38:07.877 [DEBUG] [moqt:session:object-router] Looking up subscription by trackAlias {lookupAlias: '0', found: true, knownAliases: Array(1)}
logger.js:357 07:38:07.877 [INFO] [moqt:session:object-router] Delivering object {subscriptionId: 2, groupId: 1812372266, objectId: 51, dataSize: 7258}
logger.js:357 07:38:07.941 [INFO] [moqt:session:object-router] Stream read chunk {readNumber: 212, chunkSize: 1218, totalBytesReceived: 396397, done: false, firstBytes: '00 67 39 01 42 88 01 04 82 64 41 1c 67 2e 00 00'}
logger.js:357 07:38:07.942 [INFO] [moqt:session:object-router] Stream read chunk {readNumber: 213, chunkSize: 8484, totalBytesReceived: 404881, done: false, firstBytes: 'ad 7d 6a 23 ab 7d 5b 3e f8 2c fd 6d f5 6f ab 7d'}
logger.js:357 07:38:07.944 [INFO] [moqt:session:object-router] Stream read chunk {readNumber: 214, chunkSize: 3996, totalBytesReceived: 408877, done: false, firstBytes: '6f 88 f4 8f 8f fd df ae 4d 7f 1f 5f 7e eb 5c db'}
logger.js:357 07:38:07.944 [DEBUG] [moqt:session:object-router] Looking up subscription by trackAlias {lookupAlias: '0', found: true, knownAliases: Array(1)}
logger.js:357 07:38:07.944 [INFO] [moqt:session:object-router] Delivering object {subscriptionId: 2, groupId: 1812372266, objectId: 52, dataSize: 10041}
logger.js:357 07:38:07.944 [INFO] [moqt:session:object-router] Stream read chunk {readNumber: 215, chunkSize: 1176, totalBytesReceived: 410053, done: false, firstBytes: 'f0 57 df 43 69 c7 9f 1f 2e 39 f0 fe fd 5a ad 25'}
logger.js:357 07:38:07.945 [INFO] [moqt:session:object-router] Stream read chunk {readNumber: 216, chunkSize: 1260, totalBytesReceived: 411313, done: false, firstBytes: '86 ba e9 53 27 5e 89 3b c5 cd b4 91 4e 3e f3 6f'}
logger.js:357 07:38:07.945 [INFO] [moqt:session:object-router] Stream read chunk {readNumber: 217, chunkSize: 361, totalBytesReceived: 411674, done: false, firstBytes: '55 ae 97 72 f5 ed 49 8c 15 bd ef 9b 97 65 88 4a'}
logger.js:357 07:38:07.945 [DEBUG] [moqt:session:object-router] Looking up subscription by trackAlias {lookupAlias: '0', found: true, knownAliases: Array(1)}
logger.js:357 07:38:07.945 [INFO] [moqt:session:object-router] Delivering object {subscriptionId: 2, groupId: 1812372266, objectId: 53, dataSize: 6448}
logger.js:357 07:38:07.965 [INFO] [moqt:session:object-router] Stream read chunk {readNumber: 218, chunkSize: 1218, totalBytesReceived: 412892, done: false, firstBytes: '00 66 b1 01 42 8a 01 04 82 65 19 84 66 a6 00 00'}
logger.js:357 07:38:07.967 [INFO] [moqt:session:object-router] Stream read chunk {readNumber: 219, chunkSize: 1218, totalBytesReceived: 414110, done: false, firstBytes: '40 eb 5d 5f 3b cb d6 52 7f aa 89 ea f2 75 6b c0'}
logger.js:357 07:38:07.968 [INFO] [moqt:session:object-router] Stream read chunk {readNumber: 220, chunkSize: 1218, totalBytesReceived: 415328, done: false, firstBytes: 'bf d2 19 6a 16 c5 bd df 69 24 87 62 f1 17 2f 6c'}
logger.js:357 07:38:07.970 [INFO] [moqt:session:object-router] Stream read chunk {readNumber: 221, chunkSize: 1218, totalBytesReceived: 416546, done: false, firstBytes: 'e3 ab e3 36 7b 1b 1f 3e 38 df 96 90 ba f0 4f 43'}
logger.js:357 07:38:07.974 [INFO] [moqt:session:object-router] Stream read chunk {readNumber: 222, chunkSize: 3654, totalBytesReceived: 420200, done: false, firstBytes: '71 5d 7a 5d 0a af df e5 ef f5 ec 43 d7 37 a9 ba'}
logger.js:357 07:38:07.978 [INFO] [moqt:session:object-router] Stream read chunk {readNumber: 223, chunkSize: 1382, totalBytesReceived: 421582, done: false, firstBytes: 'eb ef af be be fa f4 fd 5f d0 53 7d b3 7f 36 51'}
logger.js:357 07:38:07.979 [DEBUG] [moqt:session:object-router] Looking up subscription by trackAlias {lookupAlias: '0', found: true, knownAliases: Array(1)}
logger.js:357 07:38:07.979 [INFO] [moqt:session:object-router] Delivering object {subscriptionId: 2, groupId: 1812372266, objectId: 54, dataSize: 9905}
logger.js:357 07:38:08.002 [INFO] [moqt:session:object-router] Stream read chunk {readNumber: 224, chunkSize: 1218, totalBytesReceived: 422800, done: false, firstBytes: '00 5e e6 01 42 8b 01 04 82 65 a3 68 5e db 00 00'}
logger.js:357 07:38:08.004 [INFO] [moqt:session:object-router] Stream read chunk {readNumber: 225, chunkSize: 1176, totalBytesReceived: 423976, done: false, firstBytes: '5f 7d 5a 85 75 d6 a1 1e b5 7d 6b 3f 26 0c 71 5c'}
logger.js:357 07:38:08.005 [INFO] [moqt:session:object-router] Stream read chunk {readNumber: 226, chunkSize: 2478, totalBytesReceived: 426454, done: false, firstBytes: '75 8f ef fb d7 d6 c3 6e 41 1b 0b 1d 65 fb 29 d3'}
logger.js:357 07:38:08.012 [INFO] [moqt:session:object-router] Stream read chunk {readNumber: 227, chunkSize: 3041, totalBytesReceived: 429495, done: false, firstBytes: '01 0e 59 0d 61 0d f9 e9 3d fa 5b 19 47 5c be a5'}
logger.js:357 07:38:08.012 [DEBUG] [moqt:session:object-router] Looking up subscription by trackAlias {lookupAlias: '0', found: true, knownAliases: Array(1)}
logger.js:357 07:38:08.012 [INFO] [moqt:session:object-router] Delivering object {subscriptionId: 2, groupId: 1812372266, objectId: 55, dataSize: 7910}
logger.js:357 07:38:08.033 [INFO] [moqt:session:object-router] Stream read chunk {readNumber: 228, chunkSize: 1218, totalBytesReceived: 430713, done: false, firstBytes: '00 62 fe 01 42 8c 01 04 82 66 25 7c 62 f3 00 00'}
logger.js:357 07:38:08.038 [INFO] [moqt:session:object-router] Stream read chunk {readNumber: 229, chunkSize: 1176, totalBytesReceived: 431889, done: false, firstBytes: '4e ab 4b df 79 bf 86 15 78 43 c3 92 e0 50 c4 78'}
logger.js:357 07:38:08.039 [INFO] [moqt:session:object-router] Stream read chunk {readNumber: 230, chunkSize: 1260, totalBytesReceived: 433149, done: false, firstBytes: 'bd 87 aa 89 10 eb b3 0f df 7b 69 b7 ea 20 8c 29'}
logger.js:357 07:38:08.040 [INFO] [moqt:session:object-router] Stream read chunk {readNumber: 231, chunkSize: 2436, totalBytesReceived: 435585, done: false, firstBytes: '8a cb fb f5 1c 88 09 ac 73 ee ef b4 40 87 99 21'}
logger.js:357 07:38:08.044 [INFO] [moqt:session:object-router] Stream read chunk {readNumber: 232, chunkSize: 1176, totalBytesReceived: 436761, done: false, firstBytes: 'bb b6 54 ed 8c d9 95 09 5c 15 6d 23 47 4a 2b db'}
logger.js:357 07:38:08.045 [INFO] [moqt:session:object-router] Stream read chunk {readNumber: 233, chunkSize: 1695, totalBytesReceived: 438456, done: false, firstBytes: '6a 55 0a d9 6c 7f d6 a2 28 c3 7b bd b2 ef 7b ec'}
logger.js:357 07:38:08.045 [DEBUG] [moqt:session:object-router] Looking up subscription by trackAlias {lookupAlias: '0', found: true, knownAliases: Array(1)}
logger.js:357 07:38:08.045 [INFO] [moqt:session:object-router] Delivering object {subscriptionId: 2, groupId: 1812372266, objectId: 56, dataSize: 8958}
logger.js:360 07:38:08.052 [INFO] [moqt:media:session] Closing media session
logger.js:357 07:38:08.052 [INFO] [moqt:media:session] Unsubscribing {subscriptionId: 2}
logger.js:360 07:38:08.052 [INFO] [moqt:media:subscribe-pipeline] Stopping subscribe pipeline
logger.js:360 07:38:08.052 [INFO] [moqt:media:video-decoder] Closing H264 decoder
logger.js:360 07:38:08.053 [INFO] [moqt:media:subscribe-pipeline] Subscribe pipeline stopped
logger.js:357 07:38:08.053 [INFO] [moqt:session] Unsubscribing {subscriptionId: 2}
logger.js:357 07:38:08.053 [DEBUG] [moqt:core:codec] Encoding message {type: 'UNSUBSCRIBE'}
logger.js:357 07:38:08.053 [INFO] [moqt:session] Sent UNSUBSCRIBE message {requestId: 1}
logger.js:357 07:38:08.053 [DEBUG] [moqt:session:subscription-manager] Removed subscription {subscriptionId: 2}
logger.js:357 07:38:08.053 [INFO] [moqt:session] Unsubscribed {subscriptionId: 2}
logger.js:357 07:38:08.053 [INFO] [moqt:media:session] Unsubscribed {subscriptionId: 2}
logger.js:360 07:38:08.053 [INFO] [moqt:session] Closing session
logger.js:360 07:38:08.053 [INFO] [moqt:session] Session closed
logger.js:360 07:38:08.053 [INFO] [moqt:media:session] Media session closed
logger.js:357 07:38:08.053 [INFO] [moqt:transport] Closing transport {code: 0, reason: 'Normal closure'}
logger.js:357 07:38:08.053 [INFO] [moqt:transport] Transport state changed {from: 'connected', to: 'closing'}
logger.js:357 07:38:08.070 [INFO] [moqt:session:object-router] Stream read chunk {readNumber: 234, chunkSize: 1218, totalBytesReceived: 439674, done: false, firstBytes: '00 61 69 01 42 8d 01 04 82 66 b1 54 61 5e 00 00'}
logger.js:357 07:38:08.071 [INFO] [moqt:session:object-router] Stream read chunk {readNumber: 235, chunkSize: 2436, totalBytesReceived: 442110, done: false, firstBytes: 'eb 56 27 9f af 45 9d ef ab c7 75 7f ab d4 1d 57'}
logger.js:357 07:38:08.076 [INFO] [moqt:session:object-router] Stream read chunk {readNumber: 236, chunkSize: 3654, totalBytesReceived: 445764, done: false, firstBytes: '85 fa eb e4 17 55 49 da 7f 21 c2 1a ae 97 d7 c1'}
logger.js:357 07:38:08.078 [INFO] [moqt:session:object-router] Stream read chunk {readNumber: 237, chunkSize: 1248, totalBytesReceived: 447012, done: false, firstBytes: '40 a6 ef 2e 24 6a 50 b6 db 26 96 fc b2 f8 e0 80'}
logger.js:357 07:38:08.078 [DEBUG] [moqt:session:object-router] Looking up subscription by trackAlias {lookupAlias: '0', found: false, knownAliases: Array(0)}
logger.js:357 07:38:08.078 [WARN] [moqt:session:object-router] Received stream object for unknown track alias {receivedTrackAlias: '0', knownAliases: Array(0)}
consoleOutput @ logger.js:357
log @ logger.js:326
warn @ logger.js:287
handleIncomingStream @ object-router.js:241
await in handleIncomingStream
(anonymous) @ session.js:258
emit @ transport.js:497
startStreamListener @ transport.js:225
await in startStreamListener
connect @ transport.js:186
await in connect
connect @ index.ts:486
O @ ConnectionPanel.tsx:22
fh @ react-dom.production.min.js:54
mh @ react-dom.production.min.js:54
gh @ react-dom.production.min.js:55
bc @ react-dom.production.min.js:105
xc @ react-dom.production.min.js:106
(anonymous) @ react-dom.production.min.js:117
Go @ react-dom.production.min.js:273
Nl @ react-dom.production.min.js:52
Va @ react-dom.production.min.js:109
wa @ react-dom.production.min.js:74
_h @ react-dom.production.min.js:73
logger.js:357 07:38:08.088 [INFO] [moqt:transport] Transport state changed {from: 'closing', to: 'closed'}
logger.js:357 07:38:08.088 [INFO] [moqt:transport] Datagram listener stopped {state: 'closed', error: 'The session is closed.'}
logger.js:357 07:38:08.088 [DEBUG] [moqt:session:object-router] Stream closed during read (disconnect) {error: 'The session is closed.'}
logger.js:360 07:38:08.088 [INFO] [moqt:transport] Transport closed
logger.js:360 07:38:08.088 [DEBUG] [moqt:transport] Stream listener ended
:wq

